Référence,Nom,Description Technique,Système D'exploitation,Caméra,Caractéristique Caméra,Autonomie Batterie,Catégorie,Sous catégorie,Marque,Modèle,Description Marketing,RAM,Stockage,Type De Stockage,Processeur,Type D'écran,Résolution écran,Temps de réponse écran,Fréquence écran,Luminosité écran,Taille Écran,Carte Graphique,Connectivité,Connectique,Alimentation,Audio,Dimensions,Poids,Norme Environnementale,Empreinte Carbonne,Clavier,Garantie fabricant,Top Produit,Délais de livraison,Etat,Couleur,Images,Fournisseur,Reference ID,SKU ID,Plan ID,GUID,Type Licence,Apps incluses,Apps type,Prix achat,Prix location,Deleted
CFQ7TTC0LH1G:0001:P1M:M,Microsoft 365 Apps for business,,,,,,licences,licences,,,"Pour PC, Mac, iOS et Android

- Utilisez les versions pour appareils de bureau de Word, Excel, PowerPoint et Outlook.
- Stockez et partagez des fichiers avec 1 To de stockage en ligne OneDrive par utilisateur.
- Installez Microsoft 365 Apps sur un maximum de 5 appareils mobiles, 5 tablettes et 5 PC ou Mac par utilisateur.
- Obtenez de l’aide grâce au support web et téléphonique 24 h/24, 7 j/7.
- Microsoft 365 Copilot disponible en tant que module complémentaire.

Compatible avec Windows 11, Windows 10, Windows 8.1 et les trois versions les plus récentes de macOS. Toutes les langues sont prises en charge.",,,,,,,,,,,,,,,,,,,,,,,,Neuf,,https://manystacks.s3.eu-west-3.amazonaws.com/Produits/Images/Microsoft_365_logo.webp,microsoft,Microsoft365EandFNCE-isvfrnce,USCFQ7TTC0LH180001,Annual-n44,cdd28e44-67e3-425e-be4c-737fab2899d3,Mensuel,"Word,Excel,PowerPoint,Outlook,OneDrive",complete,,11.76,0
CFQ7TTC0LH1G:0001:P1Y:Y,Microsoft 365 Apps for business,,,,,,licences,licences,,,"Pour PC, Mac, iOS et Android

- Utilisez les versions pour appareils de bureau de Word, Excel, PowerPoint et Outlook.
- Stockez et partagez des fichiers avec 1 To de stockage en ligne OneDrive par utilisateur.
- Installez Microsoft 365 Apps sur un maximum de 5 appareils mobiles, 5 tablettes et 5 PC ou Mac par utilisateur.
- Obtenez de l’aide grâce au support web et téléphonique 24 h/24, 7 j/7.
- Microsoft 365 Copilot disponible en tant que module complémentaire.

Compatible avec Windows 11, Windows 10, Windows 8.1 et les trois versions les plus récentes de macOS. Toutes les langues sont prises en charge.",,,,,,,,,,,,,,,,,,,,,,,,Neuf,,https://manystacks.s3.eu-west-3.amazonaws.com/Produits/Images/Microsoft_365_logo.webp,microsoft,Microsoft365EandFNCE-isvfrnce,USCFQ7TTC0LH1G0001,Annual-n42,cdd28e44-67e3-425e-be4c-737fab2899d3,Annuel,"Word,Excel,PowerPoint,Outlook,OneDrive",complete,,117.60,0
CFQ7TTC0LH18:0001:P1M:M,Microsoft 365 Business Basic,,,,,,licences,licences,,,"Pour PC, Mac, iOS et Android

- Bénéficiez de la gestion des identités, des accès et des utilisateurs pour un maximum de 300 employés.
- Utilisez des versions web et mobile de Word, Excel, PowerPoint et Outlook uniquement.
- Obtenez un service de courrier professionnel personnalisé (nom@votreentreprise.com) grâce à Outlook.
- Planifiez des réunions avec vos clients et collaborez grâce à Teams.
- Stockez et partagez des fichiers avec 1 To de stockage en ligne OneDrive par utilisateur.
- Bénéficiez de plus de 10 applications supplémentaires pour les besoins de votre entreprise (dont Bookings, Planner et Forms).
- Obtenez de l’aide grâce au support web et téléphonique 24 h/24, 7 j/7 de Microsoft.
- Microsoft 365 Copilot disponible en tant que module complémentaire.

Faites votre choix parmi les offres avec et sans Microsoft Teams",,,,,,,,,,,,,,,,,,,,,,,,Neuf,,https://manystacks.s3.eu-west-3.amazonaws.com/Produits/Images/Microsoft_365_logo.webp,microsoft,Microsoft365EandFNCE-isvfrnce,USCFQ7TTC0LH180001,Microsoft-365-Business-Basic,3b555118-da6a-4418-894f-7df1e2096870,Mensuel,"Teams,Word,Excel,PowerPoint,Outlook,OneDrive,SharePoint,Exchange",web,,6.72,0
CFQ7TTC0LH18:0001:P1Y:Y,Microsoft 365 Business Basic,,,,,,licences,licences,,,"Pour PC, Mac, iOS et Android

- Bénéficiez de la gestion des identités, des accès et des utilisateurs pour un maximum de 300 employés.
- Utilisez des versions web et mobile de Word, Excel, PowerPoint et Outlook uniquement.
- Obtenez un service de courrier professionnel personnalisé (nom@votreentreprise.com) grâce à Outlook.
- Planifiez des réunions avec vos clients et collaborez grâce à Teams.
- Stockez et partagez des fichiers avec 1 To de stockage en ligne OneDrive par utilisateur.
- Bénéficiez de plus de 10 applications supplémentaires pour les besoins de votre entreprise (dont Bookings, Planner et Forms).
- Obtenez de l’aide grâce au support web et téléphonique 24 h/24, 7 j/7 de Microsoft.
- Microsoft 365 Copilot disponible en tant que module complémentaire.

Faites votre choix parmi les offres avec et sans Microsoft Teams",,,,,,,,,,,,,,,,,,,,,,,,Neuf,,https://manystacks.s3.eu-west-3.amazonaws.com/Produits/Images/Microsoft_365_logo.webp,microsoft,Microsoft365EandFNCE-isvfrnce,USCFQ7TTC0LH180001,Annual-n44,3b555118-da6a-4418-894f-7df1e2096870,Annuel,"Teams,Word,Excel,PowerPoint,Outlook,OneDrive,SharePoint,Exchange",web,,67.20,0
CFQ7TTC0LH18:000D:P1M:M,Microsoft 365 Business Basic EEA (no Teams),,,,,,licences,licences,,,"Pour PC, Mac, iOS et Android

- Bénéficiez de la gestion des identités, des accès et des utilisateurs pour un maximum de 300 employés.
- Utilisez des versions web et mobile de Word, Excel, PowerPoint et Outlook uniquement.
- Obtenez un service de courrier professionnel personnalisé (nom@votreentreprise.com) grâce à Outlook.
- Stockez et partagez des fichiers avec 1 To de stockage en ligne OneDrive par utilisateur.
- Bénéficiez de plus de 10 applications supplémentaires pour les besoins de votre entreprise (dont Bookings, Planner et Forms).
- Obtenez de l’aide grâce au support web et téléphonique 24 h/24, 7 j/7 de Microsoft.
- Microsoft 365 Copilot disponible en tant que module complémentaire3

Faites votre choix parmi les offres avec et sans Microsoft Teams",,,,,,,,,,,,,,,,,,,,,,,,Neuf,,https://manystacks.s3.eu-west-3.amazonaws.com/Produits/Images/Microsoft_365_logo.webp,microsoft,Microsoft365EandFNCE-isvfrnce,Microsoft-365-Business-Basic-EEA,Monthly-n69,b1f3042b-a390-4b56-ab61-b88e7e767a97,Mensuel,"Word,Excel,PowerPoint,Outlook,OneDrive,SharePoint,Exchange",web,,5.52,0
CFQ7TTC0LH18:000D:P1Y:Y,Microsoft 365 Business Basic EEA (no Teams),,,,,,licences,licences,,,"Pour PC, Mac, iOS et Android

- Bénéficiez de la gestion des identités, des accès et des utilisateurs pour un maximum de 300 employés.
- Utilisez des versions web et mobile de Word, Excel, PowerPoint et Outlook uniquement.
- Obtenez un service de courrier professionnel personnalisé (nom@votreentreprise.com) grâce à Outlook.
- Stockez et partagez des fichiers avec 1 To de stockage en ligne OneDrive par utilisateur.
- Bénéficiez de plus de 10 applications supplémentaires pour les besoins de votre entreprise (dont Bookings, Planner et Forms).
- Obtenez de l’aide grâce au support web et téléphonique 24 h/24, 7 j/7 de Microsoft.
- Microsoft 365 Copilot disponible en tant que module complémentaire3

Faites votre choix parmi les offres avec et sans Microsoft Teams",,,,,,,,,,,,,,,,,,,,,,,,Neuf,,https://manystacks.s3.eu-west-3.amazonaws.com/Produits/Images/Microsoft_365_logo.webp,microsoft,Microsoft365EandFNCE-isvfrnce,Microsoft-365-Business-Basic-EEA,Annual-n72,b1f3042b-a390-4b56-ab61-b88e7e767a97,Annuel,"Word,Excel,PowerPoint,Outlook,OneDrive,SharePoint,Exchange",web,,55.20,0
CFQ7TTC0LCHC:0002:P1M:M,Microsoft 365 Business Premium,,,,,,licences,licences,,,"Pour PC, Mac, iOS et Android

- Bénéficiez de la gestion des identités, des accès et des utilisateurs pour un maximum de 300 employés. 
- Utilisez les versions de bureau, web et mobile de Word, Excel, PowerPoint et Outlook. 
- Profitez d’un service de courrier professionnel personnalisé (nom@votreentreprise.com) grâce à Outlook. 
- Planifiez des réunions avec vos clients, organisez des webinaires et collaborez grâce à Teams. 
- Stockez et partagez des fichiers avec 1 To de stockage en ligne OneDrive par utilisateur. 
- Bénéficiez de plus de 10 applications supplémentaires pour les besoins de votre entreprise (dont Microsoft Loop, Clipchamp, Bookings, -Planificateur et Microsoft Forms).
- Défendez votre entreprise avec la protection des appareils, des cyber-menaces et des points de terminaison à l’échelle de l’entreprise.
- Obtenez de l’aide grâce au support web et téléphonique 24 h/24, 7 j/7 de Microsoft.
- Microsoft 365 Copilot  disponible en tant que module complémentaire.

Faites votre choix parmi les offres avec et sans Microsoft Teams.",,,,,,,,,,,,,,,,,,,,,,Oui,,Neuf,,https://manystacks.s3.eu-west-3.amazonaws.com/Produits/Images/Microsoft_365_logo.webp,microsoft,Microsoft365EandFNCE-isvfrnce,USCFQ7TTC0LCHC0002,Monthly-n125,cbdc14ab-d96c-4c30-b9f4-6ada7cdc1d46,Mensuel,"Teams,Word,Excel,PowerPoint,Outlook,OneDrive ,SharePoint,Exchange,Clipchamp,Microsoft Loop ,Microsoft Entra ID,Intune,Microsoft Defender,Microsoft Purview",complete,,24.72,0
CFQ7TTC0LCHC:0002:P1Y:Y,Microsoft 365 Business Premium,,,,,,licences,licences,,,"Pour PC, Mac, iOS et Android

- Bénéficiez de la gestion des identités, des accès et des utilisateurs pour un maximum de 300 employés. 
- Utilisez les versions de bureau, web et mobile de Word, Excel, PowerPoint et Outlook. 
- Profitez d’un service de courrier professionnel personnalisé (nom@votreentreprise.com) grâce à Outlook. 
- Planifiez des réunions avec vos clients, organisez des webinaires et collaborez grâce à Teams. 
- Stockez et partagez des fichiers avec 1 To de stockage en ligne OneDrive par utilisateur. 
- Bénéficiez de plus de 10 applications supplémentaires pour les besoins de votre entreprise (dont Microsoft Loop, Clipchamp, Bookings, -Planificateur et Microsoft Forms).
- Défendez votre entreprise avec la protection des appareils, des cyber-menaces et des points de terminaison à l’échelle de l’entreprise.
- Obtenez de l’aide grâce au support web et téléphonique 24 h/24, 7 j/7 de Microsoft.
- Microsoft 365 Copilot  disponible en tant que module complémentaire.

Faites votre choix parmi les offres avec et sans Microsoft Teams.",,,,,,,,,,,,,,,,,,,,,,,,Neuf,,https://manystacks.s3.eu-west-3.amazonaws.com/Produits/Images/Microsoft_365_logo.webp,microsoft,Microsoft365EandFNCE-isvfrnce,USCFQ7TTC0LCHC0002,Annual-n155,cbdc14ab-d96c-4c30-b9f4-6ada7cdc1d46,Annuel,"Teams,Word,Excel,PowerPoint,Outlook,OneDrive ,SharePoint,Exchange,Clipchamp,Microsoft Loop ,Microsoft Entra ID,Intune,Microsoft Defender,Microsoft Purview",complete,,247.20,0
CFQ7TTC0LCHC:000C:P1M:M,Microsoft 365 Business Premium EEA (no Teams),,,,,,licences,licences,,,"Pour PC, Mac, iOS et Android

- Bénéficiez de la gestion des identités, des accès et des utilisateurs pour un maximum de 300 employés. 
- Utilisez les versions de bureau, web et mobile de Word, Excel, PowerPoint et Outlook. 
- Profitez d’un service de courrier professionnel personnalisé (nom@votreentreprise.com) grâce à Outlook. 
- Stockez et partagez des fichiers avec 1 To de stockage en ligne OneDrive par utilisateur. 
- Bénéficiez de plus de 10 applications supplémentaires pour les besoins de votre entreprise (dont Microsoft Loop, Clipchamp, Bookings, -Planificateur et Microsoft Forms).
- Défendez votre entreprise avec la protection des appareils, des cyber-menaces et des points de terminaison à l’échelle de l’entreprise.
- Obtenez de l’aide grâce au support web et téléphonique 24 h/24, 7 j/7 de Microsoft.
- Microsoft 365 Copilot  disponible en tant que module complémentaire.

Faites votre choix parmi les offres avec et sans Microsoft Teams.",,,,,,,,,,,,,,,,,,,,,,,,Neuf,,https://manystacks.s3.eu-west-3.amazonaws.com/Produits/Images/Microsoft_365_logo.webp,microsoft,Microsoft365EandFNCE-isvfrnce,Microsoft-365-Business-Premium-E,Monthly-n71,a3f586b6-8cce-4d9b-99d6-55238397f77a,Mensuel,"Word,Excel,PowerPoint,Outlook,OneDrive ,SharePoint,Exchange,Clipchamp,Microsoft Loop ,Microsoft Entra ID,Intune,Microsoft Defender,Microsoft Purview",complete,,22.32,0
CFQ7TTC0LCHC:000C:P1Y:Y,Microsoft 365 Business Premium EEA (no Teams),,,,,,licences,licences,,,"Pour PC, Mac, iOS et Android

- Bénéficiez de la gestion des identités, des accès et des utilisateurs pour un maximum de 300 employés. 
- Utilisez les versions de bureau, web et mobile de Word, Excel, PowerPoint et Outlook. 
- Profitez d’un service de courrier professionnel personnalisé (nom@votreentreprise.com) grâce à Outlook. 
- Stockez et partagez des fichiers avec 1 To de stockage en ligne OneDrive par utilisateur. 
- Bénéficiez de plus de 10 applications supplémentaires pour les besoins de votre entreprise (dont Microsoft Loop, Clipchamp, Bookings, -Planificateur et Microsoft Forms).
- Défendez votre entreprise avec la protection des appareils, des cyber-menaces et des points de terminaison à l’échelle de l’entreprise.
- Obtenez de l’aide grâce au support web et téléphonique 24 h/24, 7 j/7 de Microsoft.
- Microsoft 365 Copilot  disponible en tant que module complémentaire.

Faites votre choix parmi les offres avec et sans Microsoft Teams.",,,,,,,,,,,,,,,,,,,,,,,,Neuf,,https://manystacks.s3.eu-west-3.amazonaws.com/Produits/Images/Microsoft_365_logo.webp,microsoft,Microsoft365EandFNCE-isvfrnce,Microsoft-365-Business-Premium-E,Annual-n74,a3f586b6-8cce-4d9b-99d6-55238397f77a,Annuel,"Word,Excel,PowerPoint,Outlook,OneDrive ,SharePoint,Exchange,Clipchamp,Microsoft Loop ,Microsoft Entra ID,Intune,Microsoft Defender,Microsoft Purview",complete,,223.20,0
CFQ7TTC0LDPB:0001:P1M:M,Microsoft 365 Business Standard,,,,,,licences,licences,,,"Pour PC, Mac, iOS et Android

- Bénéficiez de la gestion des identités, des accès et des utilisateurs pour un maximum de 300 employés.
- Utilisez les versions de bureau, web et mobile de Word, Excel, PowerPoint et Outlook uniquement.
- Obtenez un service de courrier professionnel personnalisé (nom@votreentreprise.com) grâce à Outlook.
- Planifiez des réunions avec vos clients, organisez des webinaires et collaborez grâce à Teams.
- Stockez et partagez des fichiers avec 1 To de stockage en ligne OneDrive par utilisateur.
- Bénéficiez de plus de 10 applications supplémentaires pour les besoins de votre entreprise (dont Microsoft Loop, Clipchamp, Bookings, Planificateur et Microsoft Forms).
- Obtenez de l’aide grâce au support web et téléphonique 24 h/24, 7 j/7 de Microsoft.
- Microsoft 365 Copilot, disponible en tant que module complémentaire.

Faites votre choix parmi les offres avec et sans Microsoft Teams.",,,,,,,,,,,,,,,,,,,,,,,,Neuf,,https://manystacks.s3.eu-west-3.amazonaws.com/Produits/Images/Microsoft_365_logo.webp,microsoft,Microsoft365EandFNCE-isvfrnce,USCFQ7TTC0LDPB0001,Monthly-n18,f245ecc8-75af-4f8e-b61f-27d8114de5f3,Mensuel,"Teams,Word,Excel,PowerPoint,Outlook,OneDrive,SharePoint,Exchange,Clipchamp,Microsoft Loop ",complete,,14.04,0
CFQ7TTC0LDPB:0001:P1Y:Y,Microsoft 365 Business Standard,,,,,,licences,licences,,,"Pour PC, Mac, iOS et Android

- Bénéficiez de la gestion des identités, des accès et des utilisateurs pour un maximum de 300 employés.
- Utilisez les versions de bureau, web et mobile de Word, Excel, PowerPoint et Outlook uniquement.
- Obtenez un service de courrier professionnel personnalisé (nom@votreentreprise.com) grâce à Outlook.
- Planifiez des réunions avec vos clients, organisez des webinaires et collaborez grâce à Teams.
- Stockez et partagez des fichiers avec 1 To de stockage en ligne OneDrive par utilisateur.
- Bénéficiez de plus de 10 applications supplémentaires pour les besoins de votre entreprise (dont Microsoft Loop, Clipchamp, Bookings, Planificateur et Microsoft Forms).
- Obtenez de l’aide grâce au support web et téléphonique 24 h/24, 7 j/7 de Microsoft.
- Microsoft 365 Copilot, disponible en tant que module complémentaire.

Faites votre choix parmi les offres avec et sans Microsoft Teams.",,,,,,,,,,,,,,,,,,,,,,,,Neuf,,https://manystacks.s3.eu-west-3.amazonaws.com/Produits/Images/Microsoft_365_logo.webp,microsoft,Microsoft365EandFNCE-isvfrnce,USCFQ7TTC0LDPB0001,Annual-n104,f245ecc8-75af-4f8e-b61f-27d8114de5f3,Annuel,"Teams,Word,Excel,PowerPoint,Outlook,OneDrive,SharePoint,Exchange,Clipchamp,Microsoft Loop ",complete,,140.40,0
CFQ7TTC0LDPB:000F:P1M:M,Microsoft 365 Business Standard EEA (no Teams),,,,,,licences,licences,,,"Pour PC, Mac, iOS et Android

- Bénéficiez de la gestion des identités, des accès et des utilisateurs pour un maximum de 300 employés.
- Utilisez les versions de bureau, web et mobile de Word, Excel, PowerPoint et Outlook uniquement.
- Obtenez un service de courrier professionnel personnalisé (nom@votreentreprise.com) grâce à Outlook.
- Stockez et partagez des fichiers avec 1 To de stockage en ligne OneDrive par utilisateur.
- Bénéficiez de plus de 10 applications supplémentaires pour les besoins de votre entreprise (dont Microsoft Loop, Clipchamp, Bookings, Planificateur et Microsoft Forms).
- Obtenez de l’aide grâce au support web et téléphonique 24 h/24, 7 j/7 de Microsoft.
- Microsoft 365 Copilot, disponible en tant que module complémentaire.

Faites votre choix parmi les offres avec et sans Microsoft Teams.",,,,,,,,,,,,,,,,,,,,,,,,Neuf,,https://manystacks.s3.eu-west-3.amazonaws.com/Produits/Images/Microsoft_365_logo.webp,microsoft,Microsoft365EandFNCE-isvfrnce,Microsoft-365-Business-Standa-n0,Monthly-n72,c1f79c29-5d7a-4bec-a2c1-1a76774864c0,Mensuel,"Word,Excel,PowerPoint,Outlook,OneDrive,SharePoint,Exchange,Clipchamp,Microsoft Loop ",complete,,11.64,0
CFQ7TTC0LDPB:000F:P1Y:Y,Microsoft 365 Business Standard EEA (no Teams),,,,,,licences,licences,,,"Pour PC, Mac, iOS et Android

- Bénéficiez de la gestion des identités, des accès et des utilisateurs pour un maximum de 300 employés.
- Utilisez les versions de bureau, web et mobile de Word, Excel, PowerPoint et Outlook uniquement.
- Obtenez un service de courrier professionnel personnalisé (nom@votreentreprise.com) grâce à Outlook.
- Stockez et partagez des fichiers avec 1 To de stockage en ligne OneDrive par utilisateur.
- Bénéficiez de plus de 10 applications supplémentaires pour les besoins de votre entreprise (dont Microsoft Loop, Clipchamp, Bookings, Planificateur et Microsoft Forms).
- Obtenez de l’aide grâce au support web et téléphonique 24 h/24, 7 j/7 de Microsoft.
- Microsoft 365 Copilot, disponible en tant que module complémentaire.

Faites votre choix parmi les offres avec et sans Microsoft Teams.",,,,,,,,,,,,,,,,,,,,,,,,Neuf,,https://manystacks.s3.eu-west-3.amazonaws.com/Produits/Images/Microsoft_365_logo.webp,microsoft,Microsoft365EandFNCE-isvfrnce,Microsoft-365-Business-Standa-n0,Annual-n75,c1f79c29-5d7a-4bec-a2c1-1a76774864c0,Annuel,"Word,Excel,PowerPoint,Outlook,OneDrive,SharePoint,Exchange,Clipchamp,Microsoft Loop ",complete,,116.40,0
CFQ7TTC0LFLX:0010:P1M:M,Microsoft 365 E3 EEA (no Teams),,,,,,licences,licences,,,"Microsoft 365 E3 combine les meilleures applications de productivité d’entreprise à des fonctionnalités clés en matière de sécurité et de conformité.

- Améliorez la productivité et favorisez la collaboration grâce aux expériences connectées.
- Transformez la gestion de votre activité et améliorez les relations avec les clients grâce aux flux de travail intégrés.
- Protégez proactivement vos employés, vos données et vos informations clients grâce à une sécurité intelligente.

Microsoft Teams sous licence séparée.",,,,,,,,,,,,,,,,,,,,,,,,Neuf,,https://manystacks.s3.eu-west-3.amazonaws.com/Produits/Images/Microsoft_365_logo.webp,microsoft,Microsoft365EandFNCE-isvfrnce,Microsoft-365-E3-EEA-no-Teams,Monthly-n64,c2fe850d-fbbb-4858-b67d-bd0c6e746da3,Mensuel,"Word,Excel,PowerPoint,Windows,Outlook,Exchange,SharePoint,OneNote,OneDrive,Microsoft Stream,Microsoft Bookings,Microsoft Publisher (pour PC),Microsoft Access (pour PC),Viva Engage,Viva Insights,Listes Microsoft,Microsoft Forms,Sway,Visio,Power Apps,Power Automate,Planificateur Microsoft,Microsoft To Do,Microsoft Loop,Clipchamp,Intune",complete,,42.84,0
CFQ7TTC0LFLX:0010:P1Y:Y,Microsoft 365 E3 EEA (no Teams),,,,,,licences,licences,,,"Microsoft 365 E3 combine les meilleures applications de productivité d’entreprise à des fonctionnalités clés en matière de sécurité et de conformité.

- Améliorez la productivité et favorisez la collaboration grâce aux expériences connectées.
- Transformez la gestion de votre activité et améliorez les relations avec les clients grâce aux flux de travail intégrés.
- Protégez proactivement vos employés, vos données et vos informations clients grâce à une sécurité intelligente.

Microsoft Teams sous licence séparée.",,,,,,,,,,,,,,,,,,,,,,,,Neuf,,https://manystacks.s3.eu-west-3.amazonaws.com/Produits/Images/Microsoft_365_logo.webp,microsoft,Microsoft365EandFNCE-isvfrnce,Microsoft-365-E3-EEA-no-Teams,Annual-n67,c2fe850d-fbbb-4858-b67d-bd0c6e746da3,Annuel,"Word,Excel,PowerPoint,Windows,Outlook,Exchange,SharePoint,OneNote,OneDrive,Microsoft Stream,Microsoft Bookings,Microsoft Publisher (pour PC),Microsoft Access (pour PC),Viva Engage,Viva Insights,Listes Microsoft,Microsoft Forms,Sway,Visio,Power Apps,Power Automate,Planificateur Microsoft,Microsoft To Do,Microsoft Loop,Clipchamp,Intune",complete,,428.40,0
CFQ7TTC0LFLZ:000Z:P1M:M,Microsoft 365 E5 EEA (no Teams),,,,,,licences,licences,,,"Microsoft 365 E5 associe les meilleures applications de productivité à des fonctionnalités avancées de sécurité, de conformité et d’analyse.

- Étendez la protection des identités et la protection contre les menaces avec une sécurité intégrée et automatisée qui facilite l’arrêt des cyberattaques préjudiciables.
- Associez la protection des données et des fonctionnalités avancées de conformité pour protéger et régir les données tout en réduisant les risques.
- Bénéficiez des fonctionnalités Power BI qui vous aident à tirer une valeur commerciale significative de vos données.

Microsoft Teams sous licence séparée.",,,,,,,,,,,,,,,,,,,,,,,,Neuf,,https://manystacks.s3.eu-west-3.amazonaws.com/Produits/Images/Microsoft_365_logo.webp,microsoft,Microsoft365EandFNCE-isvfrnce,Microsoft-365-E5-EEA-no-Teams,Monthly-n66,3271cf8e-2be5-4a09-a549-70fd05baaa17,Mensuel,"Word,Excel,PowerPoint,Windows,Outlook,Exchange,SharePoint,OneNote,OneDrive,Microsoft Stream,Microsoft Bookings,Microsoft Publisher (pour PC),Microsoft Access (pour PC),Viva Engage,Viva Insights,Listes Microsoft,Microsoft Forms,Sway,Visio,Power Apps,Power Automate,Planificateur Microsoft,Microsoft To Do,Microsoft Loop,Clipchamp,Power BI Pro,Intune",complete,,69.24,0
CFQ7TTC0LFLZ:000Z:P1Y:Y,Microsoft 365 E5 EEA (no Teams),,,,,,licences,licences,,,"Microsoft 365 E5 associe les meilleures applications de productivité à des fonctionnalités avancées de sécurité, de conformité et d’analyse.

- Étendez la protection des identités et la protection contre les menaces avec une sécurité intégrée et automatisée qui facilite l’arrêt des cyberattaques préjudiciables.
- Associez la protection des données et des fonctionnalités avancées de conformité pour protéger et régir les données tout en réduisant les risques.
- Bénéficiez des fonctionnalités Power BI qui vous aident à tirer une valeur commerciale significative de vos données.

Microsoft Teams sous licence séparée.",,,,,,,,,,,,,,,,,,,,,,,,Neuf,,https://manystacks.s3.eu-west-3.amazonaws.com/Produits/Images/Microsoft_365_logo.webp,microsoft,Microsoft365EandFNCE-isvfrnce,Microsoft-365-E5-EEA-no-Teams,Annual-n69,3271cf8e-2be5-4a09-a549-70fd05baaa17,Annuel,"Word,Excel,PowerPoint,Windows,Outlook,Exchange,SharePoint,OneNote,OneDrive,Microsoft Stream,Microsoft Bookings,Microsoft Publisher (pour PC),Microsoft Access (pour PC),Viva Engage,Viva Insights,Listes Microsoft,Microsoft Forms,Sway,Visio,Power Apps,Power Automate,Planificateur Microsoft,Microsoft To Do,Microsoft Loop,Clipchamp,Power BI Pro,Intune",complete,,692.40,0
CFQ7TTC0LF8Q:0012:P1M:M,Office 365 E1 EEA (no Teams),,,,,,licences,licences,,,"Office 365 E1 inclut des applications web de niveau entreprise comme Excel et Outlook intégrées à des services cloud comme OneDrive afin d’assurer une productivité n’importe où.

- Applications web Microsoft 365 et services professionnels les plus récents. Les logiciels de bureau Microsoft 365 ne sont pas inclus. 
- Messagerie, stockage et partage de fichiers. 
- Cinq couches de sécurité et surveillance pour assurer la protection de vos données. 
- Disponibilité de 99,9 % adossée à une garantie financière.

Microsoft Teams sous licence séparée.",,,,,,,,,,,,,,,,,,,,,,,,Neuf,,https://manystacks.s3.eu-west-3.amazonaws.com/Produits/Images/Microsoft_365_logo.webp,microsoft,OFFICE365NCE-isvfrnce,USCFQ7TTC0LF8Q0012,Monthly-n13,b57282e3-65bd-4252-9502-c0eae1e5ab7f,Mensuel,"OneDrive,Exchange,SharePoint,Viva Engage,Viva Insights,Microsoft Bookings,Delve,Microsoft Stream,Sway,Microsoft Forms,Power Apps,Power Automate,Planificateur Microsoft,Microsoft To Do",complete,,8.88,0
CFQ7TTC0LF8Q:0012:P1Y:Y,Office 365 E1 EEA (no Teams),,,,,,licences,licences,,,"Office 365 E1 inclut des applications web de niveau entreprise comme Excel et Outlook intégrées à des services cloud comme OneDrive afin d’assurer une productivité n’importe où.

- Applications web Microsoft 365 et services professionnels les plus récents. Les logiciels de bureau Microsoft 365 ne sont pas inclus. 
- Messagerie, stockage et partage de fichiers. 
- Cinq couches de sécurité et surveillance pour assurer la protection de vos données. 
- Disponibilité de 99,9 % adossée à une garantie financière.

Microsoft Teams sous licence séparée.",,,,,,,,,,,,,,,,,,,,,,,,Neuf,,https://manystacks.s3.eu-west-3.amazonaws.com/Produits/Images/Microsoft_365_logo.webp,microsoft,OFFICE365NCE-isvfrnce,USCFQ7TTC0LF8Q0012,Annual-n10,b57282e3-65bd-4252-9502-c0eae1e5ab7f,Annuel,"OneDrive,Exchange,SharePoint,Viva Engage,Viva Insights,Microsoft Bookings,Delve,Microsoft Stream,Sway,Microsoft Forms,Power Apps,Power Automate,Planificateur Microsoft,Microsoft To Do",complete,,88.80,0
CFQ7TTC0LF8R:0012:P1M:M,Office 365 E3 EEA (no Teams),,,,,,licences,licences,,,"Microsoft 365 E3 combine les meilleures applications de productivité d’entreprise à des fonctionnalités clés en matière de sécurité et de conformité.

- Améliorez la productivité et favorisez la collaboration grâce aux expériences connectées.
- Transformez la gestion de votre activité et améliorez les relations avec les clients grâce aux flux de travail intégrés.
- Protégez proactivement vos employés, vos données et vos informations clients grâce à une sécurité intelligente.

Microsoft Teams sous licence séparée",,,,,,,,,,,,,,,,,,,,,,,,Neuf,,https://manystacks.s3.eu-west-3.amazonaws.com/Produits/Images/Microsoft_365_logo.webp,microsoft,OFFICE365NCE-isvfrnce,USCFQ7TTC0LF8R0012,Monthly-n14,d711d25a-a21c-492f-bd19-aae1e8ebaf30,Mensuel,"Word,Excel,PowerPoint,Outlook,OneDrive,Microsoft Access (pour PC),Microsoft Publisher (pour PC),Exchange,SharePoint,Viva Engage,Viva Insights,Microsoft Bookings,OneNote,Delve,Microsoft Stream,Sway,Microsoft Forms,Power Apps,Power Automate,Planificateur Microsoft,Microsoft To Do",complete,,27.72,0
CFQ7TTC0LF8R:0012:P1Y:Y,Office 365 E3 EEA (no Teams),,,,,,licences,licences,,,"Microsoft 365 E3 combine les meilleures applications de productivité d’entreprise à des fonctionnalités clés en matière de sécurité et de conformité.

- Améliorez la productivité et favorisez la collaboration grâce aux expériences connectées.
- Transformez la gestion de votre activité et améliorez les relations avec les clients grâce aux flux de travail intégrés.
- Protégez proactivement vos employés, vos données et vos informations clients grâce à une sécurité intelligente.

Microsoft Teams sous licence séparée",,,,,,,,,,,,,,,,,,,,,,,,Neuf,,https://manystacks.s3.eu-west-3.amazonaws.com/Produits/Images/Microsoft_365_logo.webp,microsoft,OFFICE365NCE-isvfrnce,USCFQ7TTC0LF8R0012,Annual-n11,d711d25a-a21c-492f-bd19-aae1e8ebaf30,Annuel,"Word,Excel,PowerPoint,Outlook,OneDrive,Microsoft Access (pour PC),Microsoft Publisher (pour PC),Exchange,SharePoint,Viva Engage,Viva Insights,Microsoft Bookings,OneNote,Delve,Microsoft Stream,Sway,Microsoft Forms,Power Apps,Power Automate,Planificateur Microsoft,Microsoft To Do",complete,,277.20,0
CFQ7TTC0LF8S:000X:P1M:M,Office 365 E5 EEA (no Teams),,,,,,licences,licences,,,"Microsoft 365 E5 associe les meilleures applications de productivité à des fonctionnalités avancées de sécurité, de conformité et d’analyse.

- Étendez la protection des identités et la protection contre les menaces avec une sécurité intégrée et automatisée qui facilite l’arrêt des cyberattaques préjudiciables.
- Associez la protection des données et des fonctionnalités avancées de conformité pour protéger et régir les données tout en réduisant les risques.
- Bénéficiez des fonctionnalités Power BI qui vous aident à tirer une valeur commerciale significative de vos données.

Microsoft Teams sous licence séparée",,,,,,,,,,,,,,,,,,,,,,,,Neuf,,https://manystacks.s3.eu-west-3.amazonaws.com/Produits/Images/Microsoft_365_logo.webp,microsoft,OFFICE365NCE-isvfrnce,USCFQ7TTC0LF8S000X,Monthly-n15,cf50bae9-29e8-4775-b07c-56ee10e3776d,Mensuel,"Word,Excel,PowerPoint,Outlook,OneDrive,Microsoft Access (pour PC),Microsoft Publisher (pour PC),Exchange,SharePoint,Viva Engage,Viva Insights,Microsoft Bookings,OneNote,Delve,Microsoft Stream,Sway,Microsoft Forms,Power Apps,Power Automate,Planificateur Microsoft,Microsoft To Do,Power BI Pro",complete,,47.40,0
CFQ7TTC0LF8S:000X:P1Y:Y,Office 365 E5 EEA (no Teams),,,,,,licences,licences,,,"Microsoft 365 E5 associe les meilleures applications de productivité à des fonctionnalités avancées de sécurité, de conformité et d’analyse.

- Étendez la protection des identités et la protection contre les menaces avec une sécurité intégrée et automatisée qui facilite l’arrêt des cyberattaques préjudiciables.
- Associez la protection des données et des fonctionnalités avancées de conformité pour protéger et régir les données tout en réduisant les risques.
- Bénéficiez des fonctionnalités Power BI qui vous aident à tirer une valeur commerciale significative de vos données.

Microsoft Teams sous licence séparée",,,,,,,,,,,,,,,,,,,,,,,,Neuf,,https://manystacks.s3.eu-west-3.amazonaws.com/Produits/Images/Microsoft_365_logo.webp,microsoft,OFFICE365NCE-isvfrnce,USCFQ7TTC0LF8S000X,Annual-n12,cf50bae9-29e8-4775-b07c-56ee10e3776d,Annuel,"Word,Excel,PowerPoint,Outlook,OneDrive,Microsoft Access (pour PC),Microsoft Publisher (pour PC),Exchange,SharePoint,Viva Engage,Viva Insights,Microsoft Bookings,OneNote,Delve,Microsoft Stream,Sway,Microsoft Forms,Power Apps,Power Automate,Planificateur Microsoft,Microsoft To Do,Power BI Pro",complete,,474.00,0
CFQ7TTC0LFLS:0002:P1M:M,Microsoft Entra ID P1,,,,,,licences,licences,,,"En plus des fonctionnalités Free, la licence P1 offre à vos utilisateurs hybrides l’accès aux ressources locales et cloud. Elle prend également en charge des fonctionnalités d’administration avancées, notamment les groupes à appartenance dynamique, la gestion de groupes en libre-service, Microsoft Identity Manager, et la réécriture dans le cloud pour faire bénéficier à vos utilisateurs locaux de la réinitialisation de mot de passe en libre-service.",,,,,,,,,,,,,,,,,,,,,,,,Neuf,,https://manystacks.s3.eu-west-3.amazonaws.com/Produits/Images/Microsoft-Azure-logo.png,microsoft,AzureActiveDirectory-isvfrnce,USCFQ7TTC0LFLS0002,Monthly-Plan-n1,078d2b04-f1bd-4111-bbd4-b4b1b354cef4,Mensuel,"Microsoft 365 E3 EEA (no Teams),Microsoft 365 Business Premium,Microsoft 365 Business Premium EEA (no Teams)",inclu,,6.72,0
CFQ7TTC0LFLS:0002:P1Y:Y,Microsoft Entra ID P1,,,,,,licences,licences,,,"En plus des fonctionnalités Free, la licence P1 offre à vos utilisateurs hybrides l’accès aux ressources locales et cloud. Elle prend également en charge des fonctionnalités d’administration avancées, notamment les groupes à appartenance dynamique, la gestion de groupes en libre-service, Microsoft Identity Manager, et la réécriture dans le cloud pour faire bénéficier à vos utilisateurs locaux de la réinitialisation de mot de passe en libre-service.",,,,,,,,,,,,,,,,,,,,,,,,Neuf,,https://manystacks.s3.eu-west-3.amazonaws.com/Produits/Images/Microsoft-Azure-logo.png,microsoft,AzureActiveDirectory-isvfrnce,USCFQ7TTC0LFLS0002,Annual-Plan-n1,078d2b04-f1bd-4111-bbd4-b4b1b354cef4,Annuel,"Microsoft 365 E3 EEA (no Teams),Microsoft 365 Business Premium,Microsoft 365 Business Premium EEA (no Teams)",inclu,,67.20,0
CFQ7TTC0LFK5:0001:P1M:M,Microsoft Entra ID P2,,,,,,licences,licences,,,"En plus des fonctionnalités Free et P1, la licence P2 offre Microsoft Entra ID Protection pour fournir un accès conditionnel en fonction des risques à vos applications et aux données critiques de l’entreprise. Elle propose également Privileged Identity Management pour faciliter la découverte, la restriction et la supervision des administrateurs et leur accès aux ressources et, au besoin, fournir un accès juste-à-temps.",,,,,,,,,,,,,,,,,,,,,,,,Neuf,,https://manystacks.s3.eu-west-3.amazonaws.com/Produits/Images/Microsoft-Azure-logo.png,microsoft,AzureActiveDirectory-isvfrnce,USCFQ7TTC0LFK50001,Monthly-Plan-n7,84a661c4-e949-4bd2-a560-ed7766fcaf2b,Mensuel,Microsoft 365 E5 EEA (no Teams),inclu,,10.08,0
CFQ7TTC0LFK5:0001:P1Y:Y,Microsoft Entra ID P2,,,,,,licences,licences,,,"En plus des fonctionnalités Free et P1, la licence P2 offre Microsoft Entra ID Protection pour fournir un accès conditionnel en fonction des risques à vos applications et aux données critiques de l’entreprise. Elle propose également Privileged Identity Management pour faciliter la découverte, la restriction et la supervision des administrateurs et leur accès aux ressources et, au besoin, fournir un accès juste-à-temps.",,,,,,,,,,,,,,,,,,,,,,,,Neuf,,https://manystacks.s3.eu-west-3.amazonaws.com/Produits/Images/Microsoft-Azure-logo.png,microsoft,AzureActiveDirectory-isvfrnce,USCFQ7TTC0LFK50001,Annual-Plan-n7,84a661c4-e949-4bd2-a560-ed7766fcaf2b,Annuel,"Microsoft 365 E3 EEA (no Teams),Microsoft 365 E5 EEA (no Teams),Microsoft 365 Business Premium,Microsoft 365 Business Premium EEA (no Teams)",inclu,,100.80,0
CFQ7TTC0LCH4:0009:P1M:M,Microsoft Intune Plan 1,,,,,,licences,licences,,,"Le point de départ idéal pour une gestion unifiée de vos postes de travail, ordinateurs portables, tablettes et smartphones. Avec Intune Plan 1, vous bénéficiez :

- Gestion des appareils mobiles (MDM) et des applications mobiles (MAM) : Déployez, configurez et sécurisez vos appareils et applications, quel que soit leur OS, depuis une console unique.
- Conformité et accès conditionnel : Mettez en place des politiques de conformité pour garantir la sécurité, limiter les accès non autorisés et préserver l’intégrité de vos données.
- Expérience utilisateur optimisée : Offrez aux employés une connexion fluide, des mises à jour automatisées et un accès aux ressources de l’entreprise où qu’ils se trouvent.",,,,,,,,,,,,,,,,,,,,,,,,Neuf,,https://manystacks.s3.eu-west-3.amazonaws.com/Produits/Images/Microsoft-Azure-logo.png,microsoft,Microsoft365EandFNCE-isvfrnce,USCFQ7TTC0LCH40009,Monthly-n5,061f9ace-7d42-4136-88ac-31dc755f143f,Mensuel,"Microsoft 365 E3 EEA (no Teams),Microsoft 365 E5 EEA (no Teams),Microsoft 365 Business Premium,Microsoft 365 Business Premium EEA (no Teams)",inclu,,9.00,0
CFQ7TTC0LCH4:0009:P1Y:Y,Microsoft Intune Plan 1,,,,,,licences,licences,,,"Le point de départ idéal pour une gestion unifiée de vos postes de travail, ordinateurs portables, tablettes et smartphones. Avec Intune Plan 1, vous bénéficiez :

- Gestion des appareils mobiles (MDM) et des applications mobiles (MAM) : Déployez, configurez et sécurisez vos appareils et applications, quel que soit leur OS, depuis une console unique.
- Conformité et accès conditionnel : Mettez en place des politiques de conformité pour garantir la sécurité, limiter les accès non autorisés et préserver l’intégrité de vos données.
- Expérience utilisateur optimisée : Offrez aux employés une connexion fluide, des mises à jour automatisées et un accès aux ressources de l’entreprise où qu’ils se trouvent.",,,,,,,,,,,,,,,,,,,,,,,,Neuf,,https://manystacks.s3.eu-west-3.amazonaws.com/Produits/Images/Microsoft-Azure-logo.png,microsoft,Microsoft365EandFNCE-isvfrnce,USCFQ7TTC0LCH40009,Annual-n1,061f9ace-7d42-4136-88ac-31dc755f143f,Annuel,"Microsoft 365 E3 EEA (no Teams),Microsoft 365 E5 EEA (no Teams),Microsoft 365 Business Premium,Microsoft 365 Business Premium EEA (no Teams)",inclu,,90.00,0
CFQ7TTC0LCH4:0004:P1M:M,Microsoft Intune Plan 1 Device,,,,,,licences,licences,,,"Gérez vos appareils de façon simple, sécurisée et centralisée grâce à une licence par appareil. Cette offre est idéale pour les postes partagés (bornes, kiosques, terminaux spécialisés) et inclut :

- Gestion unifiée des appareils : Configuration, déploiement et administration depuis une console unique.
- Sécurité et conformité intégrées : Règles de conformité et accès conditionnels pour protéger vos données.
- Expérience utilisateur maîtrisée : Paramétrages standardisés, mises à jour centralisées et simplicité d’utilisation.",,,,,,,,,,,,,,,,,,,,,,,,Neuf,,https://manystacks.s3.eu-west-3.amazonaws.com/Produits/Images/Microsoft-Azure-logo.png,microsoft,Microsoft365EandFNCE-isvfrnce,USCFQ7TTC0LCH40004,Monthly-n4,2b317a4a-77a6-4188-9437-b68a77b4e2c6,Mensuel,"Microsoft 365 E3 EEA (no Teams),Microsoft 365 E5 EEA (no Teams),Microsoft 365 Business Premium,Microsoft 365 Business Premium EEA (no Teams)",inclu,,3.00,0
CFQ7TTC0LCH4:0004:P1Y:Y,Microsoft Intune Plan 1 Device,,,,,,licences,licences,,,"Gérez vos appareils de façon simple, sécurisée et centralisée grâce à une licence par appareil. Cette offre est idéale pour les postes partagés (bornes, kiosques, terminaux spécialisés) et inclut :

- Gestion unifiée des appareils : Configuration, déploiement et administration depuis une console unique.
- Sécurité et conformité intégrées : Règles de conformité et accès conditionnels pour protéger vos données.
- Expérience utilisateur maîtrisée : Paramétrages standardisés, mises à jour centralisées et simplicité d’utilisation.",,,,,,,,,,,,,,,,,,,,,,,,Neuf,,https://manystacks.s3.eu-west-3.amazonaws.com/Produits/Images/Microsoft-Azure-logo.png,microsoft,Microsoft365EandFNCE-isvfrnce,USCFQ7TTC0LCH40004,Annual-n3,2b317a4a-77a6-4188-9437-b68a77b4e2c6,Annuel,"Microsoft 365 E3 EEA (no Teams),Microsoft 365 E5 EEA (no Teams),Microsoft 365 Business Premium,Microsoft 365 Business Premium EEA (no Teams)",inclu,,30.00,0
CFQ7TTC0RP76:0002:P1M:M,Microsoft Intune Plan 2,,,,,,licences,licences,,,"Idéal pour les organisations cherchant à aller plus loin dans l’analyse, la sécurité et l’automatisation. En plus de toutes les fonctionnalités de Plan 1, Plan 2 inclut :

- Analyses avancées et insights exploitables : Suivez l’état de vos endpoints grâce à des rapports détaillés, identifiez les tendances, optimisez les performances et anticipez les incidents.
- Sécurité et protection renforcées : Intégration plus poussée avec Microsoft Defender, politiques de sécurité élargies et outils de remédiation rapides pour contrer les menaces modernes.
- Approche Zero Trust perfectionnée : Mettez en place des contrôles granuleux pour un accès minimal, adaptatif et dynamique, répondant ainsi aux exigences de conformité les plus strictes.",,,,,,,,,,,,,,,,,,,,,,,,Neuf,,https://manystacks.s3.eu-west-3.amazonaws.com/Produits/Images/Microsoft-Azure-logo.png,microsoft,Microsoft365EandFNCE-isvfrnce,USCFQ7TTC0RP760002,Monthly-n54,d11b2748-18b5-43b7-8f43-c9f4cc3854af,Mensuel,Module complémentaire à Microsoft Intune Plan 1 qui offre des fonctionnalités avancées de gestion des points de terminaison. Intune Plan 2 est inclus dans Microsoft Intune Suite.,addon,,4.44,0
CFQ7TTC0RP76:0002:P1Y:Y,Microsoft Intune Plan 2,,,,,,licences,licences,,,"Idéal pour les organisations cherchant à aller plus loin dans l’analyse, la sécurité et l’automatisation. En plus de toutes les fonctionnalités de Plan 1, Plan 2 inclut :

- Analyses avancées et insights exploitables : Suivez l’état de vos endpoints grâce à des rapports détaillés, identifiez les tendances, optimisez les performances et anticipez les incidents.
- Sécurité et protection renforcées : Intégration plus poussée avec Microsoft Defender, politiques de sécurité élargies et outils de remédiation rapides pour contrer les menaces modernes.
- Approche Zero Trust perfectionnée : Mettez en place des contrôles granuleux pour un accès minimal, adaptatif et dynamique, répondant ainsi aux exigences de conformité les plus strictes.",,,,,,,,,,,,,,,,,,,,,,,,Neuf,,https://manystacks.s3.eu-west-3.amazonaws.com/Produits/Images/Microsoft-Azure-logo.png,microsoft,Microsoft365EandFNCE-isvfrnce,USCFQ7TTC0RP760002,Annual-n53,d11b2748-18b5-43b7-8f43-c9f4cc3854af,Annuel,Module complémentaire à Microsoft Intune Plan 1 qui offre des fonctionnalités avancées de gestion des points de terminaison. Intune Plan 2 est inclus dans Microsoft Intune Suite.,addon,,44.40,0
CFQ7TTC0RZFJ:0001:P1M:M,Microsoft Intune Suite,,,,,,licences,licences,,,"La suite Intune regroupe l’ensemble des fonctionnalités des Plans 1 et 2, tout en y ajoutant des services premium et des innovations continues. Véritable solution « tout-en-un », la Suite Intune comprend :

- Gestion unifiée de haut niveau : Regroupez l’ensemble de vos besoins en gestion d’appareils, d’applications, de conformité et de sécurité sous une seule bannière.
- Fonctionnalités avancées et modules complémentaires : Profitez de fonctionnalités exclusives telles que la gestion privilégiée des endpoints (EPM), la prise en main à distance (Remote Help) et des outils de protection applicative et data-centric encore plus poussés.
- Évolutivité et innovation continue : Bénéficiez de mises à jour régulières, de nouvelles fonctionnalités d’IA, de scénarios d’automatisation avancés et d’un support étendu, pour que vos solutions restent toujours à la pointe.",,,,,,,,,,,,,,,,,,,,,,,,Neuf,,https://manystacks.s3.eu-west-3.amazonaws.com/Produits/Images/Microsoft-Azure-logo.png,microsoft,Microsoft365EandFNCE-isvfrnce,USCFQ7TTC0RZFJ0001,Monthly-n55,a929cd4d-8672-47c9-8664-159c1f322ba8,Mensuel,Module complémentaire à Microsoft Intune Plan 1 qui unifie les solutions de sécurité et de gestion des points de terminaison avancées stratégiques.,addon,,11.28,0
CFQ7TTC0RZFJ:0001:P1Y:Y,Microsoft Intune Suite,,,,,,licences,licences,,,"La suite Intune regroupe l’ensemble des fonctionnalités des Plans 1 et 2, tout en y ajoutant des services premium et des innovations continues. Véritable solution « tout-en-un », la Suite Intune comprend :

- Gestion unifiée de haut niveau : Regroupez l’ensemble de vos besoins en gestion d’appareils, d’applications, de conformité et de sécurité sous une seule bannière.
- Fonctionnalités avancées et modules complémentaires : Profitez de fonctionnalités exclusives telles que la gestion privilégiée des endpoints (EPM), la prise en main à distance (Remote Help) et des outils de protection applicative et data-centric encore plus poussés.
- Évolutivité et innovation continue : Bénéficiez de mises à jour régulières, de nouvelles fonctionnalités d’IA, de scénarios d’automatisation avancés et d’un support étendu, pour que vos solutions restent toujours à la pointe.",,,,,,,,,,,,,,,,,,,,,,,,Neuf,,https://manystacks.s3.eu-west-3.amazonaws.com/Produits/Images/Microsoft-Azure-logo.png,microsoft,Microsoft365EandFNCE-isvfrnce,USCFQ7TTC0RZFJ0001,Annual-n54,a929cd4d-8672-47c9-8664-159c1f322ba8,Annuel,Module complémentaire à Microsoft Intune Plan 1 qui unifie les solutions de sécurité et de gestion des points de terminaison avancées stratégiques.,addon,,112.80,0
CFQ7TTC0LH16:0001:P1M:M,Exchange Online (Plan 1),,,,,,licences,licences,,,"- Boîte aux lettres de 50 Go et messages d’une taille maximale de 150 Mo
- Outlook sur le web fournit une expérience premium basée sur un navigateur
- La boîte de réception Prioritaire facilite le suivi des courriers les plus importants
- Déplacez automatiquement les anciens messages vers une boîte aux lettres d’archivage",,,,,,,,,,,,,,,,,,,,,,,,Neuf,,https://manystacks.s3.eu-west-3.amazonaws.com/Produits/Images/Microsoft_Exchange_logo.png,microsoft,ExchangeOnline-isvfrnce,USCFQ7TTC0LH160001,Monthly,4b9405b0-7788-4568-add1-99614e613b69,Mensuel,"Office 365 E1 EEA (no Teams),Office 365 E3 EEA (no Teams),Office 365 E5 EEA (no Teams),Microsoft 365 E3 EEA (no Teams),Microsoft 365 E5 EEA (no Teams),Microsoft 365 Business Standard,Microsoft 365 Business Prenium,Microsoft 365 Business Premium EEA (no Teams),Microsoft 365 Business Basic",inclu,,4.44,0
CFQ7TTC0LH16:0001:P1Y:Y,Exchange Online (Plan 1),,,,,,licences,licences,,,"- Boîte aux lettres de 50 Go et messages d’une taille maximale de 150 Mo
- Outlook sur le web fournit une expérience premium basée sur un navigateur
- La boîte de réception Prioritaire facilite le suivi des courriers les plus importants
- Déplacez automatiquement les anciens messages vers une boîte aux lettres d’archivage",,,,,,,,,,,,,,,,,,,,,,,,Neuf,,https://manystacks.s3.eu-west-3.amazonaws.com/Produits/Images/Microsoft_Exchange_logo.png,microsoft,ExchangeOnline-isvfrnce,USCFQ7TTC0LH160001,Annual,4b9405b0-7788-4568-add1-99614e613b69,Annuel,"Office 365 E1 EEA (no Teams),Office 365 E3 EEA (no Teams),Office 365 E5 EEA (no Teams),Microsoft 365 E3 EEA (no Teams),Microsoft 365 E5 EEA (no Teams),Microsoft 365 Business Standard,Microsoft 365 Business Premium,Microsoft 365 Business Premium EEA (no Teams),Microsoft 365 Business Basic",inclu,,44.40,0
CFQ7TTC0LH1P:0001:P1M:M,Exchange Online (Plan 2),,,,,,licences,licences,,,"Toutes les fonctionnalités Exchange Online (plan 1), plus :

- Boîte aux lettres de 100 Go et messages d’une taille maximale de 150 Mo
- Protection contre la perte de données (DLP) intégrée
- Services Messagerie vocale cloud avec répondeur automatique, interface utilisateur de participation et standard automatique",,,,,,,,,,,,,,,,,,,,,,,,Neuf,,https://manystacks.s3.eu-west-3.amazonaws.com/Produits/Images/Microsoft_Exchange_logo.png,microsoft,ExchangeOnline-isvfrnce,USCFQ7TTC0LH1P0001,Monthly-n0,19ec0d23-8335-4cbd-94ac-6050e30712fa,Mensuel,"Office 365 E1 EEA (no Teams),Office 365 E3 EEA (no Teams),Office 365 E5 EEA (no Teams),Microsoft 365 E3 EEA (no Teams),Microsoft 365 E5 EEA (no Teams),Microsoft 365 Business Standard,Microsoft 365 Business Premium,Microsoft 365 Business Basic",inclu,,9.00,0
CFQ7TTC0LH1P:0001:P1Y:Y,Exchange Online (Plan 2),,,,,,licences,licences,,,"Toutes les fonctionnalités Exchange Online (plan 1), plus :

- Boîte aux lettres de 100 Go et messages d’une taille maximale de 150 Mo
- Protection contre la perte de données (DLP) intégrée
- Services Messagerie vocale cloud avec répondeur automatique, interface utilisateur de participation et standard automatique",,,,,,,,,,,,,,,,,,,,,,,,Neuf,,https://manystacks.s3.eu-west-3.amazonaws.com/Produits/Images/Microsoft_Exchange_logo.png,microsoft,ExchangeOnline-isvfrnce,USCFQ7TTC0LH1P0001,Annual-n0,19ec0d23-8335-4cbd-94ac-6050e30712fa,Annuel,"Office 365 E1 EEA (no Teams),Office 365 E3 EEA (no Teams),Office 365 E5 EEA (no Teams),Microsoft 365 E3 EEA (no Teams),Microsoft 365 E5 EEA (no Teams),Microsoft 365 Business Standard,Microsoft 365 Business Premium,Microsoft 365 Business Premium EEA (no Teams),Microsoft 365 Business Basic",inclu,,90.00,0
CFQ7TTC0LH0L:0001:P1M:M,Exchange Online Kiosk,,,,,,licences,licences,,,"- Boîte aux lettres de 2 Go et messages d’une taille maximale de 150 Mo
- Outlook sur le web fournit une expérience premium basée sur un navigateur
- La boîte de réception Prioritaire facilite le suivi des courriers les plus importants
- Déplacez automatiquement les anciens messages vers une boîte aux lettres d’archivage",,,,,,,,,,,,,,,,,,,,,,,,Neuf,,https://manystacks.s3.eu-west-3.amazonaws.com/Produits/Images/Microsoft_Exchange_logo.png,microsoft,ExchangeOnline-isvfrnce,USCFQ7TTC0LH0L0001,Monthly-n13,80b2d799-d2ba-4d2a-8842-fb0d0f3a4b82,Mensuel,"Office 365 E1 EEA (no Teams),Office 365 E3 EEA (no Teams),Office 365 E5 EEA (no Teams),Microsoft 365 E3 EEA (no Teams),Microsoft 365 E5 EEA (no Teams),Microsoft 365 Business Standard,Microsoft 365 Business Premium,Microsoft 365 Business Basic",inclu,,2.24,0
CFQ7TTC0LH0L:0001:P1Y:Y,Exchange Online Kiosk,,,,,,licences,licences,,,"- Boîte aux lettres de 2 Go et messages d’une taille maximale de 150 Mo
- Outlook sur le web fournit une expérience premium basée sur un navigateur
- La boîte de réception Prioritaire facilite le suivi des courriers les plus importants
- Déplacez automatiquement les anciens messages vers une boîte aux lettres d’archivage",,,,,,,,,,,,,,,,,,,,,,,,Neuf,,https://manystacks.s3.eu-west-3.amazonaws.com/Produits/Images/Microsoft_Exchange_logo.png,microsoft,ExchangeOnline-isvfrnce,USCFQ7TTC0LH0L0001,Annual-n13,80b2d799-d2ba-4d2a-8842-fb0d0f3a4b82,Annuel,"Office 365 E1 EEA (no Teams),Office 365 E3 EEA (no Teams),Office 365 E5 EEA (no Teams),Microsoft 365 E3 EEA (no Teams),Microsoft 365 E5 EEA (no Teams),Microsoft 365 Business Standard,Microsoft 365 Business Premium,Microsoft 365 Business Premium EEA (no Teams),Microsoft 365 Business Basic",inclu,,22.44,0
CFQ7TTC0MZJF:0004:P1M:M,Microsoft Teams EEA,,,,,,licences,licences,,,"- Réunions de groupe illimitées jusqu'à 30 heures
- 10 Go de stockage cloud par utilisateur
- Support téléphonique et web disponible à tout moment
- Chats illimités avec les collègues et les clients
- Partage de fichiers, gestion des tâches et sondages
- Chiffrement des données pour les réunions, les discussions, les appels et les fichiers
- Microsoft 365 Copilot disponible en tant qu’option supplémentaire*",,,,,,,,,,,,,,,,,,,,,,,,Neuf,,https://manystacks.s3.eu-west-3.amazonaws.com/Produits/Images/microsoft-teams-logo.png,microsoft,MicrosoftTeams-isvfrnce,USCFQ7TTC0MZJF0004,Monthly-n37,7e74bd05-2c47-404e-829a-ba95c66fe8e5,Mensuel,"Office 365 E1 EEA (no Teams),Office 365 E3 EEA (no Teams),Office 365 E5 EEA (no Teams),Microsoft 365 E3 EEA (no Teams),Microsoft 365 E5 EEA (no Teams),Microsoft 365 Business Standard,Microsoft 365 Business Premium,Microsoft 365 Business Basic",inclu,,6.00,0
CFQ7TTC0MZJF:0004:P1Y:Y,Microsoft Teams EEA,,,,,,licences,licences,,,"- Réunions de groupe illimitées jusqu'à 30 heures
- 10 Go de stockage cloud par utilisateur
- Support téléphonique et web disponible à tout moment
- Chats illimités avec les collègues et les clients
- Partage de fichiers, gestion des tâches et sondages
- Chiffrement des données pour les réunions, les discussions, les appels et les fichiers
- Microsoft 365 Copilot disponible en tant qu’option supplémentaire*",,,,,,,,,,,,,,,,,,,,,,,,Neuf,,https://manystacks.s3.eu-west-3.amazonaws.com/Produits/Images/microsoft-teams-logo.png,microsoft,MicrosoftTeams-isvfrnce,USCFQ7TTC0MZJF0004,Annual-n38,7e74bd05-2c47-404e-829a-ba95c66fe8e5,Annuel,"Office 365 E1 EEA (no Teams),Office 365 E3 EEA (no Teams),Office 365 E5 EEA (no Teams),Microsoft 365 E3 EEA (no Teams),Microsoft 365 E5 EEA (no Teams),Microsoft 365 Business Standard,Microsoft 365 Business Premium,Microsoft 365 Business Premium EEA (no Teams),Microsoft 365 Business Basic",inclu,,60.00,0
CFQ7TTC0JN4R:0002:P1M:M,Microsoft Teams Essentials,,,,,,licences,licences,,,"- Vos données sont hébergées et sécurisées dans des centres de données Microsoft situés en France, conformément au RGPD (Règlement général sur la protection des données) européen.
- 10 Go d’espace de stockage en ligne par utilisateur
- Collaboration en temps réel avec partage de fichiers, tâches et sondages
- Enregistrements de réunions d’équipe avec transcriptions et sous-titres en direct (anglais)3
- Sécurité standard avec chiffrement des données pour les réunions, les conversations, les appels et les fichiers
- Microsoft 365 Copilot est disponible en tant que module complémentaire.",,,,,,,,,,,,,,,,,,,,,,,,Neuf,,https://manystacks.s3.eu-west-3.amazonaws.com/Produits/Images/microsoft-teams-logo.png,microsoft,MicrosoftTeams-isvfrnce,USCFQ7TTC0JN4R0002,Monthly-n43,fde42873-30b6-436b-b361-21af5a6b84ae,Mensuel,"Office 365 E1 EEA (no Teams),Office 365 E3 EEA (no Teams),Office 365 E5 EEA (no Teams),Microsoft 365 E3 EEA (no Teams),Microsoft 365 E5 EEA (no Teams),Microsoft 365 Business Standard,Microsoft 365 Business Premium,Microsoft 365 Business Basic",inclu,,4.44,0
CFQ7TTC0JN4R:0002:P1Y:Y,Microsoft Teams Essentials,,,,,,licences,licences,,,"- Vos données sont hébergées et sécurisées dans des centres de données Microsoft situés en France, conformément au RGPD (Règlement général sur la protection des données) européen.
- 10 Go d’espace de stockage en ligne par utilisateur
- Collaboration en temps réel avec partage de fichiers, tâches et sondages
- Enregistrements de réunions d’équipe avec transcriptions et sous-titres en direct (anglais)3
- Sécurité standard avec chiffrement des données pour les réunions, les conversations, les appels et les fichiers
- Microsoft 365 Copilot est disponible en tant que module complémentaire.",,,,,,,,,,,,,,,,,,,,,,,,Neuf,,https://manystacks.s3.eu-west-3.amazonaws.com/Produits/Images/microsoft-teams-logo.png,microsoft,MicrosoftTeams-isvfrnce,USCFQ7TTC0JN4R0002,Annual-n43,fde42873-30b6-436b-b361-21af5a6b84ae,Annuel,"Office 365 E1 EEA (no Teams),Office 365 E3 EEA (no Teams),Office 365 E5 EEA (no Teams),Microsoft 365 E3 EEA (no Teams),Microsoft 365 E5 EEA (no Teams),Microsoft 365 Business Standard,Microsoft 365 Business Premium,Microsoft 365 Business Premium EEA (no Teams),Microsoft 365 Business Basic",inclu,,44.40,0
,Google Workspace Business Starter,,,,,,licences,licences,,,"- 30 Go d'espace de stockage commun par utilisateur
- Adresse e-mail professionnelle personnalisée et sécurisée, vous@votre-entreprise.com

Lancez-vous avec l'IA :
- Assistant IA Gemini dans Gmail
- Discutez avec l'IA dans l'application Gemini
- Visioconférences pouvant accueillir 100 participants
- Options de gestion et de sécurité
- Assistance standard",,,,,,,,,,,,,,,,,,,,,,,,Neuf,,https://manystacks.s3.eu-west-3.amazonaws.com/Produits/Images/gws-logo.png,google,GoogleWorkspace-isvfr,,,,Mensuel,,,,6.90,1
,Google Workspace Business Starter,,,,,,licences,licences,,,"- 30 Go d'espace de stockage commun par utilisateur
- Adresse e-mail professionnelle personnalisée et sécurisée, vous@votre-entreprise.com

Lancez-vous avec l'IA :
- Assistant IA Gemini dans Gmail
- Discutez avec l'IA dans l'application Gemini
- Visioconférences pouvant accueillir 100 participants
- Options de gestion et de sécurité
- Assistance standard",,,,,,,,,,,,,,,,,,,,,,,,Neuf,,https://manystacks.s3.eu-west-3.amazonaws.com/Produits/Images/gws-logo.png,google,GoogleWorkspace-isvfr,,,,Annuel,,,,69.00,1
,Google Workspace Business Standard,,,,,,licences,licences,,,"- 2 To d'espace de stockage commun par utilisateur*
- Adresse e-mail professionnelle personnalisée et sécurisée, vous@votre-entreprise.com

Exploitez tout le potentiel de l'IA
- Assistant IA Gemini dans Gmail, Docs, Meet et plus
- Discutez avec l'IA dans l'application Gemini et créez votre équipe d'IA expertes
- Assistant de recherche optimisé par l'IA (NotebookLM Plus)
- Visioconférences pouvant accueillir 150 participants + fonctionnalités d'enregistrement et de suppression du bruit
- Pages de prise de rendez-vous
- Outil de création et de montage vidéo collaboratif
- Mises en page d'e-mail et publipostage
- Options de gestion et de sécurité
- Assistance standard",,,,,,,,,,,,,,,,,,,,,,,,Neuf,,https://manystacks.s3.eu-west-3.amazonaws.com/Produits/Images/gws-logo.png,google,GoogleWorkspace-isvfr,,,,Mensuel,,,,13.80,1
,Google Workspace Business Standard,,,,,,licences,licences,,,"- 2 To d'espace de stockage commun par utilisateur*
- Adresse e-mail professionnelle personnalisée et sécurisée, vous@votre-entreprise.com

Exploitez tout le potentiel de l'IA
- Assistant IA Gemini dans Gmail, Docs, Meet et plus
- Discutez avec l'IA dans l'application Gemini et créez votre équipe d'IA expertes
- Assistant de recherche optimisé par l'IA (NotebookLM Plus)
- Visioconférences pouvant accueillir 150 participants + fonctionnalités d'enregistrement et de suppression du bruit
- Pages de prise de rendez-vous
- Outil de création et de montage vidéo collaboratif
- Mises en page d'e-mail et publipostage
- Options de gestion et de sécurité
- Assistance standard",,,,,,,,,,,,,,,,,,,,,,,,Neuf,,https://manystacks.s3.eu-west-3.amazonaws.com/Produits/Images/gws-logo.png,google,GoogleWorkspace-isvfr,,,,Annuel,,,,138.00,1
,Google Workspace Business Plus,,,,,,licences,licences,,,"- 5 To d'espace de stockage commun par utilisateur*
- Adresse e-mail professionnelle personnalisée et sécurisée, eDiscovery et conservation

Exploitez tout le potentiel de l'IA
- Assistant IA Gemini dans Gmail, Docs, Meet et plus
- Discutez avec l'IA dans l'application Gemini et créez votre équipe d'IA expertes
- Assistant de recherche optimisé par l'IA (NotebookLM Plus)
- Visioconférences pouvant accueillir 500 participants + fonctionnalités d'enregistrement, de suivi de la participation et de suppression du bruit
- Pages de prise de rendez-vous
- Outil de création et de montage vidéo collaboratif
- Mises en page d'e-mail et publipostage
- Options de sécurité et de gestion améliorées, y compris Vault et la gestion avancée des points de terminaison
- Assistance standard",,,,,,,,,,,,,,,,,,,,,,,,Neuf,,https://manystacks.s3.eu-west-3.amazonaws.com/Produits/Images/gws-logo.png,google,GoogleWorkspace-isvfr,,,,Mensuel,,,,20.70,1
,Google Workspace Business Plus,,,,,,licences,licences,,,"- 5 To d'espace de stockage commun par utilisateur*
- Adresse e-mail professionnelle personnalisée et sécurisée, eDiscovery et conservation

Exploitez tout le potentiel de l'IA
- Assistant IA Gemini dans Gmail, Docs, Meet et plus
- Discutez avec l'IA dans l'application Gemini et créez votre équipe d'IA expertes
- Assistant de recherche optimisé par l'IA (NotebookLM Plus)
- Visioconférences pouvant accueillir 500 participants + fonctionnalités d'enregistrement, de suivi de la participation et de suppression du bruit
- Pages de prise de rendez-vous
- Outil de création et de montage vidéo collaboratif
- Mises en page d'e-mail et publipostage
- Options de sécurité et de gestion améliorées, y compris Vault et la gestion avancée des points de terminaison
- Assistance standard",,,,,,,,,,,,,,,,,,,,,,,,Neuf,,https://manystacks.s3.eu-west-3.amazonaws.com/Produits/Images/gws-logo.png,google,GoogleWorkspace-isvfr,,,,Annuel,,,,207.00,1
,Google Workspace Enterprise Starter,,,,,,licences,licences,,,"- 5 To d'espace de stockage commun par utilisateur*
- Adresse e-mail professionnelle personnalisée et sécurisée, eDiscovery et conservation

Exploitez tout le potentiel de l'IA
- Assistant IA Gemini dans Gmail, Docs, Meet et plus
- Discutez avec l'IA dans l'application Gemini et créez votre équipe d'IA expertes
- Assistant de recherche optimisé par l'IA (NotebookLM Plus)
- Visioconférences pouvant accueillir 1 000 participants + enregistrement, suivi de la participation, suppression du bruit et diffusion en direct dans le domaine
- Pages de prise de rendez-vous
- Outil de création et de montage vidéo collaboratif
- Mises en page d'e-mail et publipostage
- Fonctionnalités de sécurité, de gestion et de conformité avancées, y compris Vault, protection contre la perte de données, sélection des régions des données et gestion d'entreprise des points de terminaison
- Assistance Enhanced",,,,,,,,,,,,,,,,,,,,,,,,Neuf,,https://manystacks.s3.eu-west-3.amazonaws.com/Produits/Images/gws-logo.png,google,GoogleWorkspaceEnt-isvfr,,,,Mensuel,,,,11.52,1
,Google Workspace Enterprise Starter,,,,,,licences,licences,,,"- 5 To d'espace de stockage commun par utilisateur*
- Adresse e-mail professionnelle personnalisée et sécurisée, eDiscovery et conservation

Exploitez tout le potentiel de l'IA
- Assistant IA Gemini dans Gmail, Docs, Meet et plus
- Discutez avec l'IA dans l'application Gemini et créez votre équipe d'IA expertes
- Assistant de recherche optimisé par l'IA (NotebookLM Plus)
- Visioconférences pouvant accueillir 1 000 participants + enregistrement, suivi de la participation, suppression du bruit et diffusion en direct dans le domaine
- Pages de prise de rendez-vous
- Outil de création et de montage vidéo collaboratif
- Mises en page d'e-mail et publipostage
- Fonctionnalités de sécurité, de gestion et de conformité avancées, y compris Vault, protection contre la perte de données, sélection des régions des données et gestion d'entreprise des points de terminaison
- Assistance Enhanced",,,,,,,,,,,,,,,,,,,,,,,,Neuf,,https://manystacks.s3.eu-west-3.amazonaws.com/Produits/Images/gws-logo.png,google,GoogleWorkspaceEnt-isvfr,,,,Annuel,,,,115.20,1
,Google Workspace Enterprise Standard,,,,,,licences,licences,,,"- 5 To d'espace de stockage commun par utilisateur*
- Adresse e-mail professionnelle personnalisée et sécurisée, eDiscovery et conservation

Exploitez tout le potentiel de l'IA
- Assistant IA Gemini dans Gmail, Docs, Meet et plus
- Discutez avec l'IA dans l'application Gemini et créez votre équipe d'IA expertes
- Assistant de recherche optimisé par l'IA (NotebookLM Plus)
- Visioconférences pouvant accueillir 1 000 participants + enregistrement, suivi de la participation, suppression du bruit et diffusion en direct dans le domaine
- Pages de prise de rendez-vous
- Outil de création et de montage vidéo collaboratif
- Mises en page d'e-mail et publipostage
- Fonctionnalités de sécurité, de gestion et de conformité avancées, y compris Vault, protection contre la perte de données, sélection des régions des données et gestion d'entreprise des points de terminaison
- Assistance Enhanced",,,,,,,,,,,,,,,,,,,,,,,,Neuf,,https://manystacks.s3.eu-west-3.amazonaws.com/Produits/Images/gws-logo.png,google,GoogleWorkspaceEnt-isvfr,,,,Mensuel,,,,26.64,1
,Google Workspace Enterprise Standard,,,,,,licences,licences,,,"- 5 To d'espace de stockage commun par utilisateur*
- Adresse e-mail professionnelle personnalisée et sécurisée, eDiscovery et conservation

Exploitez tout le potentiel de l'IA
- Assistant IA Gemini dans Gmail, Docs, Meet et plus
- Discutez avec l'IA dans l'application Gemini et créez votre équipe d'IA expertes
- Assistant de recherche optimisé par l'IA (NotebookLM Plus)
- Visioconférences pouvant accueillir 1 000 participants + enregistrement, suivi de la participation, suppression du bruit et diffusion en direct dans le domaine
- Pages de prise de rendez-vous
- Outil de création et de montage vidéo collaboratif
- Mises en page d'e-mail et publipostage
- Fonctionnalités de sécurité, de gestion et de conformité avancées, y compris Vault, protection contre la perte de données, sélection des régions des données et gestion d'entreprise des points de terminaison
- Assistance Enhanced",,,,,,,,,,,,,,,,,,,,,,,,Neuf,,https://manystacks.s3.eu-west-3.amazonaws.com/Produits/Images/gws-logo.png,google,GoogleWorkspaceEnt-isvfr,,,,Annuel,,,,266.40,1
,Google Workspace Enterprise Plus,,,,,,licences,licences,,,"- 5 To d'espace de stockage commun par utilisateur*
- Adresse e-mail professionnelle personnalisée et sécurisée, eDiscovery et conservation

Exploitez tout le potentiel de l'IA
- Assistant IA Gemini dans Gmail, Docs, Meet et plus
- Discutez avec l'IA dans l'application Gemini et créez votre équipe d'IA expertes
- Assistant de recherche optimisé par l'IA (NotebookLM Plus)
- Visioconférences pouvant accueillir 1 000 participants + enregistrement, suivi de la participation, suppression du bruit et diffusion en direct dans le domaine
- Pages de prise de rendez-vous
- Outil de création et de montage vidéo collaboratif
- Mises en page d'e-mail et publipostage
- Fonctionnalités de sécurité, de gestion et de conformité avancées, y compris Vault, protection contre la perte de données, sélection des régions des données et gestion d'entreprise des points de terminaison
- Assistance Enhanced",,,,,,,,,,,,,,,,,,,,,,,,Neuf,,https://manystacks.s3.eu-west-3.amazonaws.com/Produits/Images/gws-logo.png,google,GoogleWorkspaceEnt-isvfr,,,,Mensuel,,,,34.63,1
,Google Workspace Enterprise Plus,,,,,,licences,licences,,,"- 5 To d'espace de stockage commun par utilisateur*
- Adresse e-mail professionnelle personnalisée et sécurisée, eDiscovery et conservation

Exploitez tout le potentiel de l'IA
- Assistant IA Gemini dans Gmail, Docs, Meet et plus
- Discutez avec l'IA dans l'application Gemini et créez votre équipe d'IA expertes
- Assistant de recherche optimisé par l'IA (NotebookLM Plus)
- Visioconférences pouvant accueillir 1 000 participants + enregistrement, suivi de la participation, suppression du bruit et diffusion en direct dans le domaine
- Pages de prise de rendez-vous
- Outil de création et de montage vidéo collaboratif
- Mises en page d'e-mail et publipostage
- Fonctionnalités de sécurité, de gestion et de conformité avancées, y compris Vault, protection contre la perte de données, sélection des régions des données et gestion d'entreprise des points de terminaison
- Assistance Enhanced",,,,,,,,,,,,,,,,,,,,,,,,Neuf,,https://manystacks.s3.eu-west-3.amazonaws.com/Produits/Images/gws-logo.png,google,GoogleWorkspaceEnt-isvfr,,,,Annuel,,,,346.30,1
,Google Workspace Enterprise Essentials,,,,,,licences,licences,,,"- 5 To d'espace de stockage commun par utilisateur*
- Adresse e-mail professionnelle personnalisée et sécurisée, eDiscovery et conservation

Exploitez tout le potentiel de l'IA
- Assistant IA Gemini dans Gmail, Docs, Meet et plus
- Discutez avec l'IA dans l'application Gemini et créez votre équipe d'IA expertes
- Assistant de recherche optimisé par l'IA (NotebookLM Plus)
- Visioconférences pouvant accueillir 1 000 participants + enregistrement, suivi de la participation, suppression du bruit et diffusion en direct dans le domaine
- Pages de prise de rendez-vous
- Outil de création et de montage vidéo collaboratif
- Mises en page d'e-mail et publipostage
- Fonctionnalités de sécurité, de gestion et de conformité avancées, y compris Vault, protection contre la perte de données, sélection des régions des données et gestion d'entreprise des points de terminaison
- Assistance Enhanced",,,,,,,,,,,,,,,,,,,,,,,,Neuf,,https://manystacks.s3.eu-west-3.amazonaws.com/Produits/Images/gws-logo.png,google,GoogleWorkspaceEnt-isvfr,,,,Mensuel,,,,11.52,1
,Google Workspace Enterprise Essentials Plus,,,,,,licences,licences,,,"- 5 To d'espace de stockage commun par utilisateur*
- Adresse e-mail professionnelle personnalisée et sécurisée, eDiscovery et conservation

Exploitez tout le potentiel de l'IA
- Assistant IA Gemini dans Gmail, Docs, Meet et plus
- Discutez avec l'IA dans l'application Gemini et créez votre équipe d'IA expertes
- Assistant de recherche optimisé par l'IA (NotebookLM Plus)
- Visioconférences pouvant accueillir 1 000 participants + enregistrement, suivi de la participation, suppression du bruit et diffusion en direct dans le domaine
- Pages de prise de rendez-vous
- Outil de création et de montage vidéo collaboratif
- Mises en page d'e-mail et publipostage
- Fonctionnalités de sécurité, de gestion et de conformité avancées, y compris Vault, protection contre la perte de données, sélection des régions des données et gestion d'entreprise des points de terminaison
- Assistance Enhanced",,,,,,,,,,,,,,,,,,,,,,,,Neuf,,https://manystacks.s3.eu-west-3.amazonaws.com/Produits/Images/gws-logo.png,google,GoogleWorkspaceEnt-isvfr,,,,Mensuel,,,,23.04,1
,Google Workspace Enterprise Essentials Plus,,,,,,licences,licences,,,"- 5 To d'espace de stockage commun par utilisateur*
- Adresse e-mail professionnelle personnalisée et sécurisée, eDiscovery et conservation

Exploitez tout le potentiel de l'IA
- Assistant IA Gemini dans Gmail, Docs, Meet et plus
- Discutez avec l'IA dans l'application Gemini et créez votre équipe d'IA expertes
- Assistant de recherche optimisé par l'IA (NotebookLM Plus)
- Visioconférences pouvant accueillir 1 000 participants + enregistrement, suivi de la participation, suppression du bruit et diffusion en direct dans le domaine
- Pages de prise de rendez-vous
- Outil de création et de montage vidéo collaboratif
- Mises en page d'e-mail et publipostage
- Fonctionnalités de sécurité, de gestion et de conformité avancées, y compris Vault, protection contre la perte de données, sélection des régions des données et gestion d'entreprise des points de terminaison
- Assistance Enhanced",,,,,,,,,,,,,,,,,,,,,,,,Neuf,,https://manystacks.s3.eu-west-3.amazonaws.com/Produits/Images/gws-logo.png,google,GoogleWorkspaceEnt-isvfr,,,,Annuel,,,,276.48,1
MC7X4FN/A,"MacBook Air M2 - 13.6""","16 Go RAM, SSD 256 Go,IPS , M2 8-core GPU,13.6 pouces",macOS Sequoia 15.0,Oui,Caméra Face Time HD 1080p,"jusqu'à 18 heures
Navigation Web via WiFi: jusqu'à 15 heures",ordinateurs,ordinateurs,Apple,macOS Sequoia,"Découvrez l'Apple MacBook Air, un ordinateur portable qui redéfinit ce que vous pouvez attendre d'un ordinateur portable. Avec son réseau innovant de 3 microphones, chaque conversation est d'une clarté cristalline, grâce à des modes de clarté vocale et d'isolation améliorés. L'expérience visuelle est tout aussi impressionnante, avec un écran Liquid Retina qui prend en charge 1 milliard de couleurs, Dolby Vision et HDR10 pour des images d'une vivacité à couper le souffle.",16 Go,256 Go,SSD,Apple M2,IPS,2560 x 1664 pixels,,60 Hz,500 cd/m²,13.6 pouces,Apple M2 8-core,"Wi-Fi 6, Bluetooth 5.3","2 x USB4/Thunderbolt 3/DisplayPort (charge)
Sortie casque","Tension de 100 à 240 V CA, Fréquence de 50 à 60 Hz","Quatre haut-parleurs, array de microphones à formation de faisceau de 3",30.41 cm x 21.5 cm x 1.13 cm,1.24 kg,ENERGY STAR,147 kg d'émissions de carbone,Français (AZERTY),1 ans de garantie,Oui,,Neuf,Noir minuit,https://manystacks.s3.eu-west-3.amazonaws.com/Produits/Images/MC7X4FN%3AA.jpg,,,,,,,,, 1098.00,40.00,0
MC7W4FN/A,"MacBook Air M2 - 13.6""","16 Go RAM, SSD 256 Go, IPS, M2 8-core GPU, 13.6 pouces",macOS Sequoia 15.0,Oui,Caméra FaceTime HD 1080p,"Lecture vidéo: jusqu'à 18 heures, Navigation Web via WiFi: jusqu'à 15 heures",ordinateurs,ordinateurs,Apple,macOS Sequoia 15.0,"Découvrez l'Apple MacBook Air, un ordinateur portable qui redéfinit ce que vous pouvez attendre d'un ordinateur portable. Avec son réseau innovant de 3 microphones, chaque conversation est d'une clarté cristalline, grâce à des modes de clarté vocale et d'isolation améliorés. L'expérience visuelle est tout aussi impressionnante, avec un écran Liquid Retina qui prend en charge 1 milliard de couleurs, Dolby Vision et HDR10 pour des images d'une vivacité à couper le souffle.",16 Go,256 Go,SSD,Apple M2,IPS,2560 x 1664 pixels,,60 Hz,500 cd/m²,13.6 pouces,Apple M2 8-core,"Wi-Fi 6, Bluetooth 5.3","2 x USB4/Thunderbolt 3/DisplayPort (charge), Sortie casque","Tension de 100 à 240 V CA, Fréquence de 50 à 60 HZ",,30.41 cm x 21.5 cm x 1.13 cm,1.24 kg,ENERGY STAR,147 kg d'émissions de carbone,Français (AZERTY),1 ans de garantie,,,Neuf,Lumière des étoiles,https://manystacks.s3.eu-west-3.amazonaws.com/Produits/Images/MC7W4FN%3AA.jpg,,,,,,,,, 1098.00,40.00,0
MXD43FN/A,"MacBook Air M3 - 15.3""","16 Go RAM, SSD 512 Go, IPS, M3 10-core GPU, 15.3 pouces",Apple macOS Sonoma 14.0,Oui,"Caméra FaceTime HD 1080p, processeur de signal d'image avancé (ISP)","Navigation Web via WiFi: jusqu'à 15 heure(s), Lecture vidéo: jusqu'à 18 heure(s)",ordinateurs,ordinateurs,Apple,MacBook Air,"Découvrez l'Apple MacBook Air, un ordinateur portable qui redéfinit ce que vous pouvez attendre d'un ordinateur portable. Avec son réseau innovant de 3 microphones, chaque conversation est d'une clarté cristalline, grâce à des modes de clarté vocale et d'isolation améliorés. L'expérience visuelle est tout aussi impressionnante, avec un écran Liquid Retina qui prend en charge 1 milliard de couleurs, Dolby Vision et HDR10 pour des images d'une vivacité à couper le souffle.",16 Go,512 Go,SSD,Apple M3,IPS,2880 x 1864 pixels,,60 Hz,500 cd/m²,15.3 pouces,Apple M3 10-core,"Wi-Fi 6E, Bluetooth 5.3","2 x USB4/Thunderbolt 3/DisplayPort (charge), Sortie casque","Tension de 100 à 240 V CA, Fréquence de 50 à 60 HZ","Six hauts-parleurs, réseau de 3 microphones",34.04 cm x 23.76 cm x 1.15 cm,1.51 kg,ENERGY STAR,167 kg d'émissions de carbone,Français (AZERTY),1 ans de garantie,,,Neuf,Noir minuit,https://manystacks.s3.eu-west-3.amazonaws.com/Produits/Images/MXD43FN%3AA.jpg,,,,,,,,, 1712.00,62.00,0
MC7U4FN/A,"MacBook Air M2 - 13.6""","16 Go RAM,SSD 256 Go,IPS,M2 8-coreGPU,13.6 pouces",macOS Sequoia 15.0,Oui,"Caméra FaceTime HD 1080p, processeur de signal d'image avancé (ISP)","Lecture vidéo: jusqu'à 18 heures, Navigation Web via WiFi: jusqu'à 15 heures",ordinateurs,ordinateurs,Apple,MacBook Air,"Découvrez l'Apple MacBook Air, un ordinateur portable qui redéfinit ce que vous pouvez attendre d'un ordinateur portable. Avec son réseau innovant de 3 microphones, chaque conversation est d'une clarté cristalline, grâce à des modes de clarté vocale et d'isolation améliorés. L'expérience visuelle est tout aussi impressionnante, avec un écran Liquid Retina qui prend en charge 1 milliard de couleurs, Dolby Vision et HDR10 pour des images d'une vivacité à couper le souffle.",16 Go,256 Go,SSD,Apple M2,IPS,2560 x 1664 pixels,,60 Hz,500 cd/m²,13.6 pouces,Apple M2 8-core,"Wi-Fi 6, Bluetooth 5.3","2 x USB4/Thunderbolt 3/DisplayPort (charge), Sortie casque","Tension de 100 à 240 V CA, Fréquence de 50 à 60 HZ","Quatre haut-parleurs, réseau de 3 microphones",30.41 cm x 21.5 cm x 1.13 cm,1.24 kg,ENERGY STAR,147 kg d'émissions de carbone,Français (AZERTY),1 ans de garantie,,,Neuf,Gris sidéral,https://manystacks.s3.eu-west-3.amazonaws.com/Produits/Images/MC7U4FN%3AA.jpg,,,,,,,,, 1098.00,40.00,0
MC7V4FN/A,"MacBook Air M2 - 13.6""","16 Go RAM,SSD 256 Go,IPS,M2 8-coreGPU,13.6 pouces",Apple macOS Sequoia 15.0,Oui,"Caméra FaceTime HD 1080p, processeur de signal d'image avancé (ISP)","Lecture vidéo: jusqu'à 18 heures, Navigation Web via WiFi: jusqu'à 15 heures",ordinateurs,ordinateurs,Apple,MacBook Air,"Découvrez l'Apple MacBook Air, un ordinateur portable qui redéfinit ce que vous pouvez attendre d'un ordinateur portable. Avec son réseau innovant de 3 microphones, chaque conversation est d'une clarté cristalline, grâce à des modes de clarté vocale et d'isolation améliorés. L'expérience visuelle est tout aussi impressionnante, avec un écran Liquid Retina qui prend en charge 1 milliard de couleurs, Dolby Vision et HDR10 pour des images d'une vivacité à couper le souffle.",16 Go,256 Go,SSD,Apple M2,IPS,2560 x 1664 pixels,,60 Hz,500 cd/m²,13.6 pouces,Apple M2 8-core,"Wi-Fi 6, Bluetooth 5.3","2 x USB4/Thunderbolt 3/DisplayPort (charge), Sortie casque","Tension de 100 à 240 V CA, Fréquence de 50 à 60 HZ","Quatre haut-parleurs, réseau de 3 microphones",30.41 cm x 21.5 cm x 1.13 cm,1.24 kg,ENERGY STAR,147 kg d'émissions de carbone,Français (AZERTY),1 ans de garantie,,,Neuf,Argent,https://manystacks.s3.eu-west-3.amazonaws.com/Produits/Images/MC7V4FN%3AA.jpg,,,,,,,,, 1098.00,40.00,0
MC8J4FN/A,"MacBook Air M3 - 13.6""","16 Go RAM,SSD 256 Go,IPS,M3 8-core GPU,13.6 pouces",macOS Sequoia 15.0,Oui,"Caméra FaceTime HD 1080p, processeur de signal d'image avancé (ISP)",Lecture vidéo: jusqu'à 18 heures Navigation Web via WiFi: jusqu'à 15 heures,ordinateurs,ordinateurs,Apple,MacBook Air,"Découvrez l'Apple MacBook Air, un ordinateur portable qui redéfinit ce que vous pouvez attendre d'un ordinateur portable. Avec son réseau innovant de 3 microphones, chaque conversation est d'une clarté cristalline, grâce à des modes de clarté vocale et d'isolation améliorés. L'expérience visuelle est tout aussi impressionnante, avec un écran Liquid Retina qui prend en charge 1 milliard de couleurs, Dolby Vision et HDR10 pour des images d'une vivacité à couper le souffle.Sous le capot, le processeur Apple M3 doté d'une unité centrale à 8 cœurs et d'un moteur neuronal à 16 cœurs garantit que toutes les tâches sont exécutées avec efficacité et rapidité. La connectivité n'est jamais un problème, car le MacBook Air est équipé des interfaces USB4/Thunderbolt 3/DisplayPort et de Bluetooth 5.3, ce qui permet une intégration transparente avec un large éventail d'appareils.
En outre, l'engagement d'Apple en faveur du développement durable est évident dans la conception du MacBook Air, qui intègre 50 % de matériaux recyclés et obtient la certification ENERGY STAR. Cet ordinateur portable n'est pas seulement un outil puissant pour le travail et les loisirs, c'est aussi un pas en avant vers une informatique responsable.",16 Go,256 Go,SSD,Apple M3,IPS,2560 x 1664 pixels,,60 Hz,500 cd/m²,13.6 pouces,Apple M3 8-core,"Wi-Fi 6E, Bluetooth 5.3","2 x USB4/Thunderbolt 3 DisplayPort (charge)
Sortie casque","Tension de 100 à 240 V CA, Fréquence de 50 à 60 HZ","Quatre haut-parleurs, réseau de 3 microphones",30.41 cm x 21.5 cm x 1.13 cm,1.24 kg,ENERGY STAR,135 kg carbon emissions,Français (AZERTY),1 ans de garantie,,,Neuf,Lumière des étoiles,https://manystacks.s3.eu-west-3.amazonaws.com/Produits/Images/MC8J4FN%3AA.jpg,,,,,,,,, 1190.00,44.00,0
MC8G4FN/A,"MacBook Air M3 - 13.6""","16 Go RAM,SSD 256 Go,IPS,M3 8-core GPU,13,6 pouces",macOS Sequoia 15.0,Oui,"Caméra FaceTime HD 1080p, processeur de signal d'image avancé (ISP)",Lecture vidéo: jusqu'à 18 heures Navigation Web via WiFi: jusqu'à 15 heures,ordinateurs,ordinateurs,Apple,MacBook Air,"Découvrez l'Apple MacBook Air, un ordinateur portable qui redéfinit ce que vous pouvez attendre d'un ordinateur portable. Avec son réseau innovant de 3 microphones, chaque conversation est d'une clarté cristalline, grâce à des modes de clarté vocale et d'isolation améliorés. L'expérience visuelle est tout aussi impressionnante, avec un écran Liquid Retina qui prend en charge 1 milliard de couleurs, Dolby Vision et HDR10 pour des images d'une vivacité à couper le souffle.Sous le capot, le processeur Apple M3 doté d'une unité centrale à 8 cœurs et d'un moteur neuronal à 16 cœurs garantit que toutes les tâches sont exécutées avec efficacité et rapidité. La connectivité n'est jamais un problème, car le MacBook Air est équipé des interfaces USB4/Thunderbolt 3/DisplayPort et de Bluetooth 5.3, ce qui permet une intégration transparente avec un large éventail d'appareils.
En outre, l'engagement d'Apple en faveur du développement durable est évident dans la conception du MacBook Air, qui intègre 50 % de matériaux recyclés et obtient la certification ENERGY STAR. Cet ordinateur portable n'est pas seulement un outil puissant pour le travail et les loisirs, c'est aussi un pas en avant vers une informatique responsable.",16 Go,256 Go,SSD,Apple M3,IPS,2560 x 1664 pixels,,60 Hz,500 cd/m²,13.6 pouces,Apple M3 8-core,"Wi-Fi 6E, Bluetooth 5.3","2 x USB4/Thunderbolt 3 DisplayPort (charge)
Sortie casque","Tension de 100 à 240 V CA, Fréquence de 50 à 60 HZ","Quatre haut-parleurs, réseau de 3 microphones",30.41 cm x 21.5 cm x 1.13 cm,1.24 kg,ENERGY STAR,135 kg carbon emissions,Français (AZERTY),1 ans de garantie,,,Neuf,Gris sidéral,https://manystacks.s3.eu-west-3.amazonaws.com/Produits/Images/MC8G4FN%3AA.jpg,,,,,,,,, 1190.00,44.00,0
MC8K4FN/A,"MacBook Air M3 - 13.6""","16 Go RAM,SSD 256 Go,IPS,M3 8-core GPU,13.6 pouces",macOS Sequoia 15.0,Oui,"Caméra FaceTime HD 1080p, processeur de signal d'image avancé (ISP)",Lecture vidéo: jusqu'à 18 heures Navigation Web via WiFi: jusqu'à 15 heures,ordinateurs,ordinateurs,Apple,MacBook Air,"Découvrez l'Apple MacBook Air, un ordinateur portable qui redéfinit ce que vous pouvez attendre d'un ordinateur portable. Avec son réseau innovant de 3 microphones, chaque conversation est d'une clarté cristalline, grâce à des modes de clarté vocale et d'isolation améliorés. L'expérience visuelle est tout aussi impressionnante, avec un écran Liquid Retina qui prend en charge 1 milliard de couleurs, Dolby Vision et HDR10 pour des images d'une vivacité à couper le souffle.Sous le capot, le processeur Apple M3 doté d'une unité centrale à 8 cœurs et d'un moteur neuronal à 16 cœurs garantit que toutes les tâches sont exécutées avec efficacité et rapidité. La connectivité n'est jamais un problème, car le MacBook Air est équipé des interfaces USB4/Thunderbolt 3/DisplayPort et de Bluetooth 5.3, ce qui permet une intégration transparente avec un large éventail d'appareils.
En outre, l'engagement d'Apple en faveur du développement durable est évident dans la conception du MacBook Air, qui intègre 50 % de matériaux recyclés et obtient la certification ENERGY STAR. Cet ordinateur portable n'est pas seulement un outil puissant pour le travail et les loisirs, c'est aussi un pas en avant vers une informatique responsable.",16 Go,256 Go,SSD,Apple M3,IPS,2560 x 1664 pixels,,60 Hz,500 cd/m²,13.6 pouces,Apple M3 8-core,"Wi-Fi 6E, Bluetooth 5.3","2 x USB4/Thunderbolt 3 DisplayPort (charge)
Sortie casque","Tension de 100 à 240 V CA, Fréquence de 50 à 60 HZ","Quatre haut-parleurs, réseau de 3 microphones",30.41 cm x 21.5 cm x 1.13 cm,1.24 kg,ENERGY STAR,135 kg carbon emissions,Français (AZERTY),1 ans de garantie,,,Neuf,Noir minuit,https://manystacks.s3.eu-west-3.amazonaws.com/Produits/Images/MC8K4FN%3AA.jpg,,,,,,,,, 1190.00,44.00,0
MC8H4FN/A,"MacBook Air M3 - 13.6""","16 Go RAM,SSD 256 Go,IPS,M3 8-core GPU,13.6 pouces",macOS Sequoia 15.0,Oui,"Caméra FaceTime HD 1080p, processeur de signal d'image avancé (ISP)",Lecture vidéo: jusqu'à 18 heures Navigation Web via WiFi: jusqu'à 15 heures,ordinateurs,ordinateurs,Apple,MacBook Air,"Découvrez l'Apple MacBook Air, un ordinateur portable qui redéfinit ce que vous pouvez attendre d'un ordinateur portable. Avec son réseau innovant de 3 microphones, chaque conversation est d'une clarté cristalline, grâce à des modes de clarté vocale et d'isolation améliorés. L'expérience visuelle est tout aussi impressionnante, avec un écran Liquid Retina qui prend en charge 1 milliard de couleurs, Dolby Vision et HDR10 pour des images d'une vivacité à couper le souffle.Sous le capot, le processeur Apple M3 doté d'une unité centrale à 8 cœurs et d'un moteur neuronal à 16 cœurs garantit que toutes les tâches sont exécutées avec efficacité et rapidité. La connectivité n'est jamais un problème, car le MacBook Air est équipé des interfaces USB4/Thunderbolt 3/DisplayPort et de Bluetooth 5.3, ce qui permet une intégration transparente avec un large éventail d'appareils.
En outre, l'engagement d'Apple en faveur du développement durable est évident dans la conception du MacBook Air, qui intègre 50 % de matériaux recyclés et obtient la certification ENERGY STAR. Cet ordinateur portable n'est pas seulement un outil puissant pour le travail et les loisirs, c'est aussi un pas en avant vers une informatique responsable.",16 Go,256 Go,SSD,Apple M3,IPS,2560 x 1664 pixels,,60 Hz,500 cd/m²,13.6 pouces,Apple M3 8-core,"Wi-Fi 6E, Bluetooth 5.3","2 x USB4/Thunderbolt 3 DisplayPort (charge)
Sortie casque","Tension de 100 à 240 V CA, Fréquence de 50 à 60 HZ","Quatre haut-parleurs, réseau de 3 microphones",30.41 cm x 21.5 cm x 1.13 cm,1.24 kg,ENERGY STAR,135 kg carbon emissions,Français (AZERTY),1 ans de garantie,,,Neuf,Argent,https://manystacks.s3.eu-west-3.amazonaws.com/Produits/Images/MC8H4FN%3AA.jpg,,,,,,,,, 1190.00,44.00,0
MRXP3FN/A,"MacBook Air M3 - 13.6""","8 Go RAM,SSD 512 Go,IPS,M3 10-core GPU,13.6 pouces",Apple macOS Sonoma 14.0,Oui,"Caméra FaceTime HD 1080p, processeur de signal d'image avancé (ISP)",Lecture vidéo: jusqu'à 18 heures Navigation Web via WiFi: jusqu'à 15 heures,ordinateurs,ordinateurs,Apple,MacBook Air,"Découvrez l'Apple MacBook Air, un ordinateur portable qui redéfinit ce que vous pouvez attendre d'un ordinateur portable. Avec son réseau innovant de 3 microphones, chaque conversation est d'une clarté cristalline, grâce à des modes de clarté vocale et d'isolation améliorés. L'expérience visuelle est tout aussi impressionnante, avec un écran Liquid Retina qui prend en charge 1 milliard de couleurs, Dolby Vision et HDR10 pour des images d'une vivacité à couper le souffle.Sous le capot, le processeur Apple M3 doté d'une unité centrale à 8 cœurs et d'un moteur neuronal à 16 cœurs garantit que toutes les tâches sont exécutées avec efficacité et rapidité. La connectivité n'est jamais un problème, car le MacBook Air est équipé des interfaces USB4/Thunderbolt 3/DisplayPort et de Bluetooth 5.3, ce qui permet une intégration transparente avec un large éventail d'appareils.
En outre, l'engagement d'Apple en faveur du développement durable est évident dans la conception du MacBook Air, qui intègre 50 % de matériaux recyclés et obtient la certification ENERGY STAR. Cet ordinateur portable n'est pas seulement un outil puissant pour le travail et les loisirs, c'est aussi un pas en avant vers une informatique responsable.",16 Go,256 Go,SSD,Apple M3,IPS,2560 x 1664 pixels,,60 Hz,500 cd/m²,13.6 pouces,Apple M3 10-core,"Wi-Fi 6E, Bluetooth 5.3","2 x USB4/Thunderbolt 3 DisplayPort (charge)
Sortie casque","Tension de 100 à 240 V CA, Fréquence de 50 à 60 HZ",Quatre haut-parleurs réseau de 3 microphones,30.41 cm x 21.5 cm x 1.13 cm,1.24 kg,ENERGY STAR,144 kg carbon emissions,Français (AZERTY),1 ans de garantie,,,Neuf,Gris sidéral,https://manystacks.s3.eu-west-3.amazonaws.com/Produits/Images/MRXP3FN%3AA.jpg,,,,,,,,, 1290.00,46.00,0
MXCV3FN/A,"MacBook Air M3 - 13.6""","16 Go RAM,SSD 512 Go,IPS,M3 10-core GPU,13.6 pouces",Apple macOS Sonoma 14.0,Oui,"Caméra FaceTime HD 1080p, processeur de signal d'image avancé (ISP)",Lecture vidéo: jusqu'à 18 heure(s) Navigation Web via WiFi: jusqu'à 15 heure(s),ordinateurs,ordinateurs,Apple,MacBook Air,"Découvrez l'Apple MacBook Air, un ordinateur portable qui redéfinit ce que vous pouvez attendre d'un ordinateur portable. Avec son réseau innovant de 3 microphones, chaque conversation est d'une clarté cristalline, grâce à des modes de clarté vocale et d'isolation améliorés. L'expérience visuelle est tout aussi impressionnante, avec un écran Liquid Retina qui prend en charge 1 milliard de couleurs, Dolby Vision et HDR10 pour des images d'une vivacité à couper le souffle.Sous le capot, le processeur Apple M3 doté d'une unité centrale à 8 cœurs et d'un moteur neuronal à 16 cœurs garantit que toutes les tâches sont exécutées avec efficacité et rapidité. La connectivité n'est jamais un problème, car le MacBook Air est équipé des interfaces USB4/Thunderbolt 3/DisplayPort et de Bluetooth 5.3, ce qui permet une intégration transparente avec un large éventail d'appareils.
En outre, l'engagement d'Apple en faveur du développement durable est évident dans la conception du MacBook Air, qui intègre 50 % de matériaux recyclés et obtient la certification ENERGY STAR. Cet ordinateur portable n'est pas seulement un outil puissant pour le travail et les loisirs, c'est aussi un pas en avant vers une informatique responsable.",16 Go,512 Go,SSD,Apple M3,IPS,2560 x 1664 pixels,,60 Hz,500 cd/m²,13.6 pouces,Apple M3 10-core,"Wi-Fi 6E, Bluetooth 5.3","2 x USB4/Thunderbolt 3 DisplayPort (charge)
Sortie casque","Tension de 100 à 240 V CA, Fréquence de 50 à 60 HZ","Quatre haut-parleurs, réseau de 3 microphones",30.41 cm x 21.5 cm x 1.13 cm,1.24 kg,ENERGY STAR,144 kg carbon emissions,Français (AZERTY),1 ans de garantie,,,Neuf,Noir minuit,https://manystacks.s3.eu-west-3.amazonaws.com/Produits/Images/MXCV3FN%3AA.jpg,,,,,,,,, 1400.00,51.00,0
MXCU3FN/A,"MacBook Air M3 - 13.6""","16 Go RAM,SSD 512 Go,IPS,M3 10-core GPU,13.6 pouces",Apple macOS Sonoma 14.0,Oui,"Caméra FaceTime HD 1080p, processeur de signal d'image avancé (ISP)","Navigation Web via WiFi: jusqu'à 15 heure(s), Lecture vidéo: jusqu'à 18 heure(s)",ordinateurs,ordinateurs,Apple,MacBook Air,"Découvrez l'Apple MacBook Air, un ordinateur portable qui redéfinit ce que vous pouvez attendre d'un ordinateur portable. Avec son réseau innovant de 3 microphones, chaque conversation est d'une clarté cristalline, grâce à des modes de clarté vocale et d'isolation améliorés. L'expérience visuelle est tout aussi impressionnante, avec un écran Liquid Retina qui prend en charge 1 milliard de couleurs, Dolby Vision et HDR10 pour des images d'une vivacité à couper le souffle.
Sous le capot, le processeur Apple M3 doté d'une unité centrale à 8 cœurs et d'un moteur neuronal à 16 cœurs garantit que toutes les tâches sont exécutées avec efficacité et rapidité. La connectivité n'est jamais un problème, car le MacBook Air est équipé des interfaces USB4/Thunderbolt 3/DisplayPort et de Bluetooth 5.3, ce qui permet une intégration transparente avec un large éventail d'appareils.
En outre, l'engagement d'Apple en faveur du développement durable est évident dans la conception du MacBook Air, qui intègre 50 % de matériaux recyclés et obtient la certification ENERGY STAR. Cet ordinateur portable n'est pas seulement un outil puissant pour le travail et les loisirs, c'est aussi un pas en avant vers une informatique responsable.",16 Go,512 Go,SSD,Apple M3,IPS,2560 x 1664 pixels,,60 Hz,500 cd/m²,13.6 pouces,Apple M3 10-core,"Wi-Fi 6E, Bluetooth 5.3","2 x USB4/Thunderbolt 3/DisplayPort (charge), Sortie casque","Tension de 100 à 240 V CA, Fréquence de 50 à 60 HZ","Quatre haut-parleurs, réseau de 3 microphones",30.41 cm x 21.5 cm x 1.13 cm,1.24 kg,ENERGY STAR,144 kg carbon emissions,Français (AZERTY),1 ans de garantie,,,Neuf,Lumière des étoiles,https://manystacks.s3.eu-west-3.amazonaws.com/Produits/Images/MXCU3FN%3AA.jpg,,,,,,,,, 1400.00,51.00,0
MXCR3FN/A,"MacBook Air M3 - 13.6""","16 Go RAM, SSD 512 Go, IPS,M3 10-core GPU,13.6 pouces",Apple macOS Sonoma 14.0,Oui,"Caméra FaceTime HD 1080p, processeur de signald'image avancé (ISP)",Navigation Web via WiFi: jusqu'à 15 heure(s)Lecture vidéo: jusqu'à 18 heure(s),ordinateurs,ordinateurs,Apple,MacBook Air,"Découvrez l'Apple MacBook Air, un ordinateur portable qui redéfinit ce que vous pouvez attendre d'un ordinateur portable. Avec son réseau innovant de 3 microphones, chaque conversation est d'une clarté cristalline, grâce à des modes de clarté vocale et d'isolation améliorés. L'expérience visuelle est tout aussi impressionnante, avec un écran Liquid Retina qui prend en charge 1 milliard de couleurs, Dolby Vision et HDR10 pour des images d'une vivacité à couper le souffle.
Sous le capot, le processeur Apple M3 doté d'une unité centrale à 8 cœurs et d'un moteur neuronal à 16 cœurs garantit que toutes les tâches sont exécutées avec efficacité et rapidité. La connectivité n'est jamais un problème, car le MacBook Air est équipé des interfaces USB4/Thunderbolt 3/DisplayPort et de Bluetooth 5.3, ce qui permet une intégration transparente avec un large éventail d'appareils.
En outre, l'engagement d'Apple en faveur du développement durable est évident dans la conception du MacBook Air, qui intègre 50 % de matériaux recyclés et obtient la certification ENERGY STAR. Cet ordinateur portable n'est pas seulement un outil puissant pour le travail et les loisirs, c'est aussi un pas en avant vers une informatique responsable.",16 Go,512 Go,SSD,Apple M3,IPS,2560 x 1664 pixels,,60 Hz,500 cd/m²,13.6 pouces,Apple M3 10-core,"Wi-Fi 6E, Bluetooth 5.3","2 x USB4/Thunderbolt 3/DisplayPort (charge), Sortie casque","Tension de 100 à 240 V CA, Fréquence de 50 à 60 HZ","Quatre haut-parleurs, réseau de 3 microphones",30.41 cm x 21.5 cm x 1.13 cm,1.24 kg,ENERGY STAR,144 kg carbon emissions,Français (AZERTY),1 ans de garantie,,,Neuf,Gris sidéral,https://manystacks.s3.eu-west-3.amazonaws.com/Produits/Images/MXCR3FN%3AA.jpg,,,,,,,,, 1400.00,51.00,0
MC9E4FN/A,"MacBook Air M3 - 15.3""","16 Go RAM,SSD 256 Go,IPS,M3 10-core GPU,15.3 pouces",macOS Sequoia 15.0,Oui,"Caméra FaceTime HD 1080p, processeur de signald'image avancé (ISP)","Navigation Web via WiFi: jusqu'à 15 heures,Lecture vidéo: jusqu'à 18 heures",ordinateurs,ordinateurs,Apple,MacBook Air,"Découvrez l'Apple MacBook Air, un ordinateur portable qui redéfinit ce que vous pouvez attendre d'un ordinateur portable. Avec son réseau innovant de 3 microphones, chaque conversation est d'une clarté cristalline, grâce à des modes de clarté vocale et d'isolation améliorés. L'expérience visuelle est tout aussi impressionnante, avec un écran Liquid Retina qui prend en charge 1 milliard de couleurs, Dolby Vision et HDR10 pour des images d'une vivacité à couper le souffle.
Sous le capot, le processeur Apple M3 doté d'une unité centrale à 8 cœurs et d'un moteur neuronal à 16 cœurs garantit que toutes les tâches sont exécutées avec efficacité et rapidité. La connectivité n'est jamais un problème, car le MacBook Air est équipé des interfaces USB4/Thunderbolt 3/DisplayPort et de Bluetooth 5.3, ce qui permet une intégration transparente avec un large éventail d'appareils.
En outre, l'engagement d'Apple en faveur du développement durable est évident dans la conception du MacBook Air, qui intègre 50 % de matériaux recyclés et obtient la certification ENERGY STAR. Cet ordinateur portable n'est pas seulement un outil puissant pour le travail et les loisirs, c'est aussi un pas en avant vers une informatique responsable.",16 Go,256 Go,SSD,Apple M3,IPS,2880 x 1864 pixels,,60 Hz,500 cd/m²,15.3 pouces,Apple M3 10-core,"Wi-Fi 6E, Bluetooth 5.3","2 x USB4/Thunderbolt 3/DisplayPort (charge), Sortie casque","Tension de 100 à 240 V CA, Fréquence de 50 à 60 HZ","Six hauts-parleurs,réseau de 3 microphones",34.04 cm x 23.76 cm x 1.15 cm,1.51 kg,ENERGY STAR,158 kg carbon emissions,Français (AZERTY),1 ans de garantie,,,Neuf,Argent,https://manystacks.s3.eu-west-3.amazonaws.com/Produits/Images/MC9E4FN%3AA.jpg,,,,,,,,, 1464.00,54.00,0
MC9F4FN/A,"MacBook Air M3 - 15.3""","16 Go RAM, SSD 256 Go,IPS,M3 10-core GPU,15.3 pouces",macOS Sequoia 15.0,Oui,"Caméra FaceTime HD 1080p, processeur de signal","Navigation Web via WiFi: jusqu'à 15 heures,Lecture vidéo: jusqu'à 18 heures",ordinateurs,ordinateurs,Apple,MacBook Air,"Découvrez l'Apple MacBook Air, un ordinateur portable qui redéfinit ce que vous pouvez attendre d'un ordinateur portable. Avec son réseau innovant de 3 microphones, chaque conversation est d'une clarté cristalline, grâce à des modes de clarté vocale et d'isolation améliorés. L'expérience visuelle est tout aussi impressionnante, avec un écran Liquid Retina qui prend en charge 1 milliard de couleurs, Dolby Vision et HDR10 pour des images d'une vivacité à couper le souffle.
Sous le capot, le processeur Apple M3 doté d'une unité centrale à 8 cœurs et d'un moteur neuronal à 16 cœurs garantit que toutes les tâches sont exécutées avec efficacité et rapidité. La connectivité n'est jamais un problème, car le MacBook Air est équipé des interfaces USB4/Thunderbolt 3/DisplayPort et de Bluetooth 5.3, ce qui permet une intégration transparente avec un large éventail d'appareils.
En outre, l'engagement d'Apple en faveur du développement durable est évident dans la conception du MacBook Air, qui intègre 50 % de matériaux recyclés et obtient la certification ENERGY STAR. Cet ordinateur portable n'est pas seulement un outil puissant pour le travail et les loisirs, c'est aussi un pas en avant vers une informatique responsable.",16 Go,256 Go,SSD,Apple M3,IPS,2880 x 1864 pixels,,60 Hz,500 cd/m²,15.3 pouces,Apple M3 10-core,"Wi-Fi 6E, Bluetooth 5.3",2 x USB4/Thunderbolt 3/DisplayPort (charge)Sortie casque,"Tension de 100 à 240 V CA, Fréquence de 50 à 60 HZ","Six hauts-parleurs, réseau de 3 microphones",34.04 cm x 23.76 cm x 1.15 cm,1.51 kg,ENERGY STAR,158 kg carbon emissions,Français (AZERTY),1 ans de garantie,,,Neuf,Lumière des étoiles,https://manystacks.s3.eu-west-3.amazonaws.com/Produits/Images/MC9F4FN%3AA.jpg,,,,,,,,, 1464.00,54.00,0
MC9G4FN/A,"MacBook Air M3 - 15.3""","16 Go RAM,SSD 256 Go,IPS ,M3 10-core GPU,15.3 pouces",macOS Sequoia 15.0,Oui,"Caméra FaceTime HD, 1080p processeur de signal d'image avancé (ISP)","Navigation Web via WiFi: jusqu'à 15 heures,Lecture vidéo: jusqu'à 18 heures",ordinateurs,ordinateurs,Apple,MacBook Air,"Découvrez l'Apple MacBook Air, un ordinateur portable qui redéfinit ce que vous pouvez attendre d'un ordinateur portable. Avec son réseau innovant de 3 microphones, chaque conversation est d'une clarté cristalline, grâce à des modes de clarté vocale et d'isolation améliorés. L'expérience visuelle est tout aussi impressionnante, avec un écran Liquid Retina qui prend en charge 1 milliard de couleurs, Dolby Vision et HDR10 pour des images d'une vivacité à couper le souffle.
Sous le capot, le processeur Apple M3 doté d'une unité centrale à 8 cœurs et d'un moteur neuronal à 16 cœurs garantit que toutes les tâches sont exécutées avec efficacité et rapidité. La connectivité n'est jamais un problème, car le MacBook Air est équipé des interfaces USB4/Thunderbolt 3/DisplayPort et de Bluetooth 5.3, ce qui permet une intégration transparente avec un large éventail d'appareils.
En outre, l'engagement d'Apple en faveur du développement durable est évident dans la conception du MacBook Air, qui intègre 50 % de matériaux recyclés et obtient la certification ENERGY STAR. Cet ordinateur portable n'est pas seulement un outil puissant pour le travail et les loisirs, c'est aussi un pas en avant vers une informatique responsable.",16 Go,256 Go,SSD,Apple M3,IPS,2880 x 1864 pixels,,60 Hz,500 cd/m²,15.3 pouces,Apple M3 10-core,"Wi-Fi 6E, Bluetooth 5.3",2 x USB4/Thunderbolt 3/DisplayPort (charge)Sortie casque,"Tension de 100 à 240 V CA, Fréquence de 50 à 60 HZ","Six hauts-parleurs,réseau de 3 microphones",34.04 cm x 23.76 cm x 1.15 cm,1.51 kg,ENERGY STAR,158 kg carbon emissions,Français (AZERTY),1 ans de garantie,,,Neuf,Noir minuit,https://manystacks.s3.eu-west-3.amazonaws.com/Produits/Images/MC9G4FN%3AA.jpg,,,,,,,,, 1464.00,54.00,0
MC9D4FN/A,"MacBook Air M3 - 15.3""","16 Go RAM, SSD 256 Go, IPS, M3 10-core GPU, 15.3 pouces",macOS Sequoia 15.0,Oui,"Caméra FaceTime HD, 1080p processeur de signal d'image avancé (ISP)","Navigation Web via WiFi: jusqu'à 15 heures,Lecture vidéo: jusqu'à 18 heures",ordinateurs,ordinateurs,Apple,MacBook Air,"Découvrez l'Apple MacBook Air, un ordinateur portable qui redéfinit ce que vous pouvez attendre d'un ordinateur portable. Avec son réseau innovant de 3 microphones, chaque conversation est d'une clarté cristalline, grâce à des modes de clarté vocale et d'isolation améliorés. L'expérience visuelle est tout aussi impressionnante, avec un écran Liquid Retina qui prend en charge 1 milliard de couleurs, Dolby Vision et HDR10 pour des images d'une vivacité à couper le souffle.
Sous le capot, le processeur Apple M3 doté d'une unité centrale à 8 cœurs et d'un moteur neuronal à 16 cœurs garantit que toutes les tâches sont exécutées avec efficacité et rapidité. La connectivité n'est jamais un problème, car le MacBook Air est équipé des interfaces USB4/Thunderbolt 3/DisplayPort et de Bluetooth 5.3, ce qui permet une intégration transparente avec un large éventail d'appareils.
En outre, l'engagement d'Apple en faveur du développement durable est évident dans la conception du MacBook Air, qui intègre 50 % de matériaux recyclés et obtient la certification ENERGY STAR. Cet ordinateur portable n'est pas seulement un outil puissant pour le travail et les loisirs, c'est aussi un pas en avant vers une informatique responsable.",16 Go,256 Go,SSD,Apple M3,IPS,2880 x 1864 pixels,,60 Hz,500 cd/m²,15.3 pouces,Apple M3 10-core,"Wi-Fi 6E, Bluetooth 5.3",2 x USB4/Thunderbolt 3/DisplayPort (charge)Sortie casque,"Tension de 100 à 240 V CA, Fréquence de 50 à 60 HZ","Six hauts-parleurs,réseau de 3 microphones",34.04 cm x 23.76 cm x 1.15 cm,1.51 kg,ENERGY STAR,158 kg carbon emissions,Français (AZERTY),1 ans de garantie,,,Neuf,Gris sidéral,https://manystacks.s3.eu-west-3.amazonaws.com/Produits/Images/MC9D4FN%3AA.jpg,,,,,,,,, 1464.00,54.00,0
MRYV3FN/A,"MacBook Air M3 - 15.3""","8 Go RAM, SSD 512 Go, IPS, M3 10-core GPU, 15.3 pouces",Apple macOS Sonoma 14.0,Oui,"Caméra FaceTime HD 1080p, processeur de signal d'image avancé (ISP)","Navigation Web via WiFi: jusqu'à 15 heure(s), Lecture vidéo: jusqu'à 18 heure(s)",ordinateurs,ordinateurs,Apple,MacBook Air,"Découvrez l'Apple MacBook Air, un ordinateur portable qui redéfinit ce que vous pouvez attendre d'un ordinateur portable. Avec son réseau innovant de 3 microphones, chaque conversation est d'une clarté cristalline, grâce à des modes de clarté vocale et d'isolation améliorés. L'expérience visuelle est tout aussi impressionnante, avec un écran Liquid Retina qui prend en charge 1 milliard de couleurs, Dolby Vision et HDR10 pour des images d'une vivacité à couper le souffle.
Sous le capot, le processeur Apple M3 doté d'une unité centrale à 8 cœurs et d'un moteur neuronal à 16 cœurs garantit que toutes les tâches sont exécutées avec efficacité et rapidité. La connectivité n'est jamais un problème, car le MacBook Air est équipé des interfaces USB4/Thunderbolt 3/DisplayPort et de Bluetooth 5.3, ce qui permet une intégration transparente avec un large éventail d'appareils.
En outre, l'engagement d'Apple en faveur du développement durable est évident dans la conception du MacBook Air, qui intègre 50 % de matériaux recyclés et obtient la certification ENERGY STAR. Cet ordinateur portable n'est pas seulement un outil puissant pour le travail et les loisirs, c'est aussi un pas en avant vers une informatique responsable.",8 Go,512 Go,SSD,Apple M3,IPS,2880 x 1864 pixels,,60 Hz,500 cd/m²,15.3 pouces,Apple M3 10-core,"Wi-Fi 6E, Bluetooth 5.3","2 x USB4/Thunderbolt 3/DisplayPort (charge)
Sortie casque","Tension de 100 à 240 V CA, Fréquence de 50 à 60 HZ","Six hauts-parleurs, réseau de 3 microphones",34.04 cm x 23.76 cm x 1.15 cm,1.51 kg,ENERGY STAR,167 kg d'émissions de carbone,Français (AZERTY),1 ans de garantie,,,Neuf,Noir minuit,https://manystacks.s3.eu-west-3.amazonaws.com/Produits/Images/MRYV3FN%3AA.jpg,,,,,,,,, 1565.00,57.00,0
MRYT3FN/A,"MacBook Air M3 - 15.3""","8 Go RAM, SSD 512 Go, IPS, M3 10-core GPU, 15.3 pouces",Apple macOS Sonoma 14.0,Oui,"Caméra FaceTime HD 1080p, processeur de signal d'image avancé (ISP)","Navigation Web via WiFi: jusqu'à 15 heure(s),Lecture vidéo: jusqu'à 18 heure(s)",ordinateurs,ordinateurs,Apple,MacBook Air,"Découvrez l'Apple MacBook Air, un ordinateur portable qui redéfinit ce que vous pouvez attendre d'un ordinateur portable. Avec son réseau innovant de 3 microphones, chaque conversation est d'une clarté cristalline, grâce à des modes de clarté vocale et d'isolation améliorés. L'expérience visuelle est tout aussi impressionnante, avec un écran Liquid Retina qui prend en charge 1 milliard de couleurs, Dolby Vision et HDR10 pour des images d'une vivacité à couper le souffle.
Sous le capot, le processeur Apple M3 doté d'une unité centrale à 8 cœurs et d'un moteur neuronal à 16 cœurs garantit que toutes les tâches sont exécutées avec efficacité et rapidité. La connectivité n'est jamais un problème, car le MacBook Air est équipé des interfaces USB4/Thunderbolt 3/DisplayPort et de Bluetooth 5.3, ce qui permet une intégration transparente avec un large éventail d'appareils.
En outre, l'engagement d'Apple en faveur du développement durable est évident dans la conception du MacBook Air, qui intègre 50 % de matériaux recyclés et obtient la certification ENERGY STAR. Cet ordinateur portable n'est pas seulement un outil puissant pour le travail et les loisirs, c'est aussi un pas en avant vers une informatique responsable.",8 Go,512 Go,SSD,Apple M3,IPS,2880 x 1864 pixels,,60 Hz,500 cd/m²,15.3 pouces,Apple M3 10-core,"Wi-Fi 6E, Bluetooth 5.3","2 x USB4/Thunderbolt 3/DisplayPort (charge)
Sortie casque","Tension de 100 à 240 V CA, Fréquence de 50 à 60 HZ","Six hauts-parleurs, réseau de 3 microphones",34.04 cm x 23.76 cm x 1.15 cm,1.51 kg,ENERGY STAR,167 kg d'émissions de carbone,Français (AZERTY),1 ans de garantie,,,Neuf,Lumière des étoiles,https://manystacks.s3.eu-west-3.amazonaws.com/Produits/Images/MRYT3FN%3AA.jpg,,,,,,,,, 1565.00,57.00,0
MC8Q4FN/A,"MacBook Air M3 - 13.6""","24 Go RAM, SSD 512 Go, IPS, M3 10-core GPU, 13.6 pouces",macOS Sequoia 15.0,Oui,"Caméra FaceTime HD 1080p, processeur de signal d'image avancé (ISP)","Lecture vidéo: jusqu'à 18 heures, Navigation Web via WiFi: jusqu'à 15 heures",ordinateurs,ordinateurs,Apple,MacBook Air,"Découvrez l'Apple MacBook Air, un ordinateur portable qui redéfinit ce que vous pouvez attendre d'un ordinateur portable. Avec son réseau innovant de 3 microphones, chaque conversation est d'une clarté cristalline, grâce à des modes de clarté vocale et d'isolation améliorés. L'expérience visuelle est tout aussi impressionnante, avec un écran Liquid Retina qui prend en charge 1 milliard de couleurs, Dolby Vision et HDR10 pour des images d'une vivacité à couper le souffle.
Sous le capot, le processeur Apple M3 doté d'une unité centrale à 8 cœurs et d'un moteur neuronal à 16 cœurs garantit que toutes les tâches sont exécutées avec efficacité et rapidité. La connectivité n'est jamais un problème, car le MacBook Air est équipé des interfaces USB4/Thunderbolt 3/DisplayPort et de Bluetooth 5.3, ce qui permet une intégration transparente avec un large éventail d'appareils.
En outre, l'engagement d'Apple en faveur du développement durable est évident dans la conception du MacBook Air, qui intègre 50 % de matériaux recyclés et obtient la certification ENERGY STAR. Cet ordinateur portable n'est pas seulement un outil puissant pour le travail et les loisirs, c'est aussi un pas en avant vers une informatique responsable.",24 Go,512 Go,SSD,Apple M3,IPS,2560 x 1664 pixels,,60 Hz,500 cd/m²,13.6 pouces,Apple M3 10-core,"Wi-Fi 6E, Bluetooth 5.3","2 x USB4/Thunderbolt 3/DisplayPort (charge)
Sortie casque","Tension de 100 à 240 V CA, Fréquence de 50 à 60 HZ","Quatre haut-parleurs, array de microphones à formation de faisceau de 3",30.41 cm x 21.5 cm x 1.13 cm,1.24 kg,ENERGY STAR,144 kg carbon emissions,Français (AZERTY),1 ans de garantie,,,Neuf,Noir minuit,https://manystacks.s3.eu-west-3.amazonaws.com/Produits/Images/MC8Q4FN%3AA.jpg,,,,,,,,, 1611.00,58.00,0
MC8N4FN/A,"MacBook Air M3 - 13.6""","24 Go RAM,SSD 512 Go,IPS,M3 10-core GPU,13.6 pouces",macOS Sequoia 15.0,Oui,"Caméra FaceTime HD 1080p, processeur de signal d'image avancé (ISP)","Lecture vidéo: jusqu'à 18 heures
Navigation Web via WiFi: jusqu'à 15 heures",ordinateurs,ordinateurs,Apple,MacBook Air,"Découvrez l'Apple MacBook Air, un ordinateur portable qui redéfinit ce que vous pouvez attendre d'un ordinateur portable. Avec son réseau innovant de 3 microphones, chaque conversation est d'une clarté cristalline, grâce à des modes de clarté vocale et d'isolation améliorés. L'expérience visuelle est tout aussi impressionnante, avec un écran Liquid Retina qui prend en charge 1 milliard de couleurs, Dolby Vision et HDR10 pour des images d'une vivacité à couper le souffle.
Sous le capot, le processeur Apple M3 doté d'une unité centrale à 8 cœurs et d'un moteur neuronal à 16 cœurs garantit que toutes les tâches sont exécutées avec efficacité et rapidité. La connectivité n'est jamais un problème, car le MacBook Air est équipé des interfaces USB4/Thunderbolt 3/DisplayPort et de Bluetooth 5.3, ce qui permet une intégration transparente avec un large éventail d'appareils.
En outre, l'engagement d'Apple en faveur du développement durable est évident dans la conception du MacBook Air, qui intègre 50 % de matériaux recyclés et obtient la certification ENERGY STAR. Cet ordinateur portable n'est pas seulement un outil puissant pour le travail et les loisirs, c'est aussi un pas en avant vers une informatique responsable.",24 Go,512 Go,SSD,Apple M3,IPS,2560 x 1664 pixels,,60 Hz,500 cd/m²,13.6 pouces,Apple M3 10-core,"Wi-Fi 6E, Bluetooth 5.3","2 x USB4/Thunderbolt 3/DisplayPort (charge)
Sortie casque","Tension de 100 à 240 V CA, Fréquence de 50 à 60 HZ","Quatre haut-parleurs, array de microphones à formation de faisceau de 3",30.41 cm x 21.5 cm x 1.13 cm,1.24 kg,ENERGY STAR,144 kg carbon emissions,Français (AZERTY),1 ans de garantie,,,Neuf,Argent,https://manystacks.s3.eu-west-3.amazonaws.com/Produits/Images/MC8N4FN%3AA.jpg,,,,,,,,, 1611.00,58.00,0
MC8M4FN/A,"MacBook Air M3 - 13.6""","24 Go RAM, SSD 512 Go, IPS, M3 10-core GPU, 13.6 pouces",macOS Sequoia 15.0,Oui,"Caméra FaceTime HD 1080p, processeur de signal d'image avancé (ISP)","Lecture vidéo: jusqu'à 18 heures
Navigation Web via WiFi: jusqu'à 15 heures",ordinateurs,ordinateurs,Apple,MacBook Air,"Découvrez l'Apple MacBook Air, un ordinateur portable qui redéfinit ce que vous pouvez attendre d'un ordinateur portable. Avec son réseau innovant de 3 microphones, chaque conversation est d'une clarté cristalline, grâce à des modes de clarté vocale et d'isolation améliorés. L'expérience visuelle est tout aussi impressionnante, avec un écran Liquid Retina qui prend en charge 1 milliard de couleurs, Dolby Vision et HDR10 pour des images d'une vivacité à couper le souffle.
Sous le capot, le processeur Apple M3 doté d'une unité centrale à 8 cœurs et d'un moteur neuronal à 16 cœurs garantit que toutes les tâches sont exécutées avec efficacité et rapidité. La connectivité n'est jamais un problème, car le MacBook Air est équipé des interfaces USB4/Thunderbolt 3/DisplayPort et de Bluetooth 5.3, ce qui permet une intégration transparente avec un large éventail d'appareils.
En outre, l'engagement d'Apple en faveur du développement durable est évident dans la conception du MacBook Air, qui intègre 50 % de matériaux recyclés et obtient la certification ENERGY STAR. Cet ordinateur portable n'est pas seulement un outil puissant pour le travail et les loisirs, c'est aussi un pas en avant vers une informatique responsable.",24 Go,512 Go,SSD,Apple M3,IPS,2560 x 1664 pixels,,60 Hz,500 cd/m²,13.6 pouces,Apple M3 10-core,"Wi-Fi 6E, Bluetooth 5.3","2 x USB4/Thunderbolt 3/DisplayPort (charge)
Sortie casque","Tension de 100 à 240 V CA, Fréquence de 50 à 60 HZ","Quatre haut-parleurs, array de microphones à formation de faisceau de 3",30.41 cm x 21.5 cm x 1.13 cm,1.24 kg,ENERGY STAR,144 kg carbon emissions,Français (AZERTY),1 ans de garantie,,,Neuf,Gris sidéral,https://manystacks.s3.eu-west-3.amazonaws.com/Produits/Images/MC8M4FN%3AA.jpg,,,,,,,,, 1611.00,58.00,0
MC8P4FN/A,"MacBook Air M3 - 13.6""","24 Go RAM, SSD 512 Go, IPS, M3 10-core GPU, 13.6 pouces",macOS Sequoia 15.0,Oui,"Caméra FaceTime HD 1080p, processeur de signal d'image avancé (ISP)","Lecture vidéo: jusqu'à 18 heures
Navigation Web via WiFi: jusqu'à 15 heures",ordinateurs,ordinateurs,Apple,MacBook Air,"Découvrez l'Apple MacBook Air, un ordinateur portable qui redéfinit ce que vous pouvez attendre d'un ordinateur portable. Avec son réseau innovant de 3 microphones, chaque conversation est d'une clarté cristalline, grâce à des modes de clarté vocale et d'isolation améliorés. L'expérience visuelle est tout aussi impressionnante, avec un écran Liquid Retina qui prend en charge 1 milliard de couleurs, Dolby Vision et HDR10 pour des images d'une vivacité à couper le souffle.
Sous le capot, le processeur Apple M3 doté d'une unité centrale à 8 cœurs et d'un moteur neuronal à 16 cœurs garantit que toutes les tâches sont exécutées avec efficacité et rapidité. La connectivité n'est jamais un problème, car le MacBook Air est équipé des interfaces USB4/Thunderbolt 3/DisplayPort et de Bluetooth 5.3, ce qui permet une intégration transparente avec un large éventail d'appareils.
En outre, l'engagement d'Apple en faveur du développement durable est évident dans la conception du MacBook Air, qui intègre 50 % de matériaux recyclés et obtient la certification ENERGY STAR. Cet ordinateur portable n'est pas seulement un outil puissant pour le travail et les loisirs, c'est aussi un pas en avant vers une informatique responsable.",24 Go,512 Go,SSD,Apple M3,IPS,2560 x 1664 pixels,,60 Hz,500 cd/m²,13.6 pouces,Apple M3 10-core,"Wi-Fi 6E, Bluetooth 5.3","2 x USB4/Thunderbolt 3/DisplayPort (charge)
Sortie casque","Tension de 100 à 240 V CA, Fréquence de 50 à 60 HZ","Quatre haut-parleurs, array de microphones à formation de faisceau de 3",30.41 cm x 21.5 cm x 1.13 cm,1.24 kg,ENERGY STAR,144 kg carbon emissions,Français (AZERTY),1 ans de garantie,,,Neuf,Lumière des étoiles,https://manystacks.s3.eu-west-3.amazonaws.com/Produits/Images/MC8P4FN%3AA.jpg,,,,,,,,, 1611.00,58.00,0
MXD23FN/A,"MacBook Air M3 - 15.3""","16 Go RAM, SSD 512 Go, IPS, M3 10-core GPU, 15.3 pouces",M3 10-core GPU,Oui,"Caméra FaceTime HD 1080p, processeur de signal d'image avancé (ISP)","Navigation Web via WiFi: jusqu'à 15 heure(s)
Lecture vidéo: jusqu'à 18 heure(s)
Navigation Web via WiFi: jusqu'à 15 h,eure(s)",ordinateurs,ordinateurs,Apple,MacBook Air,"Découvrez l'Apple MacBook Air, un ordinateur portable qui redéfinit ce que vous pouvez attendre d'un ordinateur portable. Avec son réseau innovant de 3 microphones, chaque conversation est d'une clarté cristalline, grâce à des modes de clarté vocale et d'isolation améliorés. L'expérience visuelle est tout aussi impressionnante, avec un écran Liquid Retina qui prend en charge 1 milliard de couleurs, Dolby Vision et HDR10 pour des images d'une vivacité à couper le souffle.
Sous le capot, le processeur Apple M3 doté d'une unité centrale à 8 cœurs et d'un moteur neuronal à 16 cœurs garantit que toutes les tâches sont exécutées avec efficacité et rapidité. La connectivité n'est jamais un problème, car le MacBook Air est équipé des interfaces USB4/Thunderbolt 3/DisplayPort et de Bluetooth 5.3, ce qui permet une intégration transparente avec un large éventail d'appareils.
En outre, l'engagement d'Apple en faveur du développement durable est évident dans la conception du MacBook Air, qui intègre 50 % de matériaux recyclés et obtient la certification ENERGY STAR. Cet ordinateur portable n'est pas seulement un outil puissant pour le travail et les loisirs, c'est aussi un pas en avant vers une informatique responsable.",16 Go,512 Go,SSD,Apple M3,IPS,2880 x 1864 pixels,,60 Hz,500 cd/m²,15.3 pouces,Apple M3 10-core,"Wi-Fi 6E, Bluetooth 5.3","2 x USB4/Thunderbolt 3/DisplayPort (charge)
Sortie casque","Tension de 100 à 240 V CA, Fréquence de 50 à 60 HZ","Six hauts-parleurs, réseau de 3 microphones",34.04 cm x 23.76 cm x 1.15 cm,1.51 kg,ENERGY STAR,167 kg d'émissions de carbone,Français (AZERTY),1 ans de garantie,,,Neuf,Argent,https://manystacks.s3.eu-west-3.amazonaws.com/Produits/Images/MXD23FN%3AA.jpg,,,,,,,,, 1675.00,61.00,0
MXD13FN/A,"MacBook Air M3 - 15.3""","16 Go RAM, SSD 512 Go, IPS , M3 10-core GPU, 15.3 pouces",Apple macOS Sonoma 14.0,Oui,"Caméra FaceTime HD, 1080p processeur de signal d'image avancé (ISP)","Navigation Web via WiFi: jusqu'à 15 heure(s)
Lecture vidéo: jusqu'à 18 heure(s)",ordinateurs,ordinateurs,Apple,MacBook Air,"Découvrez l'Apple MacBook Air, un ordinateur portable qui redéfinit ce que vous pouvez attendre d'un ordinateur portable. Avec son réseau innovant de 3 microphones, chaque conversation est d'une clarté cristalline, grâce à des modes de clarté vocale et d'isolation améliorés. L'expérience visuelle est tout aussi impressionnante, avec un écran Liquid Retina qui prend en charge 1 milliard de couleurs, Dolby Vision et HDR10 pour des images d'une vivacité à couper le souffle.
Sous le capot, le processeur Apple M3 doté d'une unité centrale à 8 cœurs et d'un moteur neuronal à 16 cœurs garantit que toutes les tâches sont exécutées avec efficacité et rapidité. La connectivité n'est jamais un problème, car le MacBook Air est équipé des interfaces USB4/Thunderbolt 3/DisplayPort et de Bluetooth 5.3, ce qui permet une intégration transparente avec un large éventail d'appareils.
En outre, l'engagement d'Apple en faveur du développement durable est évident dans la conception du MacBook Air, qui intègre 50 % de matériaux recyclés et obtient la certification ENERGY STAR. Cet ordinateur portable n'est pas seulement un outil puissant pour le travail et les loisirs, c'est aussi un pas en avant vers une informatique responsable.",16 Go,512 Go,SSD,Apple M3,IPS,2880 x 1864 pixels,,60 Hz,500 cd/m²,15.3 pouces,Apple M3 10-core,"Wi-Fi 6E, Bluetooth 5.3","2 x USB4/Thunderbolt 3/DisplayPort (charge)
Sortie casque","Tension de 100 à 240 V CA, Fréquence de 50 à 60 HZ","Six hauts-parleurs, réseau de 3 microphones",34.04 cm x 23.76 cm x 1.15 cm,1.51 kg,ENERGY STAR,167 kg d'émissions de carbone,Français (AZERTY),1 ans de garantie,,,Neuf,Gris sidéral,https://manystacks.s3.eu-west-3.amazonaws.com/Produits/Images/MXD13FN%3AA.jpg,,,,,,,,, 1675.00,61.00,0
MXD33FN/A,"MacBook Air M3 - 15.3""","16 Go RAM, SSD 512 Go, IPS, M3 10-core GPU, 15.3 pouces",Apple macOS Sonoma 14.0,Oui,"Caméra FaceTime HD, 1080p processeur de signal d'image avancé (ISP)","Navigation Web via WiFi: jusqu'à 15 heure(s)
Lecture vidéo: jusqu'à 18 heure(s)",ordinateurs,ordinateurs,Apple,MacBook Air,"Découvrez l'Apple MacBook Air, un ordinateur portable qui redéfinit ce que vous pouvez attendre d'un ordinateur portable. Avec son réseau innovant de 3 microphones, chaque conversation est d'une clarté cristalline, grâce à des modes de clarté vocale et d'isolation améliorés. L'expérience visuelle est tout aussi impressionnante, avec un écran Liquid Retina qui prend en charge 1 milliard de couleurs, Dolby Vision et HDR10 pour des images d'une vivacité à couper le souffle.
Sous le capot, le processeur Apple M3 doté d'une unité centrale à 8 cœurs et d'un moteur neuronal à 16 cœurs garantit que toutes les tâches sont exécutées avec efficacité et rapidité. La connectivité n'est jamais un problème, car le MacBook Air est équipé des interfaces USB4/Thunderbolt 3/DisplayPort et de Bluetooth 5.3, ce qui permet une intégration transparente avec un large éventail d'appareils.
En outre, l'engagement d'Apple en faveur du développement durable est évident dans la conception du MacBook Air, qui intègre 50 % de matériaux recyclés et obtient la certification ENERGY STAR. Cet ordinateur portable n'est pas seulement un outil puissant pour le travail et les loisirs, c'est aussi un pas en avant vers une informatique responsable.",16 Go,512 Go,SSD,Apple M3,IPS,2880 x 1864 pixels,,60 Hz,500 cd/m²,15.3 pouces,Apple M3 10-core,"Wi-Fi 6E, Bluetooth 5.3","2 x USB4/Thunderbolt 3/DisplayPort (charge)
Sortie casque","Tension de 100 à 240 V CA, Fréquence de 50 à 60 HZ","Six hauts-parleurs, réseau de 3 microphones",34.04 cm x 23.76 cm x 1.15 cm,1.51 kg,ENERGY STAR,167 kg d'émissions de carbone,Français (AZERTY),1 ans de garantie,,,Neuf,Lumière des étoiles,https://manystacks.s3.eu-west-3.amazonaws.com/Produits/Images/MXD33FN%3AA.jpg,,,,,,,,, 1675.00,59.00,0
MW2U3FN/A,"MacBook Pro M4 - 14.2""","16 Go RAM, SSD 512 Go, Liquid Retina, Apple M4 10-core, 14.2 pouces",macOS Sequoia 15.0,Oui,"caméra FaceTime 1 080p HD, caméra de scène centrale, support de vue de bureau","Lecture vidéo: jusqu'à 24 heures
Navigation Web via WiFi: jusqu'à 16 heures",ordinateurs,ordinateurs,Apple,MacBook Pro,"Le MacBook Pro 14 pouces avec puce M4 vous offre des performances spectaculaires dans un ordinateur portable puissant conçu pour l'intelligence Apple [1]. Avec une autonomie pouvant atteindre 24 heures [2] et un écran Liquid Retina XDR époustouflant d'une luminosité maximale de 1 600 nits, c'est un pro à tous points de vue.",16 Go,512 Go,SSD,Apple M4,Liquid Retina,3024 x 1964 pixels,,60 Hz,1000 cd/m²,14.2 pouces,Apple M4 10-core,"Wi-Fi 6E, Bluetooth 5.3","3 x USB4 (supports Thunderbolt 4, DisplayPort 1.4 Alt Mode) (charge)
Sortie casque
HDMI","Tension de 100 à 240 V CA, Fréquence de 50 à 60 HZ","Six hauts-parleurs, array de microphones à formation de faisceau de 3",31.26 cm x 22.12 cm x 1.55 cm,1.55 kg,ENERGY STAR,198 kg carbon emissions,Français (AZERTY),1 ans de garantie,,,Neuf,Noir spatial,https://manystacks.s3.eu-west-3.amazonaws.com/Produits/Images/MW2U3FN%3AA.jpg,,,,,,,,, 1739.00,62.00,0
MW2W3FN/A,"MacBook Pro M4 - 14.2""","16 Go RAM, SSD 512 Go, Liquid Retina XDR, Apple M4 10-core, 14.2 pouces",macOS Sequoia 15.0,Oui,"caméra FaceTime 1 080p HD, caméra de scène centrale, support de vue de bureau","Lecture vidéo: jusqu'à 24 heures
Navigation Web via WiFi: jusqu'à 16 heures",ordinateurs,ordinateurs,Apple,MacBook Pro,"Le MacBook Pro 14 pouces avec puce M4 vous offre des performances spectaculaires dans un ordinateur portable puissant conçu pour l'intelligence Apple [1]. Avec une autonomie pouvant atteindre 24 heures [2] et un écran Liquid Retina XDR époustouflant d'une luminosité maximale de 1 600 nits, c'est un pro à tous points de vue.",16 Go,512 Go,SSD,Apple M4,Liquid Retina XDR,3024 x 1964 pixels,,60 Hz,1000 cd/m²,14.2 pouces,Apple M4 10-core,"Wi-Fi 6E, Bluetooth 5.3","3 x USB4 (supports Thunderbolt 4, DisplayPort 1.4 Alt Mode) (charge)
Sortie casque
HDMI","Tension de 100 à 240 V CA, Fréquence de 50 à 60 HZ","Six hauts-parleurs, array de microphones à formation de faisceau de 3",31.26 cm x 22.12 cm x 1.55 cm,1.55 kg,ENERGY STAR,198 kg carbon emissions,Français (AZERTY),1 ans de garantie,,,Neuf,Argent,https://manystacks.s3.eu-west-3.amazonaws.com/Produits/Images/MW2W3FN%3AA.jpg,,,,,,,,, 1739.00,62.00,0
MXE03FN/A,"MacBook Pro M3 - 14.2""","16 Go RAM, SSD 1 To, Liquid Retina XDR, M3 10-core GPU, 14.2 pouces",Apple macOS Sonoma 14.0,Oui,"Processeur de signal d'image avancé (ISP), caméra FaceTime 1 080p HD","Lecture vidéo: jusqu'à 22 heures
Navigation Web via WiFi: jusqu'à 15 heures",ordinateurs,ordinateurs,Apple,MacBook Pro,"Le MacBook Pro 14 pouces avec puce M3 vous offre des performances spectaculaires dans un ordinateur portable puissant conçu pour l'intelligence Apple [1]. Avec une autonomie pouvant atteindre 24 heures [2] et un écran Liquid Retina XDR époustouflant d'une luminosité maximale de 1 600 nits, c'est un pro à tous points de vue.",16 Go,1 To,SSD,Apple M3,Liquid Retina XDR,3024 x 1964 pixels,,60 Hz,1 000 cd/m²,14.2 pouces,Apple M3 10-core,"Wi-Fi 6E, Bluetooth 5.3","2 x USB4/Thunderbolt 3/DisplayPort (charge)
Sortie casque","Tension de 100 à 240 V CA, Fréquence de 50 à 60 HZ","Six hauts-parleurs, réseau de 3 microphones",31.26 cm x 22.12 cm x 1.55 cm,1.55 kg,ENERGY STAR,,Français (AZERTY),1 ans de garantie,,,Neuf,Gris sidéral,https://manystacks.s3.eu-west-3.amazonaws.com/Produits/Images/MXE03FN%3AA.jpg,,,,,,,,, 1830.00,64.00,0
MC9L4FN/A,"MacBook Air M3 - 15.3""","24 Go RAM, SSD 512 Go, IPS, M3 10-core GPU, 15.3 pouces
,",macOS Sequoia 15.0,Oui,"Caméra FaceTime HD 1 080p, processeur de signal d'image avancé (ISP)","Lecture vidéo: jusqu'à 18 heures
Navigation Web via WiFi: jusqu'à 15 heures",ordinateurs,ordinateurs,Apple,MacBook Air,"Découvrez l'Apple MacBook Air, un ordinateur portable qui redéfinit ce que vous pouvez attendre d'un ordinateur portable. Avec son réseau innovant de 3 microphones, chaque conversation est d'une clarté cristalline, grâce à des modes de clarté vocale et d'isolation améliorés. L'expérience visuelle est tout aussi impressionnante, avec un écran Liquid Retina qui prend en charge 1 milliard de couleurs, Dolby Vision et HDR10 pour des images d'une vivacité à couper le souffle.
Sous le capot, le processeur Apple M3 doté d'une unité centrale à 8 cœurs et d'un moteur neuronal à 16 cœurs garantit que toutes les tâches sont exécutées avec efficacité et rapidité. La connectivité n'est jamais un problème, car le MacBook Air est équipé des interfaces USB4/Thunderbolt 3/DisplayPort et de Bluetooth 5.3, ce qui permet une intégration transparente avec un large éventail d'appareils.
En outre, l'engagement d'Apple en faveur du développement durable est évident dans la conception du MacBook Air, qui intègre 50 % de matériaux recyclés et obtient la certification ENERGY STAR. Cet ordinateur portable n'est pas seulement un outil puissant pour le travail et les loisirs, c'est aussi un pas en avant vers une informatique responsable.",24 Go,512 Go,SSD,Apple M3,IPS,2880 x 1864 pixels,,60 Hz,1000 cd/m²,15.3 pouces,Apple M3 10-core,"Wi-Fi 6E, Bluetooth 5.3","2 x USB4/Thunderbolt 3/DisplayPort (charge)
Sortie casque","Tension de 100 à 240 V CA, Fréquence de 50 à 60 HZ","Six hauts-parleurs, array de microphones à formation de faisceau de 3",34.04 cm x 23.76 cm x 1.15 cm,1.51 kg,ENERGY STAR,167 kg d'émissions de carbone,Français (AZERTY),1 ans de garantie,,,Neuf,Noir minuit,https://manystacks.s3.eu-west-3.amazonaws.com/Produits/Images/MC9L4FN%3AA.jpg,,,,,,,,, 1885.00,66.00,0
MC9J4FN/A,"MacBook Air M3 - 15.3""","24 Go RAM, SSD 512 Go, IPS, M3 10-core GPU, 15.3 pouces",macOS Sequoia 15.0,Oui,"Caméra FaceTime HD 1080p, processeur de signal d'image avancé (ISP)","Lecture vidéo: jusqu'à 18 heures
Navigation Web via WiFi: jusqu'à 15 heures",ordinateurs,ordinateurs,Apple,MacBook Air,"Découvrez l'Apple MacBook Air, un ordinateur portable qui redéfinit ce que vous pouvez attendre d'un ordinateur portable. Avec son réseau innovant de 3 microphones, chaque conversation est d'une clarté cristalline, grâce à des modes de clarté vocale et d'isolation améliorés. L'expérience visuelle est tout aussi impressionnante, avec un écran Liquid Retina qui prend en charge 1 milliard de couleurs, Dolby Vision et HDR10 pour des images d'une vivacité à couper le souffle.
Sous le capot, le processeur Apple M3 doté d'une unité centrale à 8 cœurs et d'un moteur neuronal à 16 cœurs garantit que toutes les tâches sont exécutées avec efficacité et rapidité. La connectivité n'est jamais un problème, car le MacBook Air est équipé des interfaces USB4/Thunderbolt 3/DisplayPort et de Bluetooth 5.3, ce qui permet une intégration transparente avec un large éventail d'appareils.
En outre, l'engagement d'Apple en faveur du développement durable est évident dans la conception du MacBook Air, qui intègre 50 % de matériaux recyclés et obtient la certification ENERGY STAR. Cet ordinateur portable n'est pas seulement un outil puissant pour le travail et les loisirs, c'est aussi un pas en avant vers une informatique responsable.",24 Go,512 Go,SSD,Apple M3,IPS,2880 x 1864 pixels,,60 Hz,500 cd/m²,15.3 pouces,Apple M3 10-core,"Wi-Fi 6E, Bluetooth 5.3","2 x USB4/Thunderbolt 3/DisplayPort (charge)
Sortie casque","Tension de 100 à 240 V CA, Fréquence de 50 à 60 HZ","Six hauts-parleurs, array de microphones à formation de faisceau de 3",34.04 cm x 23.76 cm x 1.15 cm,1.51 kg,ENERGY STAR,167 kg d'émissions de carbone,Français (AZERTY),1 ans de garantie,,,Neuf,Argent,https://manystacks.s3.eu-west-3.amazonaws.com/Produits/Images/MC9J4FN%3AA.jpg,,,,,,,,, 1885.00,66.00,0
MC9H4FN/A,"MacBook Air M3 - 15.3""","24 Go RAM, SSD 512 Go,IPS,M3 10-core GPU, 15.3 pouces",macOS Sequoia 15.0,Oui,"Caméra FaceTime HD 1080p, processeur de signal d'image avancé (ISP)","Lecture vidéo: jusqu'à 18 heures, Navigation Web via WiFi: jusqu'à 15 heures",ordinateurs,ordinateurs,Apple,MacBook Air,"Découvrez l'Apple MacBook Air, un ordinateur portable qui redéfinit ce que vous pouvez attendre d'un ordinateur portable. Avec son réseau innovant de 3 microphones, chaque conversation est d'une clarté cristalline, grâce à des modes de clarté vocale et d'isolation améliorés. L'expérience visuelle est tout aussi impressionnante, avec un écran Liquid Retina qui prend en charge 1 milliard de couleurs, Dolby Vision et HDR10 pour des images d'une vivacité à couper le souffle.Sous le capot, le processeur Apple M3 doté d'une unité centrale à 8 cœurs et d'un moteur neuronal à 16 cœurs garantit que toutes les tâches sont exécutées avec efficacité et rapidité. La connectivité n'est jamais un problème, car le MacBook Air est équipé des interfaces USB4/Thunderbolt 3/DisplayPort et de Bluetooth 5.3, ce qui permet une intégration transparente avec un large éventail d'appareils.
En outre, l'engagement d'Apple en faveur du développement durable est évident dans la conception du MacBook Air, qui intègre 50 % de matériaux recyclés et obtient la certification ENERGY STAR. Cet ordinateur portable n'est pas seulement un outil puissant pour le travail et les loisirs, c'est aussi un pas en avant vers une informatique responsable.",24 Go,512 Go,SSD,Apple M3,IPS,2880 x 1864 pixels,,60 Hz,500 cd/m²,15.3 pouces,Apple M3 10-core,"Wi-Fi 6E, Bluetooth 5.3","2 x USB4/Thunderbolt 3/DisplayPort (charge)
Sortie casque","Tension de 100 à 240 V CA, Fréquence de 50 à 60 HZ","Six hauts-parleurs, array de microphones à formation de faisceau de 3",34.04 cm x 23.76 cm x 1.15 cm,1.51 kg,ENERGY STAR,167 kg d'émissions de carbone,Français (AZERTY),1 ans de garantie,,,Neuf,Gris sidéral,https://manystacks.s3.eu-west-3.amazonaws.com/Produits/Images/MXD13FN%3AA.jpg,,,,,,,,, 1885.00,66.00,0
MC9K4FN/A,"MacBook Air M3 - 15.3""","24 Go RAM , SSD 512 Go, IPS, M3 10-core GPU,15.3 pouces",macOS Sequoia 15.0,Oui,"Caméra FaceTime HD 1080p, processeur de signal d'image avancé (ISP)","Lecture vidéo: jusqu'à 18 heures ,Navigation Web via WiFi: jusqu'à 15 heures",ordinateurs,ordinateurs,Apple,MacBook Air,"Découvrez l'Apple MacBook Air, un ordinateur portable qui redéfinit ce que vous pouvez attendre d'un ordinateur portable. Avec son réseau innovant de 3 microphones, chaque conversation est d'une clarté cristalline, grâce à des modes de clarté vocale et d'isolation améliorés. L'expérience visuelle est tout aussi impressionnante, avec un écran Liquid Retina qui prend en charge 1 milliard de couleurs, Dolby Vision et HDR10 pour des images d'une vivacité à couper le souffle.
Sous le capot, le processeur Apple M3 doté d'une unité centrale à 8 cœurs et d'un moteur neuronal à 16 cœurs garantit que toutes les tâches sont exécutées avec efficacité et rapidité. La connectivité n'est jamais un problème, car le MacBook Air est équipé des interfaces USB4/Thunderbolt 3/DisplayPort et de Bluetooth 5.3, ce qui permet une intégration transparente avec un large éventail d'appareils.
En outre, l'engagement d'Apple en faveur du développement durable est évident dans la conception du MacBook Air, qui intègre 50 % de matériaux recyclés et obtient la certification ENERGY STAR. Cet ordinateur portable n'est pas seulement un outil puissant pour le travail et les loisirs, c'est aussi un pas en avant vers une informatique responsable.",24 Go,512 Go,SSD,Apple M3,IPS,2880 x 1864 pixels,,60 Hz,500 cd/m²,15.3 pouces,Apple M3 10-core,"Wi-Fi 6E, Bluetooth 5.3","2 x USB4/Thunderbolt 3/DisplayPort (charge)
Sortie casque","Tension de 100 à 240 V CA, Fréquence de 50 à 60 HZ","Six hauts-parleurs, array de microphones à",34.04 cm x 23.76 cm x 1.15 cm,1.51 kg,ENERGY STAR,167 kg d'émissions de carbone,Français (AZERTY),1 ans de garantie,,,Neuf,Lumière des étoiles,https://manystacks.s3.eu-west-3.amazonaws.com/Produits/Images/MC9K4FN%3AA.jpg,,,,,,,,, 1885.00,66.00,0
MW2X3FN/A,"MacBook Pro M4 - 14.2""","16 Go RAM , SSD 1 To , Liquid Retin XDaR, Apple M4 10-core,14.2 pouces",macOS Sequoia 15.0,Oui,"caméra FaceTime 1 080p HD, caméra de scène centrale, support de vue de bureau","Lecture vidéo: jusqu'à 24 heures
Navigation Web via WiFi: jusqu'à 16 heures",ordinateurs,ordinateurs,Apple,MacBook Air,"Le MacBook Pro 14 pouces avec puce M4 vous offre des performances spectaculaires dans un ordinateur portable puissant conçu pour l'intelligence Apple [1]. Avec une autonomie pouvant atteindre 24 heures [2] et un écran Liquid Retina XDR époustouflant d'une luminosité maximale de 1 600 nits, c'est un pro à tous points de vue.",16 Go,1 To,SSD,Apple M4,Liquid Retina XDR,3024 x 1964 pixels,,60 Hz,1000 cd/m²,14.2 pouces,Apple M4 10-core,"Wi-Fi 6E, Bluetooth 5.3","3 x USB4 (supports Thunderbolt 4, DisplayPort 1.4 Alt Mode) (charge)
Sortie casque","Tension de 100 à 240 V CA, Fréquence de 50 à 60 HZ","Six hauts-parleurs, array de microphones à formation de faisceau de 3",31.26 cm x 22.12 cm x 1.55 cm,1.51 kg,ENERGY STAR,,Français (AZERTY),1 ans de garantie,,,Neuf,Argent,https://manystacks.s3.eu-west-3.amazonaws.com/Produits/Images/MW2X3FN%3AA.jpg,,,,,,,,, 1949.00,68.00,0
MW2V3FN/A,"MacBook Pro M4 - 14.2""","16 Go RAM,SSD 1 To, Liquid Retin XDaR, Apple M4 10-core, 14.2 pouces",macOS Sequoia 15.0,Oui,"caméra FaceTime 1 080p HD, caméra de scène centrale, support de vue de bureau","Lecture vidéo: jusqu'à 24 heures
Navigation Web via WiFi: jusqu'à 16 heures",ordinateurs,ordinateurs,Apple,MacBook Air,"Le MacBook Pro 14 pouces avec puce M4 vous offre des performances spectaculaires dans un ordinateur portable puissant conçu pour l'intelligence Apple [1]. Avec une autonomie pouvant atteindre 24 heures [2] et un écran Liquid Retina XDR époustouflant d'une luminosité maximale de 1 600 nits, c'est un pro à tous points de vue.",16 Go,1 To,SSD,Apple M4,Liquid Retina XDR,3024 x 1964 pixels,,60 Hz,1000 cd/m²,14.2 pouces,Apple M4 10-core,"Wi-Fi 6E, Bluetooth 5.3","3 x USB4 (supports Thunderbolt 4, DisplayPort 1.4 Alt Mode) (charge)
Sortie casque","Tension de 100 à 240 V CA, Fréquence de 50 à 60 HZ","Six hauts-parleurs, array de microphones à formation de faisceau de 3",31.26 cm x 22.12 cm x 1.55 cm,1.55 kg,ENERGY STAR,,Français (AZERTY),1 ans de garantie,,,Neuf,Noir spatial,https://manystacks.s3.eu-west-3.amazonaws.com/Produits/Images/MW2V3FN%3AA.jpg,,,,,,,,, 1949.00,68.00,0
MCX14FN/A,"MacBook Pro M4 - 14.2""","24 Go, SSD 1 To, Liquid Retin XDaR,Apple M4 10-core, 14.2 pouces",macOS Sequoia 15.0,Oui,"caméra FaceTime 1 080p HD, caméra de scène centrale, support de vue de bureau","Lecture vidéo: jusqu'à 24 heures
Navigation Web via WiFi: jusqu'à 16 heures",ordinateurs,ordinateurs,Apple,MacBook Air,"Le MacBook Pro 14 pouces avec puce M4 vous offre des performances spectaculaires dans un ordinateur portable puissant conçu pour l'intelligence Apple [1]. Avec une autonomie pouvant atteindre 24 heures [2] et un écran Liquid Retina XDR époustouflant d'une luminosité maximale de 1 600 nits, c'est un pro à tous points de vue.",24 Go,1 To,SSD,Apple M4,Liquid Retina XDR,024 x 1964 pixels,,60 Hz,1000 cd/m²,14.2 pouces,Apple M4 10-core,"Wi-Fi 6E, Bluetooth 5.3","3 x USB4 (supports Thunderbolt 4, DisplayPort 1.4 Alt Mode) (charge)
Sortie casque
HDMI","Tension de 100 à 240 V CA, Fréquence de 50 à 60 HZ","Six hauts-parleurs, array de microphones à formation de faisceau de 3",31.26 cm x 22.12 cm x 1.55 cm,1.55 kg,ENERGY STAR,,Français (AZERTY),1 ans de garantie,,,Neuf,Argent,https://manystacks.s3.eu-west-3.amazonaws.com/Produits/Images/MCX14FN%3AA.jpg,,,,,,,,, 2160.00,75.00,0
MCX04FN/A,"MacBook Pro M4 - 14.2""","24 Go ,SSD 1 To, Liquid Retin XDaR,Apple M4 10-core,14.2 pouces",macOS Sequoia 15.0,Oui,"caméra FaceTime 1 080p HD, caméra de scène centrale, support de vue de bureau","Lecture vidéo: jusqu'à 24 heures
Navigation Web via WiFi: jusqu'à 16 heures",ordinateurs,ordinateurs,Apple,MacBook Air,"Le MacBook Pro 14 pouces avec puce M4 vous offre des performances spectaculaires dans un ordinateur portable puissant conçu pour l'intelligence Apple [1]. Avec une autonomie pouvant atteindre 24 heures [2] et un écran Liquid Retina XDR époustouflant d'une luminosité maximale de 1 600 nits, c'est un pro à tous points de vue.",24 Go,1 To,SSD,Apple M4,Liquid Retina XDR,3024 x 1964 pixels,,60 Hz,1000 cd/m²,14.2 pouces,Apple M4 10-core,"Wi-Fi 6E, Bluetooth 5.3","3 x USB4 (supports Thunderbolt 4, DisplayPort 1.4 Alt Mode) (charge)
Sortie casque
HDMI","Tension de 100 à 240 V CA, Fréquence de 50 à 60 HZ","Six hauts-parleurs, array de microphones à formation de faisceau de 3",31.26 cm x 22.12 cm x 1.55 cm,1.55 kg,ENERGY STAR,,Français (AZERTY),1 ans de garantie,,,Neuf,Noir spatial,https://manystacks.s3.eu-west-3.amazonaws.com/Produits/Images/MCX04FN%3AA.jpg,,,,,,,,, 2160.00,75.00,0
MX2H3FN/A,"MacBook Pro M4 Pro - 14.2""","24 Go,SSD 512 Go,Liquid Retina XDR, Apple M4 Pro, 16-core,14.2 pouces",macOS Sequoia 15.0,Oui,"caméra FaceTime 1 080p HD, caméra de scène centrale, support de vue de bureau","Lecture vidéo: jusqu'à 22 heures
Navigation Web via WiFi: jusqu'à 14 heures",ordinateurs,ordinateurs,Apple,MacBook Pro,"Le MacBook Pro équipé de la puce M4 Pro vous offre des performances exceptionnelles dans un ordinateur portable puissant conçu pour l'intelligence Apple [1]. Avec une autonomie pouvant atteindre 24 heures [2] et un époustouflant écran Liquid Retina XDR [3] de 14 ou 16 pouces offrant une luminosité maximale de 1 600 nits, il est pro à tous points de vue.",24 Go,512 Go,SSD,Apple M4 Pro,Liquid Retina XDR,3024 x 1964 pixels,,60 Hz,1000 cd/m²,14.2 pouces,Apple M4 Pro 16-core,"Wi-Fi 6E, Bluetooth 5.3","3 x USB4/Thunderbolt 5/DisplayPort 2.1 (charge)
Sortie casque
HDMI","Tension de 100 à 240 V CA, Fréquence de 50 à 60 HZ","Six hauts-parleurs, array de microphones à formation de faisceau de 3",31.26 cm x 22.12 cm x 1.55 cm,1.6 kg,ENERGY STAR,218 kg d'émissions de carbone,Français (AZERTY),1 ans de garantie,,,Neuf,Noir spatial,https://manystacks.s3.eu-west-3.amazonaws.com/Produits/Images/MX2H3FN%3AA.jpg,,,,,,,,, 2197.00,76.00,0
MX2E3FN/A,"MacBook Pro M4 Pro - 14.2""","24 Go,SSD 512 Go, Liquid Retina XDR, Apple M4 Pro 16-core, 14.2 pouces",macOS Sequoia 15.0,Oui,"caméra FaceTime 1 080p HD, caméra de scène centrale, support de vue de bureau","Lecture vidéo: jusqu'à 22 heures
Navigation Web via WiFi: jusqu'à 14 heures",ordinateurs,ordinateurs,Apple,MacBook Pro,"Le MacBook Pro équipé de la puce M4 Pro vous offre des performances exceptionnelles dans un ordinateur portable puissant conçu pour l'intelligence Apple [1]. Avec une autonomie pouvant atteindre 24 heures [2] et un époustouflant écran Liquid Retina XDR [3] de 14 ou 16 pouces offrant une luminosité maximale de 1 600 nits, il est pro à tous points de vue.",24 Go,512 Go,SSD,Apple M4 Pro,Liquid Retina XDR,3024 x 1964 pixels,,60 Hz,1000 cd/m²,14.2 pouces,Apple M4 Pro 16-core,"Wi-Fi 6E, Bluetooth 5.3","3 x USB4/Thunderbolt 5/DisplayPort 2.1 (charge)
Sortie casque
HDMI","Tension de 100 à 240 V CA, Fréquence de 50 à 60 HZ","Six hauts-parleurs, array de microphones à formation de faisceau de 3",31.26 cm x 22.12 cm x 1.55 cm,1.6 kg,ENERGY STAR,218 kg d'émissions de carbone,Français (AZERTY),1 ans de garantie,,,Neuf,Argent,https://manystacks.s3.eu-west-3.amazonaws.com/Produits/Images/MX2E3FN%3AA.jpg,,,,,,,,, 2197.00,76.00,0
MX2X3FN/A,"MacBook Pro M4 Pro - 16.2""","24 Go, SSD 512 Go ,Liquid Retina XDR, Apple M4 Pro 20-core, 16.2 pouces",macOS Sequoia 15.0,Oui,"caméra FaceTime 1 080p HD, caméra de scène centrale, support de vue de bureau","Lecture vidéo: jusqu'à 24 heures
Navigation Web via WiFi: jusqu'à 17 heures",ordinateurs,ordinateurs,Apple,MacBook Pro,"Le MacBook Pro équipé de la puce M4 Pro vous offre des performances exceptionnelles dans un ordinateur portable puissant conçu pour l'intelligence Apple [1]. Avec une autonomie pouvant atteindre 24 heures [2] et un époustouflant écran Liquid Retina XDR [3] de 14 ou 16 pouces offrant une luminosité maximale de 1 600 nits, il est pro à tous points de vue.",24 Go,512 Go,SSD,Apple M4 Pro,Liquid Retina XDR,3456 x 2234 pixels,,60 Hz,1000 cd/m²,16.2 pouces,Apple M4 Pro 20-core,"Wi-Fi 6E, Bluetooth 5.3","3 x USB4/Thunderbolt 5/DisplayPort 2.1 (charge)
Sortie casque
HDMI","Tension de 100 à 240 V CA, Fréquence de 50 à 60 HZ","Six hauts-parleurs, array de microphones à formation de faisceau de 3",35.57 cm x 24.81 cm x 1.68 cm,2.14 kg,ENERGY STAR,279 kg carbon emissions,Français (AZERTY),1 ans de garantie,,,Neuf,Noir spatial,https://manystacks.s3.eu-west-3.amazonaws.com/Produits/Images/MX2X3FN%3AA.jpg,,,,,,,,, 2654.00,92.00,0
MX2F3FN/A,"MacBook Pro M4 Pro - 14.2""","24 Go RAM,SSD 1 To, Liquid Retina XDR, Apple M4 Pro 20-core,14.2pouces",macOS Sequoia 15.0,Oui,"caméra FaceTime 1 080p HD, caméra de scène centrale, support de vue de bureau","Lecture vidéo: jusqu'à 22 heures
Navigation Web via WiFi: jusqu'à 14 heures",ordinateurs,ordinateurs,Apple,MacBook Pro,"Le MacBook Pro équipé de la puce M4 Pro vous offre des performances exceptionnelles dans un ordinateur portable puissant conçu pour l'intelligence Apple [1]. Avec une autonomie pouvant atteindre 24 heures [2] et un époustouflant écran Liquid Retina XDR [3] de 14 ou 16 pouces offrant une luminosité maximale de 1 600 nits, il est pro à tous points de vue.",24 Go,1 To,SSD,Apple M4 Pro,Liquid Retina XDR,3024 x 1964 pixels,,60 Hz,1000 cd/m²,14.2 pouces,Apple M4 Pro 20-core,"Wi-Fi 6E, Bluetooth 5.3","3 x USB4/Thunderbolt 5/DisplayPort 2.1 (charge)
Sortie casque
HDMI","Tension de 100 à 240 V CA, Fréquence de 50 à 60 HZ","Six hauts-parleurs, array de microphones à formation de faisceau de 3",31.26 cm x 22.12 cm x 1.55 cm,1.6 kg,ENERGY STAR,,Français (AZERTY),1 ans de garantie,,,Neuf,Argent,https://manystacks.s3.eu-west-3.amazonaws.com/Produits/Images/MX2F3FN%3AA.jpg,,,,,,,,, 2654.00,90.00,0
MX2T3FN/A,"MacBook Pro M4 Pro - 16.2""","24 Go RAM,SSD 512 Go, Liquid Retina XDR, Apple M4 Pro 20-core, 16.2pouces",macOS Sequoia 15.0,Oui,"caméra FaceTime 1 080p HD, caméra de scène centrale, support de vue de bureau","Lecture vidéo: jusqu'à 24 heures
Navigation Web via WiFi: jusqu'à 17 heures",ordinateurs,ordinateurs,Apple,MacBook Pro,"Le MacBook Pro équipé de la puce M4 Pro vous offre des performances exceptionnelles dans un ordinateur portable puissant conçu pour l'intelligence Apple [1]. Avec une autonomie pouvant atteindre 24 heures [2] et un époustouflant écran Liquid Retina XDR [3] de 14 ou 16 pouces offrant une luminosité maximale de 1 600 nits, il est pro à tous points de vue.",24 Go,512 Go,SSD,Apple M4 Pro,Liquid Retina XDR,3456 x 2234 pixels,,60 Hz,1000 cd/m²,16.2 pouces,Apple M4 Pro 20-core,"Wi-Fi 6E, Bluetooth 5.3","3 x USB4/Thunderbolt 5/DisplayPort 2.1 (charge)
Sortie casque
HDMI","Tension de 100 à 240 V CA, Fréquence de 50 à 60 HZ","Six hauts-parleurs, array de microphones à formation de faisceau de 3",35.57 cm x 24.81 cm x 1.68 cm,2.14 kg,ENERGY STAR,279 kg carbon emissions,Français (AZERTY),1 ans de garantie,,,Neuf,Argent,https://manystacks.s3.eu-west-3.amazonaws.com/Produits/Images/MX2T3FN%3AA.jpg,,,,,,,,, 2654.00,92.00,0
MX2J3FN/A,"MacBook Pro M4 Pro - 14.2""","24 Go RAM,SSD 1 To, Liquid Retina XDR, Apple M4 Pro 20-core, 14.2pouces",macOS Sequoia 15.0,Oui,"caméra FaceTime 1 080p HD, caméra de scène centrale, support de vue de bureau","Lecture vidéo: jusqu'à 22 heures
Navigation Web via WiFi: jusqu'à 14 heures",ordinateurs,ordinateurs,Apple,MacBook Pro,"Le MacBook Pro équipé de la puce M4 Pro vous offre des performances exceptionnelles dans un ordinateur portable puissant conçu pour l'intelligence Apple [1]. Avec une autonomie pouvant atteindre 24 heures [2] et un époustouflant écran Liquid Retina XDR [3] de 14 ou 16 pouces offrant une luminosité maximale de 1 600 nits, il est pro à tous points de vue.",24 Go,1 To,SSD,Apple M4 Pro,Liquid Retina XDR,3024 x 1964 pixels,,60 Hz,1000 cd/m²,14.2 pouces,Apple M4 Pro 20-core,"Wi-Fi 6E, Bluetooth 5.3","3 x USB4/Thunderbolt 5/DisplayPort 2.1 (charge)
Sortie casque
HDMI","Tension de 100 à 240 V CA, Fréquence de 50 à 60 HZ","Six hauts-parleurs, array de microphones à formation de faisceau de 3",31.26 cm x 22.12 cm x 1.55 cm,1.6 kg,ENERGY STAR,,Français (AZERTY),1 ans de garantie,,,Neuf,Noir spatial,https://manystacks.s3.eu-west-3.amazonaws.com/Produits/Images/MX2J3FN%3AA.jpg,,,,,,,,, 2654.00,90.00,0
MX2Y3FN/A,"MacBook Pro M4 Pro - 16.2""","48 Go RAM, SSD 512 Go, Liquid Retina XDR, Apple M4 Pro 20-core, 16.2pouces",macOS Sequoia 15.0,Oui,"caméra FaceTime 1 080p HD, caméra de scène centrale, support de vue de bureau","Lecture vidéo: jusqu'à 24 heures
Navigation Web via WiFi: jusqu'à 17 heures",ordinateurs,ordinateurs,Apple,MacBook Pro,"Le MacBook Pro équipé de la puce M4 Pro vous offre des performances exceptionnelles dans un ordinateur portable puissant conçu pour l'intelligence Apple [1]. Avec une autonomie pouvant atteindre 24 heures [2] et un époustouflant écran Liquid Retina XDR [3] de 14 ou 16 pouces offrant une luminosité maximale de 1 600 nits, il est pro à tous points de vue.",48 Go,512 Go,SSD,Apple M4 Pro,Liquid Retina XDR,3456 x 2234 pixels,,60 Hz,1000 cd/m²,16.2 pouces,Apple M4 Pro 20-core,"Wi-Fi 6E, Bluetooth 5.3","3 x USB4/Thunderbolt 5/DisplayPort 2.1 (charge)
Sortie casque
HDMI","Tension de 100 à 240 V CA, Fréquence de 50 à 60 HZ","Six hauts-parleurs, array de microphones à formation de faisceau de 3",35.57 cm x 24.81 cm x 1.68 cm,2.14 kg,ENERGY STAR,279 kg carbon emissions,Français (AZERTY),1 ans de garantie,Oui,,Neuf,Noir spatial,https://manystacks.s3.eu-west-3.amazonaws.com/Produits/Images/MX2Y3FN%3AA.jpg,,,,,,,,, 3075.00,106.00,0
MX2U3FN/A,"MacBook Pro M4 Pro - 16.2""","48 Go RAM,SSD 512 Go,Liquid Retina XDR, Apple M4 Pro 20-core, 16.2pouces",Apple macOS Sequoia 15.0,Oui,"caméra FaceTime 1 080p HD, caméra de scène centrale, support de vue de bureau","Lecture vidéo: jusqu'à 24 heures
Navigation Web via WiFi: jusqu'à 17 heures",ordinateurs,ordinateurs,Apple,MacBook Pro,"Le MacBook Pro équipé de la puce M4 Pro vous offre des performances exceptionnelles dans un ordinateur portable puissant conçu pour l'intelligence Apple [1]. Avec une autonomie pouvant atteindre 24 heures [2] et un époustouflant écran Liquid Retina XDR [3] de 14 ou 16 pouces offrant une luminosité maximale de 1 600 nits, il est pro à tous points de vue.",48 Go,512 Go,SSD,Apple M4 Pro,Liquid Retina XDR,3456 x 2234 pixels,,60 Hz,1000 cd/m²,16.2 pouces,Apple M4 Pro 20-core,"Wi-Fi 6E, Bluetooth 5.3","3 x USB4/Thunderbolt 5/DisplayPort 2.1 (charge)
Sortie casque
HDMI","Tension de 100 à 240 V CA, Fréquence de 50 à 60 HZ","Six hauts-parleurs, array de microphones à formation de faisceau de 3",35.57 cm x 24.81 cm x 1.68 cm,2.14 kg,ENERGY STAR,279 kg carbon emissions,Français (AZERTY),1 ans de garantie,,,Neuf,Argent,https://manystacks.s3.eu-west-3.amazonaws.com/Produits/Images/MX2U3FN%3AA.jpg,,,,,,,,, 3075.00,106.00,0
MX2K3FN/A,"MacBook Pro M4 Pro - 16.2""","48 Go RAM,SSD 512 Go,Liquid Retina XDR, Apple M4 Pro 20-core, 16.2pouces",macOS Sequoia 15.0,Oui,"caméra FaceTime 1 080p HD, caméra de scène centrale, support de vue de bureau","Lecture vidéo: jusqu'à 18 heures
Navigation Web via WiFi: jusqu'à 13 heures",ordinateurs,ordinateurs,Apple,MacBook Pro,"Le MacBook Pro équipé de la puce M4 Pro vous offre des performances exceptionnelles dans un ordinateur portable puissant conçu pour l'intelligence Apple [1]. Avec une autonomie pouvant atteindre 24 heures [2] et un époustouflant écran Liquid Retina XDR [3] de 14 ou 16 pouces offrant une luminosité maximale de 1 600 nits, il est pro à tous points de vue.",36 Go,1 To,SSD,Apple M4 Max,Liquid Retina XDR,3024 x 1964 pixels,,60 Hz,1000 cd/m²,14.2 pouces,Apple M4 Max 32-core,"Wi-Fi 6E, Bluetooth 5.3","3 x USB4/Thunderbolt 5/DisplayPort 2.1 (charge)
Sortie casque
HDMI","Tension de 100 à 240 V CA, Fréquence de 50 à 60 HZ","Six hauts-parleurs, array de microphones à formation de faisceau de 3",31.26 cm x 22.12 cm x 1.55 cm,1.62 kg,ENERGY STAR,248 kg d'émissions de carbone,Français (AZERTY),1 ans de garantie,,,Neuf,Noir spatial,https://manystacks.s3.eu-west-3.amazonaws.com/Produits/Images/MX2K3FN%3AA.jpg,,,,,,,,, 3478.00,116.00,0
MX2G3FN/A,"MacBook Pro M4 Max - 14.2""","36 Go RAM, SSD 1 To, Liquid Retina XDR, Apple M4 Max 32-core, 14.2 pouces",macOS Sequoia 15.0,Oui,"caméra FaceTime 1 080p HD, caméra de scène centrale, support de vue de bureau","Lecture vidéo: jusqu'à 18 heures
Navigation Web via WiFi: jusqu'à 13 heures",ordinateurs,ordinateurs,Apple,MacBook Pro,"MacBook Pro avec la puce M4 Max vous offre des performances exceptionnelles dans un ordinateur portable puissant conçu pour l'intelligence Apple [1]. Avec une autonomie pouvant atteindre 24 heures [2] et un époustouflant écran Liquid Retina XDR [3] de 14 ou 16 pouces offrant une luminosité maximale de 1 600 nits, c'est un pro à tous points de vue.",36 Go,1 To,SSD,Apple M4 Max,Liquid Retina XDR,3024 x 1964 pixels,,60 Hz,1000 cd/m²,14.2 pouces,Apple M4 Max 32-core,"Wi-Fi 6E, Bluetooth 5.3","3 x USB4/Thunderbolt 5/DisplayPort 2.1 (charge)
Sortie casque
HDMI","Tension de 100 à 240 V CA, Fréquence de 50 à 60 HZ","Six hauts-parleurs, array de microphones à formation de faisceau de 3",31.26 cm x 22.12 cm x 1.55 cm,1.62 kg,ENERGY STAR,248 kg d'émissions de carbone,Français (AZERTY),1 ans de garantie,,,Neuf,Argent,https://manystacks.s3.eu-west-3.amazonaws.com/Produits/Images/MX2G3FN%3AA.jpg,,,,,,,,, 3478.00,116.00,0
MX2V3FN/A,"MacBook Pro M4 Max - 16.2""","36 Go RAM, SSD 1 To, Liquid Retina XDR, Apple M4 Max 32-core, 16.2pouces",macOS Sequoia 15.0,Oui,"caméra FaceTime 1 080p HD, caméra de scène centrale, support de vue de bureau","Lecture vidéo: jusqu'à 21 heures
Navigation Web via WiFi: jusqu'à 14 heures",ordinateurs,ordinateurs,Apple,MacBook Pro,"MacBook Pro avec la puce M4 Max vous offre des performances exceptionnelles dans un ordinateur portable puissant conçu pour l'intelligence Apple [1]. Avec une autonomie pouvant atteindre 24 heures [2] et un époustouflant écran Liquid Retina XDR [3] de 14 ou 16 pouces offrant une luminosité maximale de 1 600 nits, c'est un pro à tous points de vue.",36 Go,1 To,SSD,Apple M4 Max,Liquid Retina XDR,3456 x 2234 pixels,,60 Hz,1000 cd/m²,16.2 pouces,Apple M4 Max 32-core,"Wi-Fi 6E, Bluetooth 5.3","3 x USB4/Thunderbolt 5/DisplayPort 2.1 (charge)
Sortie casque
HDMI","Tension de 100 à 240 V CA, Fréquence de 50 à 60 HZ","Six hauts-parleurs, array de microphones à formation de faisceau de 3",35.57 cm x 24.81 cm x 1.68 cm,1.62 kg,ENERGY STAR,303 kg d'émissions de carbone,Français (AZERTY),1 ans de garantie,,,Neuf,Argent,https://manystacks.s3.eu-west-3.amazonaws.com/Produits/Images/MX2V3FN%3AA.jpg,,,,,,,,, 3753.00,127.00,0
MX303FN/A,"MacBook Pro M4 Max - 16.2""","36 Go RAM, SSD 1 To, Liquid Retina XDR, Apple M4 Max 32-core, 16.2pouces",Apple macOS Sequoia 15.0,Oui,"caméra FaceTime 1 080p HD, caméra de scène centrale, support de vue de bureau","Lecture vidéo: jusqu'à 21 heures
Navigation Web via WiFi: jusqu'à 14 heures",ordinateurs,ordinateurs,Apple,MacBook Pro,"MacBook Pro avec la puce M4 Max vous offre des performances exceptionnelles dans un ordinateur portable puissant conçu pour l'intelligence Apple [1]. Avec une autonomie pouvant atteindre 24 heures [2] et un époustouflant écran Liquid Retina XDR [3] de 14 ou 16 pouces offrant une luminosité maximale de 1 600 nits, c'est un pro à tous points de vue.",36 Go,1 To,SSD,Apple M4 Max,Liquid Retina XDR,3456 x 2234 pixels,,60 Hz,1000 cd/m²,16.2 pouces,Apple M4 Max 32-core,"Wi-Fi 6E, Bluetooth 5.3","3 x USB4/Thunderbolt 5/DisplayPort 2.1 (charge)
Sortie casque
HDMI","Tension de 100 à 240 V CA, Fréquence de 50 à 60 HZ","Six hauts-parleurs, array de microphones à formation de faisceau de 3",35.57 cm x 24.81 cm x 1.68 cm,2.15 kg,ENERGY STAR,303 kg d'émissions de carbone,Français (AZERTY),1 ans de garantie,,,Neuf,Noir spatial,https://manystacks.s3.eu-west-3.amazonaws.com/Produits/Images/MX303FN%3AA.jpg,,,,,,,,, 3753.00,127.00,0
MX313FN/A,"MacBook Pro M4 Max - 16.2""","48 Go RAM, SSD 1 To,Liquid Retina XDR ,Apple M4 Max 40-core, 16.2 pouces",macOS Sequoia 15.0,Oui,"caméra FaceTime 1 080p HD, caméra de scène centrale, support de vue de bureau","Lecture vidéo: jusqu'à 21 heures
Navigation Web via WiFi: jusqu'à 14 heures",ordinateurs,ordinateurs,Apple,MacBook Pro,"MacBook Pro avec la puce M4 Max vous offre des performances exceptionnelles dans un ordinateur portable puissant conçu pour l'intelligence Apple [1]. Avec une autonomie pouvant atteindre 24 heures [2] et un époustouflant écran Liquid Retina XDR [3] de 14 ou 16 pouces offrant une luminosité maximale de 1 600 nits, c'est un pro à tous points de vue.",48 Go,1 To,SSD,Apple M4 Max,Liquid Retina XDR,3456 x 2234 pixels,,60 Hz,1000 cd/m²,16.2 pouces,Apple M4 Max 40-core,"Wi-Fi 6E, Bluetooth 5.3","3 x USB4/Thunderbolt 5/DisplayPort 2.1 (charge)
Sortie casque
HDMI","Tension de 100 à 240 V CA, Fréquence de 50 à 60 HZ","Six hauts-parleurs, array de microphones à formation de faisceau de 3",35.57 cm x 24.81 cm x 1.68 cm,2.15 kg,ENERGY STAR,303 kg d'émissions de carbone,Français (AZERTY),1 ans de garantie,,,Neuf,Noir spatial,https://manystacks.s3.eu-west-3.amazonaws.com/Produits/Images/MX313FN%3AA.jpg,,,,,,,,, 4192.00,139.00,0
MX2W3FN/A,"MacBook Pro M4 Max - 16.2""","48 Go RAM,SSD 1 To, Liquid Retina XDR, Apple M4 Max 40-core, 16.2 pouces",macOS Sequoia 15.0,Oui,"caméra FaceTime 1 080p HD, caméra de scène centrale, support de vue de bureau","Lecture vidéo: jusqu'à 21 heures
Navigation Web via WiFi: jusqu'à 14 heures",ordinateurs,ordinateurs,Apple,MacBook Pro,"MacBook Pro avec la puce M4 Max vous offre des performances exceptionnelles dans un ordinateur portable puissant conçu pour l'intelligence Apple [1]. Avec une autonomie pouvant atteindre 24 heures [2] et un époustouflant écran Liquid Retina XDR [3] de 14 ou 16 pouces offrant une luminosité maximale de 1 600 nits, c'est un pro à tous points de vue.",48 Go,1 To,SSD,Apple M4 Max,Liquid Retina XDR,3456 x 2234 pixels,,60 Hz,1000 cd/m²,16.2 pouces,Apple M4 Max 40-core,"Wi-Fi 6E, Bluetooth 5.3","3 x USB4/Thunderbolt 5/DisplayPort 2.1 (charge)
Sortie casque
HDMI","Tension de 100 à 240 V CA, Fréquence de 50 à 60 HZ","Six hauts-parleurs, array de microphones à formation de faisceau de 3",35.57 cm x 24.81 cm x 1.68 cm,2.15 kg,ENERGY STAR,303 kg d'émissions de carbone,Français (AZERTY),1 ans de garantie,,,Neuf,Argent,https://manystacks.s3.eu-west-3.amazonaws.com/Produits/Images/MX2W3FN%3AA.jpg,,,,,,,,, 4302.00,144.00,0
MYEE3ZD/A,Apple iPhone 16,"Apple iPhone 16, 5G smartphone,256 Go,GSM, 6.1 pouces",iOS 18,Oui,"Protection de l'objectif en cristal de saphir, stabilisation vidéo Cinematic, Stabilisation d'image automatique, Zoom lecture, marquage géographique, enregistrement stéréo, vidéo à mise au point continue, enregistrement vidéo 4K et photos fixes de 8 MP, Vidéo en accéléré avec stabilisation, correction yeux rouges avancée, Panorama (jusque 63MP), capture d'image HEIF, zoom audio, 100% Focus Pixels, HEVC (High Efficiency Video coding), Fusion profond, Stabilisation optique de l'image par déplacement du capteur pour la vidéo, zoom numérique jusqu'à 6x pour vidéo, zoom optique de sortie 2x, Technologie Quad Pixel pour 2,0 µm, Mode cinématique jusqu'à 4K HDR à 30 fps, Mode action jusqu'à 2.8K à 60 fps, Moteur photonique, AVC (H.264), réduction du bruit du vent, mise au point de portrait et contrôle de la profondeur, zoom optique 4x, zoom optique d'entrée 2x, enregistrement vidéo spatial en 1080p à 30 fps, Vidéo QuickTake jusqu'à 4K à 60 ips en Dolby Vision, Audio spatial et enregistrement stéréo, Mixage audio, enregistrement vidéo 4K Dolby Vision jusqu'à 60 ips, enregistrement vidéo 1080p Dolby Vision jusqu'à 60 ips, Camera Control, Spatial photos","Lecture (vidéo): jusqu'à 22 hrs
Lecture (vidéo diffusée en continu): jusqu'à 18 hrs
Lecture (audio): jusqu'à 80 hrs",telephones,telephones,Apple,iPhone,"L'iPhone 16 est conçu pour Apple Intelligence, le système d'intelligence personnelle qui vous aide à écrire, à vous exprimer et à accomplir des tâches sans effort. Grâce à des protections de la vie privée révolutionnaires, vous avez l'esprit tranquille : personne d'autre ne peut accéder à vos données, pas même Apple.",,256 Go,,Apple A18,écran OEL,2556 x 1179 pixels,,,1000 cd/m²,6.1 pouces,,"UWB, Bluetooth, Wi-Fi 7",USB Type-C - 24 pin USB-C. NFC,,,71.6 mm x 7.8 mm x 147.6 mm,170 g,,56 kg d'émissions de carbone,,1 ans de garantie,,,Neuf,Noir,https://manystacks.s3.eu-west-3.amazonaws.com/Produits/Images/MYEE3ZD%3AA.jpg,,,,,,,,, 987.00,35.00,0
MYEF3ZD/A,Apple iPhone 16,"Apple iPhone 16, 5G smartphone,256 Go,GSM, 6.1 pouces",iOS 18,Oui,"Protection de l'objectif en cristal de saphir, stabilisation vidéo Cinematic, Stabilisation d'image automatique, Zoom lecture, marquage géographique, enregistrement stéréo, vidéo à mise au point continue, enregistrement vidéo 4K et photos fixes de 8 MP, Vidéo en accéléré avec stabilisation, correction yeux rouges avancée, Panorama (jusque 63MP), capture d'image HEIF, zoom audio, 100% Focus Pixels, HEVC (High Efficiency Video coding), Fusion profond, Stabilisation optique de l'image par déplacement du capteur pour la vidéo, zoom numérique jusqu'à 6x pour vidéo, zoom optique de sortie 2x, Technologie Quad Pixel pour 2,0 µm, Mode cinématique jusqu'à 4K HDR à 30 fps, Mode action jusqu'à 2.8K à 60 fps, Moteur photonique, AVC (H.264), réduction du bruit du vent, mise au point de portrait et contrôle de la profondeur, zoom optique 4x, zoom optique d'entrée 2x, enregistrement vidéo spatial en 1080p à 30 fps, Vidéo QuickTake jusqu'à 4K à 60 ips en Dolby Vision, Audio spatial et enregistrement stéréo, Mixage audio, enregistrement vidéo 4K Dolby Vision jusqu'à 60 ips, enregistrement vidéo 1080p Dolby Vision jusqu'à 60 ips, Camera Control, Spatial photos","Lecture (vidéo): jusqu'à 22 hrs
Lecture (vidéo diffusée en continu): jusqu'à 18 hrs
Lecture (audio): jusqu'à 80 hrs",telephones,telephones,Apple,iPhone,"L'iPhone 16 est conçu pour Apple Intelligence, le système d'intelligence personnelle qui vous aide à écrire, à vous exprimer et à accomplir des tâches sans effort. Grâce à des protections de la vie privée révolutionnaires, vous avez l'esprit tranquille : personne d'autre ne peut accéder à vos données, pas même Apple.",,256 Go,,Apple A18,Écran OEL,2556 x 1179 pixels,,,1000 cd/m²,6.1 pouces,,"NFC, Ultra-Wideband (UWB), Bluetooth 5.3, Wi-Fi 7",USB Type-C - 24 pin USB-C. NFC,,,71.6 mm x 7.8 mm x 147.6 mm,170 g,,56 kg d'émissions de carbone,,"Garantie limitée - 1 an
Support technique - conseil - 90 jours",,,Neuf,Blanc,https://manystacks.s3.eu-west-3.amazonaws.com/Produits/Images/MXWV3ZD%3AA.jpg,,,,,,,,, 987.00,35.00,0
MYEC3ZD/A,Apple iPhone 16,"Apple iPhone 16, 5G smartphone, 128GO ,GSM, 6.1 pouces",iOS 18,Oui,"Camera Control, Spatial photos, enregistrement vidéo spatial en 1080p à 30 fps, Mixage audio, 100% Focus Pixels, Technologie Quad Pixel pour 2,0 µm, protection de l'objectif en cristal de saphir, zoom optique 4x, zoom optique de sortie 2x, zoom optique d'entrée 2x, Moteur photonique, Fusion profond, mise au point de portrait et contrôle de la profondeur, Panorama (jusque 63MP), correction yeux rouges avancée, Stabilisation d'image automatique, marquage géographique, capture d'image HEIF, stabilisation vidéo Cinematic, Zoom lecture, enregistrement stéréo, vidéo à mise au point continue, enregistrement vidéo 4K et photos fixes de 8 MP, Vidéo en accéléré avec stabilisation, zoom audio, zoom numérique jusqu'à 6x pour vidéo, Vidéo QuickTake jusqu'à 4K à 60 ips en Dolby Vision, HEVC (High Efficiency Video coding), AVC (H.264), Stabilisation optique de l'image par déplacement du capteur pour la vidéo, enregistrement vidéo 4K Dolby Vision jusqu'à 60 ips, Mode action jusqu'à 2.8K à 60 fps, réduction du bruit du vent, Audio spatial et enregistrement stéréo, enregistrement vidéo 1080p Dolby Vision jusqu'à 60 ips, Mode cinématique jusqu'à 4K HDR à 30 fps","Lecture (vidéo): jusqu'à 22 hrs
Lecture (vidéo diffusée en continu): jusqu'à 18 hrs
Lecture (audio): jusqu'à 80 hrs",telephones,telephones,Apple,iPhone,"L'iPhone 16 est conçu pour Apple Intelligence, le système d'intelligence personnelle qui vous aide à écrire, à vous exprimer et à accomplir des tâches sans effort. Grâce à des protections de la vie privée révolutionnaires, vous avez l'esprit tranquille : personne d'autre ne peut accéder à vos données, pas même Apple.",,128 Go,,Apple A18,Écran OEL,2556 x 1179 pixels,,,1000 cd/m²,6.1 pouces,,"NFC, UWB, Bluetooth, Wi-Fi 7",USB Type-C - 24 pin USB-C,,,71.6 mm x 7.8 mm x 147.6 mm,170 g,,56 kg d'émissions de carbone,,"Garantie limitée - 1 an
Support technique - conseil - 90 jours",,,Neuf,Bleu d'outremer,https://manystacks.s3.eu-west-3.amazonaws.com/Produits/Images/MYEC3ZD%3AA.jpg,,,,,,,,, 868.00,32.00,0
MXVW3ZD/A,Apple iPhone 16 Plus,"Apple iPhone 16 Plus, 5G smartphone, 128 Go , GSM, 6.7pouces",iOS 18,Oui,"Camera Control, Spatial photos, enregistrement vidéo spatial en 1080p à 30 fps, Mixage audio, 100% Focus Pixels, Technologie Quad Pixel pour 2,0 µm, protection de l'objectif en cristal de saphir, zoom optique 4x, zoom optique de sortie 2x, zoom optique d'entrée 2x, Moteur photonique, Fusion profond, mise au point de portrait et contrôle de la profondeur, Panorama (jusque 63MP), correction yeux rouges avancée, Stabilisation d'image automatique, marquage géographique, capture d'image HEIF, stabilisation vidéo Cinematic, Zoom lecture, enregistrement stéréo, vidéo à mise au point continue, enregistrement vidéo 4K et photos fixes de 8 MP, Vidéo en accéléré avec stabilisation, zoom audio, zoom numérique jusqu'à 6x pour vidéo, Vidéo QuickTake jusqu'à 4K à 60 ips en Dolby Vision, HEVC (High Efficiency Video coding), AVC (H.264), Stabilisation optique de l'image par déplacement du capteur pour la vidéo, enregistrement vidéo 4K Dolby Vision jusqu'à 60 ips, Mode action jusqu'à 2.8K à 60 fps, réduction du bruit du vent, Audio spatial et enregistrement stéréo, enregistrement vidéo 1080p Dolby Vision jusqu'à 60 ips, Mode cinématique jusqu'à 4K HDR à 30 fps
Deuxième caméra
Ouverture de l'objectif F/2.2
Distance focale minimale 13 mm
Champ de vue (FOV) 120 degrés
Résolution du capteur 12 mégapixels
Type d'objectif Lentille ultra grand angle
Dimension de pixel 1.4 μm
Caractéristiques Pixels de mise au point à 100 %, correction de lentille
Informations sur le développement durable
Compatible EPEAT Oui
Niveau EPEAT EPEAT Gold
Indice de réparabilité 8 (sur 10)
Matériaux de terres rares 100 % d'éléments de terre rare recyclés
Empreinte carbone 60 kg d'émissions de carbone
Contenu recyclé du produit 30 % - contenu recyclé ou renouvelable
Contenu recyclé de l'emballage 100 % - fibre recyclée
* TD SYNNEX n’est pas responsable des erreurs dans la documentation des produits.
Charte de confidentialité | Paramètres des cookies | Information sur le transfert des données","Lecture (vidéo): jusqu'à 27 hrs
Lecture (vidéo diffusée en continu): jusqu'à 24 hrs
Lecture (audio): jusqu'à 100 hrs",telephones,telephones,Apple,iPhone,"L'iPhone 16 Plus est conçu pour Apple Intelligence, le système d'intelligence personnelle qui vous aide à écrire, à vous exprimer et à accomplir vos tâches sans effort. Grâce à des protections de la vie privée révolutionnaires, vous avez l'esprit tranquille : personne d'autre ne peut accéder à vos données, pas même Apple.",,128 Go,,Apple A18,Écran OEL,2796 x 1290 pixels,,,1000 cd/m²,6.7pouces,,"NFC, Ultra-Wideband (UWB), Bluetooth 5.3, Wi-Fi 7",USB Type-C - 24 pin USB-C,,,77.8 mm x 7.8 mm x 160.9 mm,199 g,,60 kg d'émissions de carbone,,"Garantie limitée - 1 an
Support technique - conseil - 90 jours",,,Neuf,Rose,https://manystacks.s3.eu-west-3.amazonaws.com/Produits/Images/MXVW3ZD%3AA.jpg,,,,,,,,, 1005.00,37.00,0
MXVX3ZD/A,Apple iPhone 16 Plus,"Apple iPhone 16 Plus, 5G smartphone, 128 Go, GSM, 6.7pouces",iOS 18,Oui,"Camera Control, Spatial photos, enregistrement vidéo spatial en 1080p à 30 fps, Mixage audio, 100% Focus Pixels, Technologie Quad Pixel pour 2,0 µm, protection de l'objectif en cristal de saphir, zoom optique 4x, zoom optique de sortie 2x, zoom optique d'entrée 2x, Moteur photonique, Fusion profond, mise au point de portrait et contrôle de la profondeur, Panorama (jusque 63MP), correction yeux rouges avancée, Stabilisation d'image automatique, marquage géographique, capture d'image HEIF, stabilisation vidéo Cinematic, Zoom lecture, enregistrement stéréo, vidéo à mise au point continue, enregistrement vidéo 4K et photos fixes de 8 MP, Vidéo en accéléré avec stabilisation, zoom audio, zoom numérique jusqu'à 6x pour vidéo, Vidéo QuickTake jusqu'à 4K à 60 ips en Dolby Vision, HEVC (High Efficiency Video coding), AVC (H.264), Stabilisation optique de l'image par déplacement du capteur pour la vidéo, enregistrement vidéo 4K Dolby Vision jusqu'à 60 ips, Mode action jusqu'à 2.8K à 60 fps, réduction du bruit du vent, Audio spatial et enregistrement stéréo, enregistrement vidéo 1080p Dolby Vision jusqu'à 60 ips, Mode cinématique jusqu'à 4K HDR à 30 fps
Deuxième caméra
Ouverture de l'objectif F/2.2
Distance focale minimale 13 mm
Champ de vue (FOV) 120 degrés
Résolution du capteur 12 mégapixels
Type d'objectif Lentille ultra grand angle
Dimension de pixel 1.4 μm
Caractéristiques Pixels de mise au point à 100 %, correction de lentille
Informations sur le développement durable
Compatible EPEAT Oui
Niveau EPEAT EPEAT Gold
Indice de réparabilité 8 (sur 10)
Matériaux de terres rares 100 % d'éléments de terre rare recyclés
Empreinte carbone 60 kg d'émissions de carbone
Contenu recyclé du produit 30 % - contenu recyclé ou renouvelable
Contenu recyclé de l'emballage 100 % - fibre recyclée
* TD SYNNEX n’est pas responsable des erreurs dans la documentation des produits.
Charte de confidentialité | Paramètres des cookies | Information sur le transfert des données","Lecture (vidéo): jusqu'à 27 hrs
Lecture (vidéo diffusée en continu): jusqu'à 24 hrs
Lecture (audio): jusqu'à 100 hrs",telephones,telephones,Apple,iPhone,"L'iPhone 16 Plus est conçu pour Apple Intelligence, le système d'intelligence personnelle qui vous aide à écrire, à vous exprimer et à accomplir vos tâches sans effort. Grâce à des protections de la vie privée révolutionnaires, vous avez l'esprit tranquille : personne d'autre ne peut accéder à vos données, pas même Apple.",,128 Go,,Apple A18,Écran OEL,2796 x 1290 pixels,,,1000 cd/m²,6.7pouces,,"NFC, Ultra-Wideband (UWB), Bluetooth 5.3, Wi-Fi 7",USB Type-C - 24 pin USB-C,,,77.8 mm x 7.8 mm x 160.9 mm,199 g,,60 kg d'émissions de carbone,,"Garantie limitée - 1 an
Support technique - conseil - 90 jours",,,Neuf,Rose,https://manystacks.s3.eu-west-3.amazonaws.com/Produits/Images/MXVW3ZD%3AA.jpg,,,,,,,,, 1005.00,37.00,0
MYX23ZD/A,Apple iPhone 16 Pro Max,"Apple iPhone 16 Pro Max , 5G smartphone, 512 Go , GSM, 6.9 pouces 6.9",iOS 18,Oui,"Protection de l'objectif en cristal de saphir, stabilisation vidéo Cinematic, Stabilisation d'image automatique, Zoom lecture, marquage géographique, vidéo à mise au point continue, enregistrement vidéo 4K et photos fixes de 8 MP, Vidéo en accéléré avec stabilisation, correction yeux rouges avancée, Panorama (jusque 63MP), capture d'image HEIF, zoom audio, 100% Focus Pixels, HEVC (High Efficiency Video coding), Fusion profond, zoom optique de sortie 2x, capture d'images JPEG, Mode cinématique jusqu'à 4K HDR à 30 fps, Mode action jusqu'à 2.8K à 60 fps, Moteur photonique, AVC (H.264), réduction du bruit du vent, objectif par défaut personnalisable, système de codage des couleurs de l'Académie, zoom optique 10x, zoom optique d'entrée 5x, capture d'images DNG, photographie macro 48 MP, Enregistrement vidéo 4K Dolby Vision jusqu'à 120 fps, Enregistrement vidéo 1080p Dolby Vision jusqu'à 120 ips, enregistrement vidéo Dolby Vision 720p à 30 fps, enregistrement vidéo spatial en 1080p à 30 fps, enregistrement vidéo ProRes jusqu'à 4K à 120 fps avec enregistrement externe, Vidéo QuickTake jusqu'à 4K à 60 ips en Dolby Vision, Audio spatial et enregistrement stéréo, Mixage audio, Camera Control","Lecture (vidéo): jusqu'à 33 hrs
Lecture (vidéo diffusée en continu): jusqu'à 29 hrs
Lecture (audio): jusqu'à 105 hrs",telephones,telephones,Apple,iPhone,Apple iPhone 16 Pro Max,,512 Go,,Apple A18,Écran OEL,2868 x 1320 pixels,,120 Hz,2000 cd/m²,6.9pouces,,"NFC, Ultra-Wideband (UWB), Bluetooth 5.3, Wi-Fi 7, IEEE 802.11be",USB Type-C - 24 pin USB-C,,,77.6 mm x 8.25 mm x 163 mm,227 g,,74 kg d'émissions de carbone,,"Garantie limitée - 1 an
Support technique - conseil - 90 jours",Oui,,Neuf,Titane désert,https://manystacks.s3.eu-west-3.amazonaws.com/Produits/Images/MYX23ZD%3AA.jpg,,,,,,,,, 1562.00,54.00,0
MYEJ3ZD/A,Apple iPhone 16,"5G smartphone, double SIM / Mémoire interne 256 Go, écran OEL, 6.1 pouces",iOS 18,Oui,"Protection de l'objectif en cristal de saphir, stabilisation vidéo Cinematic, Stabilisation d'image automatique, Zoom lecture, marquage géographique, enregistrement stéréo, vidéo à mise au point continue, enregistrement vidéo 4K et photos fixes de 8 MP, Vidéo en accéléré avec stabilisation, correction yeux rouges avancée, Panorama (jusque 63MP), capture d'image HEIF, zoom audio, 100% Focus Pixels, HEVC (High Efficiency Video coding), Fusion profond, Stabilisation optique de l'image par déplacement du capteur pour la vidéo, zoom numérique jusqu'à 6x pour vidéo, zoom optique de sortie 2x, Technologie Quad Pixel pour 2,0 µm, Mode cinématique jusqu'à 4K HDR à 30 fps, Mode action jusqu'à 2.8K à 60 fps, Moteur photonique, AVC (H.264), réduction du bruit du vent, mise au point de portrait et contrôle de la profondeur, zoom optique 4x, zoom optique d'entrée 2x, enregistrement vidéo spatial en 1080p à 30 fps, Vidéo QuickTake jusqu'à 4K à 60 ips en Dolby Vision, Audio spatial et enregistrement stéréo, Mixage audio, enregistrement vidéo 4K Dolby Vision jusqu'à 60 ips, enregistrement vidéo 1080p Dolby Vision jusqu'à 60 ips, Camera Control, Spatial photos","Lecture (vidéo): jusqu'à 22 hrs
Lecture (vidéo diffusée en continu): jusqu'à 18 hrs
Lecture (audio): jusqu'à 80 hrs",telephones,telephones,Apple,iPhone,"L'iPhone 16 est conçu pour Apple Intelligence, le système d'intelligence personnelle qui vous aide à écrire, à vous exprimer et à accomplir des tâches sans effort. Grâce à des protections de la vie privée révolutionnaires, vous avez l'esprit tranquille : personne d'autre ne peut accéder à vos données, pas même Apple.",,256 Go,,Apple A18,Écran OEL,2556 x 1179 pixels,,,1000 cd/m²,6.1 pouces,,"NFC, Ultra-Wideband (UWB), Bluetooth 5.3, Wi-Fi 7",USB Type-C - 24 pin USB-C,,,71.6 mm x 7.8 mm x 147.6 mm,170 g,,56 kg d'émissions de carbone,,"Garantie limitée - 1 an
Support technique - conseil - 90 jours",,,Neuf,Teal,https://manystacks.s3.eu-west-3.amazonaws.com/Produits/Images/MYEJ3ZD%3AA.jpg,,,,,,,,, 987.00,35.00,0
MYED3ZD/A,Apple iPhone 16,"5G smartphone, double SIM / Mémoire interne 128 Go, écran OEL, 6.1 pouces",iOS 18,Oui,"Camera Control, Spatial photos, enregistrement vidéo spatial en 1080p à 30 fps, Mixage audio, 100% Focus Pixels, Technologie Quad Pixel pour 2,0 µm, protection de l'objectif en cristal de saphir, zoom optique 4x, zoom optique de sortie 2x, zoom optique d'entrée 2x, Moteur photonique, Fusion profond, mise au point de portrait et contrôle de la profondeur, Panorama (jusque 63MP), correction yeux rouges avancée, Stabilisation d'image automatique, marquage géographique, capture d'image HEIF, stabilisation vidéo Cinematic, Zoom lecture, enregistrement stéréo, vidéo à mise au point continue, enregistrement vidéo 4K et photos fixes de 8 MP, Vidéo en accéléré avec stabilisation, zoom audio, zoom numérique jusqu'à 6x pour vidéo, Vidéo QuickTake jusqu'à 4K à 60 ips en Dolby Vision, HEVC (High Efficiency Video coding), AVC (H.264), Stabilisation optique de l'image par déplacement du capteur pour la vidéo, enregistrement vidéo 4K Dolby Vision jusqu'à 60 ips, Mode action jusqu'à 2.8K à 60 fps, réduction du bruit du vent, Audio spatial et enregistrement stéréo, enregistrement vidéo 1080p Dolby Vision jusqu'à 60 ips, Mode cinématique jusqu'à 4K HDR à 30 fps","Lecture (vidéo): jusqu'à 22 hrs
Lecture (vidéo diffusée en continu): jusqu'à 18 hrs
Lecture (audio): jusqu'à 80 hrs",telephones,telephones,Apple,iPhone,"L'iPhone 16 est conçu pour Apple Intelligence, le système d'intelligence personnelle qui vous aide à écrire, à vous exprimer et à accomplir des tâches sans effort. Grâce à des protections de la vie privée révolutionnaires, vous avez l'esprit tranquille : personne d'autre ne peut accéder à vos données, pas même Apple.",,128 Go,,Apple A18,Écran OEL,2556 x 1179 pixels,,,1000 cd/m²,6.1 pouces,,"NFC, Ultra-Wideband (UWB), Bluetooth 5.3, Wi-Fi 7",USB Type-C - 24 pin USB-C,,,71.6 mm x 7.8 mm x 147.6 mm,170 g,,56 kg d'émissions de carbone,,"Garantie limitée - 1 an
Support technique - conseil - 90 jours",,,Neuf,Teal,https://manystacks.s3.eu-west-3.amazonaws.com/Produits/Images/MYEJ3ZD%3AA.jpg,,,,,,,,, 868.00,32.00,0
MYEG3ZD/A,Apple iPhone 16,"5G smartphone, double SIM / Mémoire interne 256 Go, écran OEL, 6.1 pouces",iOS 18,Oui,"Protection de l'objectif en cristal de saphir, stabilisation vidéo Cinematic, Stabilisation d'image automatique, Zoom lecture, marquage géographique, enregistrement stéréo, vidéo à mise au point continue, enregistrement vidéo 4K et photos fixes de 8 MP, Vidéo en accéléré avec stabilisation, correction yeux rouges avancée, Panorama (jusque 63MP), capture d'image HEIF, zoom audio, 100% Focus Pixels, HEVC (High Efficiency Video coding), Fusion profond, Stabilisation optique de l'image par déplacement du capteur pour la vidéo, zoom numérique jusqu'à 6x pour vidéo, zoom optique de sortie 2x, Technologie Quad Pixel pour 2,0 µm, Mode cinématique jusqu'à 4K HDR à 30 fps, Mode action jusqu'à 2.8K à 60 fps, Moteur photonique, AVC (H.264), réduction du bruit du vent, mise au point de portrait et contrôle de la profondeur, zoom optique 4x, zoom optique d'entrée 2x, enregistrement vidéo spatial en 1080p à 30 fps, Vidéo QuickTake jusqu'à 4K à 60 ips en Dolby Vision, Audio spatial et enregistrement stéréo, Mixage audio, enregistrement vidéo 4K Dolby Vision jusqu'à 60 ips, enregistrement vidéo 1080p Dolby Vision jusqu'à 60 ips, Camera Control, Spatial photos","Lecture (vidéo): jusqu'à 22 hrs
Lecture (vidéo diffusée en continu): jusqu'à 18 hrs
Lecture (audio): jusqu'à 80 hrs",telephones,telephones,Apple,iPhone,"L'iPhone 16 est conçu pour Apple Intelligence, le système d'intelligence personnelle qui vous aide à écrire, à vous exprimer et à accomplir des tâches sans effort. Grâce à des protections de la vie privée révolutionnaires, vous avez l'esprit tranquille : personne d'autre ne peut accéder à vos données, pas même Apple.",,256 Go,,Apple A18,Écran OEL,2556 x 1179 pixels,,,1000 cd/m²,6.1 pouces,,"NFC, UWB, Bluetooth, Wi-Fi 7",USB-C,,,71.6 mm x 7.8 mm x 147.6 mm,170 g,,56 kg d'émissions de carbone,,"Garantie limitée - 1 an
Support technique - conseil - 90 jours",,,Neuf,Rose,https://manystacks.s3.eu-west-3.amazonaws.com/Produits/Images/MYEG3ZD%3AA.jpg,,,,,,,,, 987.00,35.00,0
MYEP3ZD/A,Apple iPhone 16,"5G smartphone, double SIM / Mémoire interne 512 Go, écran OEL, 6.1 pouces",iOS 18,Oui,"Protection de l'objectif en cristal de saphir, stabilisation vidéo Cinematic, Stabilisation d'image automatique, Zoom lecture, marquage géographique, enregistrement stéréo, vidéo à mise au point continue, enregistrement vidéo 4K et photos fixes de 8 MP, Vidéo en accéléré avec stabilisation, correction yeux rouges avancée, Panorama (jusque 63MP), capture d'image HEIF, zoom audio, 100% Focus Pixels, HEVC (High Efficiency Video coding), Fusion profond, Stabilisation optique de l'image par déplacement du capteur pour la vidéo, zoom numérique jusqu'à 6x pour vidéo, zoom optique de sortie 2x, Technologie Quad Pixel pour 2,0 µm, Mode cinématique jusqu'à 4K HDR à 30 fps, Mode action jusqu'à 2.8K à 60 fps, Moteur photonique, AVC (H.264), réduction du bruit du vent, mise au point de portrait et contrôle de la profondeur, zoom optique 4x, zoom optique d'entrée 2x, enregistrement vidéo spatial en 1080p à 30 fps, Vidéo QuickTake jusqu'à 4K à 60 ips en Dolby Vision, Audio spatial et enregistrement stéréo, Mixage audio, enregistrement vidéo 4K Dolby Vision jusqu'à 60 ips, enregistrement vidéo 1080p Dolby Vision jusqu'à 60 ips, Camera Control, Spatial photos","Lecture (vidéo): jusqu'à 22 hrs
Lecture (vidéo diffusée en continu): jusqu'à 18 hrs
Lecture (audio): jusqu'à 80 hrs",telephones,telephones,Apple,iPhone,"L'iPhone 16 est conçu pour Apple Intelligence, le système d'intelligence personnelle qui vous aide à écrire, à vous exprimer et à accomplir des tâches sans effort. Grâce à des protections de la vie privée révolutionnaires, vous avez l'esprit tranquille : personne d'autre ne peut accéder à vos données, pas même Apple.",,512 Go,,Apple A18,Écran OEL,2556 x 1179 pixels,,,1000 cd/m²,6.1 pouces,,"NFC, Ultra-Wideband (UWB), Bluetooth 5.3, Wi-Fi 7",USB Type-C - 24 pin USB-C,,,71.6 mm x 7.8 mm x 147.6 mm,170 g,,56 kg d'émissions de carbone,,"Garantie limitée - 1 an
Support technique - conseil - 90 jours",,,Neuf,Blanc,https://manystacks.s3.eu-west-3.amazonaws.com/Produits/Images/MXWV3ZD%3AA.jpg,,,,,,,,, 1215.00,42.00,0
MYEA3ZD/A,Apple iPhone 16,"5G smartphone, double SIM / Mémoire interne 128 Go, écran OEL, 6.1 pouces",iOS 18,Oui,"Camera Control, Spatial photos, enregistrement vidéo spatial en 1080p à 30 fps, Mixage audio, 100% Focus Pixels, Technologie Quad Pixel pour 2,0 µm, protection de l'objectif en cristal de saphir, zoom optique 4x, zoom optique de sortie 2x, zoom optique d'entrée 2x, Moteur photonique, Fusion profond, mise au point de portrait et contrôle de la profondeur, Panorama (jusque 63MP), correction yeux rouges avancée, Stabilisation d'image automatique, marquage géographique, capture d'image HEIF, stabilisation vidéo Cinematic, Zoom lecture, enregistrement stéréo, vidéo à mise au point continue, enregistrement vidéo 4K et photos fixes de 8 MP, Vidéo en accéléré avec stabilisation, zoom audio, zoom numérique jusqu'à 6x pour vidéo, Vidéo QuickTake jusqu'à 4K à 60 ips en Dolby Vision, HEVC (High Efficiency Video coding), AVC (H.264), Stabilisation optique de l'image par déplacement du capteur pour la vidéo, enregistrement vidéo 4K Dolby Vision jusqu'à 60 ips, Mode action jusqu'à 2.8K à 60 fps, réduction du bruit du vent, Audio spatial et enregistrement stéréo, enregistrement vidéo 1080p Dolby Vision jusqu'à 60 ips, Mode cinématique jusqu'à 4K HDR à 30 fps","Lecture (vidéo): jusqu'à 22 hrs
Lecture (vidéo diffusée en continu): jusqu'à 18 hrs
Lecture (audio): jusqu'à 80 hrs",telephones,telephones,Apple,iPhone,"L'iPhone 16 est conçu pour Apple Intelligence, le système d'intelligence personnelle qui vous aide à écrire, à vous exprimer et à accomplir des tâches sans effort. Grâce à des protections de la vie privée révolutionnaires, vous avez l'esprit tranquille : personne d'autre ne peut accéder à vos données, pas même Apple.",,128 Go,,Apple A18,Écran OEL,2556 x 1179 pixels,,,1000 cd/m²,6.1 pouces,,"NFC, Ultra-Wideband (UWB), Bluetooth 5.3, Wi-Fi 7",USB Type-C - 24 pin USB-C,,,71.6 mm x 7.8 mm x 147.6 mm,170 g,,56 kg d'émissions de carbone,,"Garantie limitée - 1 an
Support technique - conseil - 90 jours",,,Neuf,Rose,https://manystacks.s3.eu-west-3.amazonaws.com/Produits/Images/MYEA3ZD%3AA.jpg,,,,,,,,, 868.00,32.00,0
MYEK3ZD/A,Apple iPhone 16,"5G smartphone, double SIM / Mémoire interne 512 Go, écran OEL, 6.1 pouces",iOS 18,Oui,"Protection de l'objectif en cristal de saphir, stabilisation vidéo Cinematic, Stabilisation d'image automatique, Zoom lecture, marquage géographique, enregistrement stéréo, vidéo à mise au point continue, enregistrement vidéo 4K et photos fixes de 8 MP, Vidéo en accéléré avec stabilisation, correction yeux rouges avancée, Panorama (jusque 63MP), capture d'image HEIF, zoom audio, 100% Focus Pixels, HEVC (High Efficiency Video coding), Fusion profond, Stabilisation optique de l'image par déplacement du capteur pour la vidéo, zoom numérique jusqu'à 6x pour vidéo, zoom optique de sortie 2x, Technologie Quad Pixel pour 2,0 µm, Mode cinématique jusqu'à 4K HDR à 30 fps, Mode action jusqu'à 2.8K à 60 fps, Moteur photonique, AVC (H.264), réduction du bruit du vent, mise au point de portrait et contrôle de la profondeur, zoom optique 4x, zoom optique d'entrée 2x, enregistrement vidéo spatial en 1080p à 30 fps, Vidéo QuickTake jusqu'à 4K à 60 ips en Dolby Vision, Audio spatial et enregistrement stéréo, Mixage audio, enregistrement vidéo 4K Dolby Vision jusqu'à 60 ips, enregistrement vidéo 1080p Dolby Vision jusqu'à 60 ips, Camera Control, Spatial photos","Lecture (vidéo): jusqu'à 22 hrs
Lecture (vidéo diffusée en continu): jusqu'à 18 hrs
Lecture (audio): jusqu'à 80 hrs",telephones,telephones,Apple,iPhone,"L'iPhone 16 est conçu pour Apple Intelligence, le système d'intelligence personnelle qui vous aide à écrire, à vous exprimer et à accomplir des tâches sans effort. Grâce à des protections de la vie privée révolutionnaires, vous avez l'esprit tranquille : personne d'autre ne peut accéder à vos données, pas même Apple.",,512 Go,,Apple A18,Écran OEL,2556 x 1179 pixels,,,1000 cd/m²,6.1 pouces,,"NFC, Ultra-Wideband (UWB), Bluetooth 5.3, Wi-Fi 7",USB Type-C - 24 pin USB-C,,,71.6 mm x 7.8 mm x 147.6 mm,170 g,,56 kg d'émissions de carbone,,"Garantie limitée - 1 an
Support technique - conseil - 90 jours",,,Neuf,Noir,https://manystacks.s3.eu-west-3.amazonaws.com/Produits/Images/MYEE3ZD%3AA.jpg,,,,,,,,, 987.00,35.00,0
MYEH3ZD/A,Apple iPhone 16,"5G smartphone, double SIM / Mémoire interne 256 Go, écran OEL, 6.1 pouces",iOS 18,Oui,"Protection de l'objectif en cristal de saphir, stabilisation vidéo Cinematic, Stabilisation d'image automatique, Zoom lecture, marquage géographique, enregistrement stéréo, vidéo à mise au point continue, enregistrement vidéo 4K et photos fixes de 8 MP, Vidéo en accéléré avec stabilisation, correction yeux rouges avancée, Panorama (jusque 63MP), capture d'image HEIF, zoom audio, 100% Focus Pixels, HEVC (High Efficiency Video coding), Fusion profond, Stabilisation optique de l'image par déplacement du capteur pour la vidéo, zoom numérique jusqu'à 6x pour vidéo, zoom optique de sortie 2x, Technologie Quad Pixel pour 2,0 µm, Mode cinématique jusqu'à 4K HDR à 30 fps, Mode action jusqu'à 2.8K à 60 fps, Moteur photonique, AVC (H.264), réduction du bruit du vent, mise au point de portrait et contrôle de la profondeur, zoom optique 4x, zoom optique d'entrée 2x, enregistrement vidéo spatial en 1080p à 30 fps, Vidéo QuickTake jusqu'à 4K à 60 ips en Dolby Vision, Audio spatial et enregistrement stéréo, Mixage audio, enregistrement vidéo 4K Dolby Vision jusqu'à 60 ips, enregistrement vidéo 1080p Dolby Vision jusqu'à 60 ips, Camera Control, Spatial photos","Lecture (vidéo): jusqu'à 22 hrs
Lecture (vidéo diffusée en continu): jusqu'à 18 hrs
Lecture (audio): jusqu'à 80 hrs",telephones,telephones,Apple,iPhone,"L'iPhone 16 est conçu pour Apple Intelligence, le système d'intelligence personnelle qui vous aide à écrire, à vous exprimer et à accomplir des tâches sans effort. Grâce à des protections de la vie privée révolutionnaires, vous avez l'esprit tranquille : personne d'autre ne peut accéder à vos données, pas même Apple.",,256 Go,,Apple A18,Écran OEL,2556 x 1179 pixels,,,1000 cd/m²,6.1 pouces,,"NFC, UWB, Bluetooth, Wi-Fi 7",USB-C,,,71.6 mm x 7.8 mm x 147.6 mm,170 g,,56 kg d'émissions de carbone,,"Garantie limitée - 1 an
Support technique - conseil - 90 jours",,,Neuf,Bleu d'outremer,https://manystacks.s3.eu-west-3.amazonaws.com/Produits/Images/MYEH3ZD%3AA.jpg,,,,,,,,, 987.00,35.00,0
MY2J3ZD/A,Apple iPhone 16 Plus,"5G smartphone, double SIM / Mémoire interne 512 Go, écran OEL, 6.7 pouces",iOS 18,Oui,"Protection de l'objectif en cristal de saphir, stabilisation vidéo Cinematic, Stabilisation d'image automatique, Zoom lecture, marquage géographique, enregistrement stéréo, vidéo à mise au point continue, enregistrement vidéo 4K et photos fixes de 8 MP, Vidéo en accéléré avec stabilisation, correction yeux rouges avancée, Panorama (jusque 63MP), capture d'image HEIF, zoom audio, 100% Focus Pixels, HEVC (High Efficiency Video coding), Fusion profond, Stabilisation optique de l'image par déplacement du capteur pour la vidéo, zoom numérique jusqu'à 6x pour vidéo, zoom optique de sortie 2x, Technologie Quad Pixel pour 2,0 µm, Mode cinématique jusqu'à 4K HDR à 30 fps, Mode action jusqu'à 2.8K à 60 fps, Moteur photonique, AVC (H.264), réduction du bruit du vent, mise au point de portrait et contrôle de la profondeur, zoom optique 4x, zoom optique d'entrée 2x, enregistrement vidéo spatial en 1080p à 30 fps, Vidéo QuickTake jusqu'à 4K à 60 ips en Dolby Vision, Audio spatial et enregistrement stéréo, Mixage audio, enregistrement vidéo 4K Dolby Vision jusqu'à 60 ips, enregistrement vidéo 1080p Dolby Vision jusqu'à 60 ips, Camera Control, Spatial photos","Lecture (vidéo): jusqu'à 27 hrs
Lecture (vidéo diffusée en continu): jusqu'à 24 hrs
Lecture (audio): jusqu'à 100 hrs",telephones,telephones,Apple,iPhone,"L'iPhone 16 Plus est conçu pour Apple Intelligence, le système d'intelligence personnelle qui vous aide à écrire, à vous exprimer et à accomplir vos tâches sans effort. Grâce à des protections de la vie privée révolutionnaires, vous avez l'esprit tranquille : personne d'autre ne peut accéder à vos données, pas même Apple.",,512 Go,,Apple A18,Écran OEL,2796 x 1290 pixels,,,1000 cd/m²,6.7pouces,,"NFC, Ultra-Wideband (UWB), Bluetooth 5.3, Wi-Fi 7",USB Type-C - 24 pin USB-C,,,77.8 mm x 7.8 mm x 160.9 mm,199 g,,60 kg d'émissions de carbone,,"Garantie limitée - 1 an
Support technique - conseil - 90 jours",,,Neuf,Teal,https://manystacks.s3.eu-west-3.amazonaws.com/Produits/Images/MXY53ZD%3AA.jpg,,,,,,,,, 1352.00,48.00,0
MY1X3ZD/A,Apple iPhone 16 Plus,"5G smartphone, double SIM / Mémoire interne 512 Go, écran OEL, 6.7 pouces",iOS 18,Oui,"Protection de l'objectif en cristal de saphir, stabilisation vidéo Cinematic, Stabilisation d'image automatique, Zoom lecture, marquage géographique, enregistrement stéréo, vidéo à mise au point continue, enregistrement vidéo 4K et photos fixes de 8 MP, Vidéo en accéléré avec stabilisation, correction yeux rouges avancée, Panorama (jusque 63MP), capture d'image HEIF, zoom audio, 100% Focus Pixels, HEVC (High Efficiency Video coding), Fusion profond, Stabilisation optique de l'image par déplacement du capteur pour la vidéo, zoom numérique jusqu'à 6x pour vidéo, zoom optique de sortie 2x, Technologie Quad Pixel pour 2,0 µm, Mode cinématique jusqu'à 4K HDR à 30 fps, Mode action jusqu'à 2.8K à 60 fps, Moteur photonique, AVC (H.264), réduction du bruit du vent, mise au point de portrait et contrôle de la profondeur, zoom optique 4x, zoom optique d'entrée 2x, enregistrement vidéo spatial en 1080p à 30 fps, Vidéo QuickTake jusqu'à 4K à 60 ips en Dolby Vision, Audio spatial et enregistrement stéréo, Mixage audio, enregistrement vidéo 4K Dolby Vision jusqu'à 60 ips, enregistrement vidéo 1080p Dolby Vision jusqu'à 60 ips, Camera Control, Spatial photos","Lecture (vidéo): jusqu'à 27 hrs
Lecture (vidéo diffusée en continu): jusqu'à 24 hrs
Lecture (audio): jusqu'à 100 hrs",telephones,telephones,Apple,iPhone,"L'iPhone 16 Plus est conçu pour Apple Intelligence, le système d'intelligence personnelle qui vous aide à écrire, à vous exprimer et à accomplir vos tâches sans effort. Grâce à des protections de la vie privée révolutionnaires, vous avez l'esprit tranquille : personne d'autre ne peut accéder à vos données, pas même Apple.",,512 Go,,Apple A18,Écran OEL,2796 x 1290 pixels,,,1000 cd/m²,6.7pouces,,"NFC, Ultra-Wideband (UWB), Bluetooth 5.3, Wi-Fi 7",USB Type-C - 24 pin USB-C,,,77.8 mm x 7.8 mm x 160.9 mm,199 g,,60 kg d'émissions de carbone,,"Garantie limitée - 1 an
Support technique - conseil - 90 jours",,,Neuf,Blanc,https://manystacks.s3.eu-west-3.amazonaws.com/Produits/Images/MXWV3ZD%3AA.jpg,,,,,,,,, 1352.00,48.00,0
MXVY3ZD/A,Apple iPhone 16 Plus,"5G smartphone, double SIM / Mémoire interne 128 Go, écran OEL, 6.7 pouces",iOS 18,Oui,"Camera Control, Spatial photos, enregistrement vidéo spatial en 1080p à 30 fps, Mixage audio, 100% Focus Pixels, Technologie Quad Pixel pour 2,0 µm, protection de l'objectif en cristal de saphir, zoom optique 4x, zoom optique de sortie 2x, zoom optique d'entrée 2x, Moteur photonique, Fusion profond, mise au point de portrait et contrôle de la profondeur, Panorama (jusque 63MP), correction yeux rouges avancée, Stabilisation d'image automatique, marquage géographique, capture d'image HEIF, stabilisation vidéo Cinematic, Zoom lecture, enregistrement stéréo, vidéo à mise au point continue, enregistrement vidéo 4K et photos fixes de 8 MP, Vidéo en accéléré avec stabilisation, zoom audio, zoom numérique jusqu'à 6x pour vidéo, Vidéo QuickTake jusqu'à 4K à 60 ips en Dolby Vision, HEVC (High Efficiency Video coding), AVC (H.264), Stabilisation optique de l'image par déplacement du capteur pour la vidéo, enregistrement vidéo 4K Dolby Vision jusqu'à 60 ips, Mode action jusqu'à 2.8K à 60 fps, réduction du bruit du vent, Audio spatial et enregistrement stéréo, enregistrement vidéo 1080p Dolby Vision jusqu'à 60 ips, Mode cinématique jusqu'à 4K HDR à 30 fps","Lecture (vidéo): jusqu'à 27 hrs
Lecture (vidéo diffusée en continu): jusqu'à 24 hrs
Lecture (audio): jusqu'à 100 hrs",telephones,telephones,Apple,iPhone,"L'iPhone 16 Plus est conçu pour Apple Intelligence, le système d'intelligence personnelle qui vous aide à écrire, à vous exprimer et à accomplir vos tâches sans effort. Grâce à des protections de la vie privée révolutionnaires, vous avez l'esprit tranquille : personne d'autre ne peut accéder à vos données, pas même Apple.",,128 Go,,Apple A18,Écran OEL,2796 x 1290 pixels,,,1000 cd/m²,6.7pouces,,"NFC, Ultra-Wideband (UWB), Bluetooth 5.3, Wi-Fi 7",USB Type-C - 24 pin USB-C,,,77.8 mm x 7.8 mm x 160.9 mm,199 g,,60 kg d'émissions de carbone,,"Garantie limitée - 1 an
Support technique - conseil - 90 jours",,,Neuf,Teal,https://manystacks.s3.eu-west-3.amazonaws.com/Produits/Images/MXY53ZD%3AA.jpg,,,,,,,,, 1005.00,37.00,0
MXVV3ZD/A,Apple iPhone 16 Plus,"5G smartphone, double SIM / Mémoire interne 128 Go, écran OEL, 6.7 pouces",iOS 18,Oui,"Camera Control, Spatial photos, enregistrement vidéo spatial en 1080p à 30 fps, Mixage audio, 100% Focus Pixels, Technologie Quad Pixel pour 2,0 µm, protection de l'objectif en cristal de saphir, zoom optique 4x, zoom optique de sortie 2x, zoom optique d'entrée 2x, Moteur photonique, Fusion profond, mise au point de portrait et contrôle de la profondeur, Panorama (jusque 63MP), correction yeux rouges avancée, Stabilisation d'image automatique, marquage géographique, capture d'image HEIF, stabilisation vidéo Cinematic, Zoom lecture, enregistrement stéréo, vidéo à mise au point continue, enregistrement vidéo 4K et photos fixes de 8 MP, Vidéo en accéléré avec stabilisation, zoom audio, zoom numérique jusqu'à 6x pour vidéo, Vidéo QuickTake jusqu'à 4K à 60 ips en Dolby Vision, HEVC (High Efficiency Video coding), AVC (H.264), Stabilisation optique de l'image par déplacement du capteur pour la vidéo, enregistrement vidéo 4K Dolby Vision jusqu'à 60 ips, Mode action jusqu'à 2.8K à 60 fps, réduction du bruit du vent, Audio spatial et enregistrement stéréo, enregistrement vidéo 1080p Dolby Vision jusqu'à 60 ips, Mode cinématique jusqu'à 4K HDR à 30 fps","Lecture (vidéo): jusqu'à 27 hrs
Lecture (vidéo diffusée en continu): jusqu'à 24 hrs
Lecture (audio): jusqu'à 100 hrs",telephones,telephones,Apple,iPhone,"L'iPhone 16 Plus est conçu pour Apple Intelligence, le système d'intelligence personnelle qui vous aide à écrire, à vous exprimer et à accomplir vos tâches sans effort. Grâce à des protections de la vie privée révolutionnaires, vous avez l'esprit tranquille : personne d'autre ne peut accéder à vos données, pas même Apple.",,128 Go,,Apple A18,Écran OEL,2796 x 1290 pixels,,,1000 cd/m²,6.7pouces,,"NFC, UWB, Bluetooth, Wi-Fi 7",USB-C,,,77.8 mm x 7.8 mm x 160.9 mm,199 g,,60 kg d'émissions de carbone,,"Garantie limitée - 1 an
Support technique - conseil - 90 jours",,,Neuf,Blanc,https://manystacks.s3.eu-west-3.amazonaws.com/Produits/Images/MXWV3ZD%3AA.jpg,,,,,,,,, 1005.00,37.00,0
MXY53ZD/A,Apple iPhone 16 Plus,"5G smartphone, double SIM / Mémoire interne 256 Go, écran OEL, 6.7 pouces",iOS 18,Oui,"Protection de l'objectif en cristal de saphir, stabilisation vidéo Cinematic, Stabilisation d'image automatique, Zoom lecture, marquage géographique, enregistrement stéréo, vidéo à mise au point continue, enregistrement vidéo 4K et photos fixes de 8 MP, Vidéo en accéléré avec stabilisation, correction yeux rouges avancée, Panorama (jusque 63MP), capture d'image HEIF, zoom audio, 100% Focus Pixels, HEVC (High Efficiency Video coding), Fusion profond, Stabilisation optique de l'image par déplacement du capteur pour la vidéo, zoom numérique jusqu'à 6x pour vidéo, zoom optique de sortie 2x, Technologie Quad Pixel pour 2,0 µm, Mode cinématique jusqu'à 4K HDR à 30 fps, Mode action jusqu'à 2.8K à 60 fps, Moteur photonique, AVC (H.264), réduction du bruit du vent, mise au point de portrait et contrôle de la profondeur, zoom optique 4x, zoom optique d'entrée 2x, enregistrement vidéo spatial en 1080p à 30 fps, Vidéo QuickTake jusqu'à 4K à 60 ips en Dolby Vision, Audio spatial et enregistrement stéréo, Mixage audio, enregistrement vidéo 4K Dolby Vision jusqu'à 60 ips, enregistrement vidéo 1080p Dolby Vision jusqu'à 60 ips, Camera Control, Spatial photos","Lecture (vidéo): jusqu'à 27 hrs
Lecture (vidéo diffusée en continu): jusqu'à 24 hrs
Lecture (audio): jusqu'à 100 hrs",telephones,telephones,Apple,iPhone,"L'iPhone 16 Plus est conçu pour Apple Intelligence, le système d'intelligence personnelle qui vous aide à écrire, à vous exprimer et à accomplir vos tâches sans effort. Grâce à des protections de la vie privée révolutionnaires, vous avez l'esprit tranquille : personne d'autre ne peut accéder à vos données, pas même Apple.",,256 Go,,Apple A18,Écran OEL,2796 x 1290 pixels,,,1000 cd/m²,6.7pouces,,"NFC, UWB, Bluetooth, Wi-Fi 7",USB-C,,,77.8 mm x 7.8 mm x 160.9 mm,199 g,,60 kg d'émissions de carbone,,"Garantie limitée - 1 an
Support technique - conseil - 90 jours",,,Neuf,Teal,https://manystacks.s3.eu-west-3.amazonaws.com/Produits/Images/MXY53ZD%3AA.jpg,,,,,,,,, 1124.00,41.00,0
MXWV3ZD/A,Apple iPhone 16 Plus,"5G smartphone, double SIM / Mémoire interne 256 Go, écran OEL, 6.7 pouces",iOS 18,Oui,"Protection de l'objectif en cristal de saphir, stabilisation vidéo Cinematic, Stabilisation d'image automatique, Zoom lecture, marquage géographique, enregistrement stéréo, vidéo à mise au point continue, enregistrement vidéo 4K et photos fixes de 8 MP, Vidéo en accéléré avec stabilisation, correction yeux rouges avancée, Panorama (jusque 63MP), capture d'image HEIF, zoom audio, 100% Focus Pixels, HEVC (High Efficiency Video coding), Fusion profond, Stabilisation optique de l'image par déplacement du capteur pour la vidéo, zoom numérique jusqu'à 6x pour vidéo, zoom optique de sortie 2x, Technologie Quad Pixel pour 2,0 µm, Mode cinématique jusqu'à 4K HDR à 30 fps, Mode action jusqu'à 2.8K à 60 fps, Moteur photonique, AVC (H.264), réduction du bruit du vent, mise au point de portrait et contrôle de la profondeur, zoom optique 4x, zoom optique d'entrée 2x, enregistrement vidéo spatial en 1080p à 30 fps, Vidéo QuickTake jusqu'à 4K à 60 ips en Dolby Vision, Audio spatial et enregistrement stéréo, Mixage audio, enregistrement vidéo 4K Dolby Vision jusqu'à 60 ips, enregistrement vidéo 1080p Dolby Vision jusqu'à 60 ips, Camera Control, Spatial photos","Lecture (vidéo): jusqu'à 27 hrs
Lecture (vidéo diffusée en continu): jusqu'à 24 hrs
Lecture (audio): jusqu'à 100 hrs",telephones,telephones,Apple,iPhone,"L'iPhone 16 Plus est conçu pour Apple Intelligence, le système d'intelligence personnelle qui vous aide à écrire, à vous exprimer et à accomplir vos tâches sans effort. Grâce à des protections de la vie privée révolutionnaires, vous avez l'esprit tranquille : personne d'autre ne peut accéder à vos données, pas même Apple.",,256 Go,,Apple A18,Écran OEL,2796 x 1290 pixels,,,1000 cd/m²,6.7pouces,,"NFC, UWB, Bluetooth, Wi-Fi 7",USB-C,,,77.8 mm x 7.8 mm x 160.9 mm,199 g,,60 kg d'émissions de carbone,,"Garantie limitée - 1 an
Support technique - conseil - 90 jours",,,Neuf,Blanc,https://manystacks.s3.eu-west-3.amazonaws.com/Produits/Images/MXWV3ZD%3AA.jpg,,,,,,,,, 1124.00,41.00,0
MXVU3ZD/A,Apple iPhone 16 Plus,"5G smartphone, double SIM / Mémoire interne 128 Go, écran OEL, 6.7 pouces",iOS 18,Oui,"Camera Control, Spatial photos, enregistrement vidéo spatial en 1080p à 30 fps, Mixage audio, 100% Focus Pixels, Technologie Quad Pixel pour 2,0 µm, protection de l'objectif en cristal de saphir, zoom optique 4x, zoom optique de sortie 2x, zoom optique d'entrée 2x, Moteur photonique, Fusion profond, mise au point de portrait et contrôle de la profondeur, Panorama (jusque 63MP), correction yeux rouges avancée, Stabilisation d'image automatique, marquage géographique, capture d'image HEIF, stabilisation vidéo Cinematic, Zoom lecture, enregistrement stéréo, vidéo à mise au point continue, enregistrement vidéo 4K et photos fixes de 8 MP, Vidéo en accéléré avec stabilisation, zoom audio, zoom numérique jusqu'à 6x pour vidéo, Vidéo QuickTake jusqu'à 4K à 60 ips en Dolby Vision, HEVC (High Efficiency Video coding), AVC (H.264), Stabilisation optique de l'image par déplacement du capteur pour la vidéo, enregistrement vidéo 4K Dolby Vision jusqu'à 60 ips, Mode action jusqu'à 2.8K à 60 fps, réduction du bruit du vent, Audio spatial et enregistrement stéréo, enregistrement vidéo 1080p Dolby Vision jusqu'à 60 ips, Mode cinématique jusqu'à 4K HDR à 30 fps","Lecture (vidéo): jusqu'à 27 hrs
Lecture (vidéo diffusée en continu): jusqu'à 24 hrs
Lecture (audio): jusqu'à 100 hrs",telephones,telephones,Apple,iPhone,"L'iPhone 16 Plus est conçu pour Apple Intelligence, le système d'intelligence personnelle qui vous aide à écrire, à vous exprimer et à accomplir vos tâches sans effort. Grâce à des protections de la vie privée révolutionnaires, vous avez l'esprit tranquille : personne d'autre ne peut accéder à vos données, pas même Apple.",,128 Go,,Apple A18,Écran OEL,2796 x 1290 pixels,,,1000 cd/m²,6.7pouces,,"NFC, Ultra-Wideband (UWB), Bluetooth 5.3, Wi-Fi 7",USB Type-C - 24 pin USB-C,,,77.8 mm x 7.8 mm x 160.9 mm,199 g,,60 kg d'émissions de carbone,,"Garantie limitée - 1 an
Support technique - conseil - 90 jours",,,Neuf,Noir,https://manystacks.s3.eu-west-3.amazonaws.com/Produits/Images/MXVU3ZD%3AA.jpg,,,,,,,,, 1005.00,37.00,0
MXWN3ZD/A,Apple iPhone 16 Plus,"5G smartphone, double SIM / Mémoire interne 256 Go, écran OEL, 6.7 pouces",iOS 18,Oui,"Protection de l'objectif en cristal de saphir, stabilisation vidéo Cinematic, Stabilisation d'image automatique, Zoom lecture, marquage géographique, enregistrement stéréo, vidéo à mise au point continue, enregistrement vidéo 4K et photos fixes de 8 MP, Vidéo en accéléré avec stabilisation, correction yeux rouges avancée, Panorama (jusque 63MP), capture d'image HEIF, zoom audio, 100% Focus Pixels, HEVC (High Efficiency Video coding), Fusion profond, Stabilisation optique de l'image par déplacement du capteur pour la vidéo, zoom numérique jusqu'à 6x pour vidéo, zoom optique de sortie 2x, Technologie Quad Pixel pour 2,0 µm, Mode cinématique jusqu'à 4K HDR à 30 fps, Mode action jusqu'à 2.8K à 60 fps, Moteur photonique, AVC (H.264), réduction du bruit du vent, mise au point de portrait et contrôle de la profondeur, zoom optique 4x, zoom optique d'entrée 2x, enregistrement vidéo spatial en 1080p à 30 fps, Vidéo QuickTake jusqu'à 4K à 60 ips en Dolby Vision, Audio spatial et enregistrement stéréo, Mixage audio, enregistrement vidéo 4K Dolby Vision jusqu'à 60 ips, enregistrement vidéo 1080p Dolby Vision jusqu'à 60 ips, Camera Control, Spatial photos","Lecture (vidéo): jusqu'à 27 hrs
Lecture (vidéo diffusée en continu): jusqu'à 24 hrs
Lecture (audio): jusqu'à 100 hrs",telephones,telephones,Apple,iPhone,"L'iPhone 16 Plus est conçu pour Apple Intelligence, le système d'intelligence personnelle qui vous aide à écrire, à vous exprimer et à accomplir vos tâches sans effort. Grâce à des protections de la vie privée révolutionnaires, vous avez l'esprit tranquille : personne d'autre ne peut accéder à vos données, pas même Apple.",,256 Go,,Apple A18,Écran OEL,2796 x 1290 pixels,,,1000 cd/m²,6.7pouces,,"NFC, UWB, Bluetooth, Wi-Fi 7",USB-C,,,77.8 mm x 7.8 mm x 160.9 mm,199 g,,60 kg d'émissions de carbone,,"Garantie limitée - 1 an
Support technique - conseil - 90 jours",,,Neuf,Noir,https://manystacks.s3.eu-west-3.amazonaws.com/Produits/Images/MXWN3ZD%3AA.jpg,,,,,,,,, 1124.00,41.00,0
MXY13ZD/A,Apple iPhone 16 Plus,"5G smartphone, double SIM / Mémoire interne 256 Go, écran OEL, 6.7 pouces",iOS 18,Oui,"Protection de l'objectif en cristal de saphir, stabilisation vidéo Cinematic, Stabilisation d'image automatique, Zoom lecture, marquage géographique, enregistrement stéréo, vidéo à mise au point continue, enregistrement vidéo 4K et photos fixes de 8 MP, Vidéo en accéléré avec stabilisation, correction yeux rouges avancée, Panorama (jusque 63MP), capture d'image HEIF, zoom audio, 100% Focus Pixels, HEVC (High Efficiency Video coding), Fusion profond, Stabilisation optique de l'image par déplacement du capteur pour la vidéo, zoom numérique jusqu'à 6x pour vidéo, zoom optique de sortie 2x, Technologie Quad Pixel pour 2,0 µm, Mode cinématique jusqu'à 4K HDR à 30 fps, Mode action jusqu'à 2.8K à 60 fps, Moteur photonique, AVC (H.264), réduction du bruit du vent, mise au point de portrait et contrôle de la profondeur, zoom optique 4x, zoom optique d'entrée 2x, enregistrement vidéo spatial en 1080p à 30 fps, Vidéo QuickTake jusqu'à 4K à 60 ips en Dolby Vision, Audio spatial et enregistrement stéréo, Mixage audio, enregistrement vidéo 4K Dolby Vision jusqu'à 60 ips, enregistrement vidéo 1080p Dolby Vision jusqu'à 60 ips, Camera Control, Spatial photos","Lecture (vidéo): jusqu'à 27 hrs
Lecture (vidéo diffusée en continu): jusqu'à 24 hrs
Lecture (audio): jusqu'à 100 hrs",telephones,telephones,Apple,iPhone,"L'iPhone 16 Plus est conçu pour Apple Intelligence, le système d'intelligence personnelle qui vous aide à écrire, à vous exprimer et à accomplir vos tâches sans effort. Grâce à des protections de la vie privée révolutionnaires, vous avez l'esprit tranquille : personne d'autre ne peut accéder à vos données, pas même Apple.",,256 Go,,Apple A18,Écran OEL,2796 x 1290 pixels,,,1000 cd/m²,6.7pouces,,"NFC, Ultra-Wideband (UWB), Bluetooth 5.3, Wi-Fi 7",USB Type-C - 24 pin USB-C,,,77.8 mm x 7.8 mm x 160.9 mm,199 g,,60 kg d'émissions de carbone,,"Garantie limitée - 1 an
Support technique - conseil - 90 jours",,,Neuf,Rose,https://manystacks.s3.eu-west-3.amazonaws.com/Produits/Images/MXY13ZD%3AA.jpg,,,,,,,,, 1124.00,41.00,0
MY253ZD/A,Apple iPhone 16 Plus,"5G smartphone, double SIM / Mémoire interne 512 Go, écran OEL, 6.7 pouces",iOS 18,Oui,"Protection de l'objectif en cristal de saphir, stabilisation vidéo Cinematic, Stabilisation d'image automatique, Zoom lecture, marquage géographique, enregistrement stéréo, vidéo à mise au point continue, enregistrement vidéo 4K et photos fixes de 8 MP, Vidéo en accéléré avec stabilisation, correction yeux rouges avancée, Panorama (jusque 63MP), capture d'image HEIF, zoom audio, 100% Focus Pixels, HEVC (High Efficiency Video coding), Fusion profond, Stabilisation optique de l'image par déplacement du capteur pour la vidéo, zoom numérique jusqu'à 6x pour vidéo, zoom optique de sortie 2x, Technologie Quad Pixel pour 2,0 µm, Mode cinématique jusqu'à 4K HDR à 30 fps, Mode action jusqu'à 2.8K à 60 fps, Moteur photonique, AVC (H.264), réduction du bruit du vent, mise au point de portrait et contrôle de la profondeur, zoom optique 4x, zoom optique d'entrée 2x, enregistrement vidéo spatial en 1080p à 30 fps, Vidéo QuickTake jusqu'à 4K à 60 ips en Dolby Vision, Audio spatial et enregistrement stéréo, Mixage audio, enregistrement vidéo 4K Dolby Vision jusqu'à 60 ips, enregistrement vidéo 1080p Dolby Vision jusqu'à 60 ips, Camera Control, Spatial photos","Lecture (vidéo): jusqu'à 27 hrs
Lecture (vidéo diffusée en continu): jusqu'à 24 hrs
Lecture (audio): jusqu'à 100 hrs",telephones,telephones,Apple,iPhone 16 Plus,"L'iPhone 16 Plus est conçu pour Apple Intelligence, le système d'intelligence personnelle qui vous aide à écrire, à vous exprimer et à accomplir vos tâches sans effort. Grâce à des protections de la vie privée révolutionnaires, vous avez l'esprit tranquille : personne d'autre ne peut accéder à vos données, pas même Apple.",,512 Go,,Apple A18,"Écran OEL, Super Retina XDR Display - HDR - revêtement oléophobe antitrace, Ceramic Shield",2796 x 1290 pixels,,,1000 cd/m²,6.7pouces,,"NFC, UWB, Bluetooth, Wi-Fi 7",Câble USB-C vers USB-C (1 m),,,77.8 mm x 7.8 mm x 160.9 mm,199 g,,60 kg d'émissions de carbone,,"Garantie limitée - 1 an
Support technique - conseil - 90 jours",,,Neuf,Rose,https://manystacks.s3.eu-west-3.amazonaws.com/Produits/Images/MY253ZD%3AA.jpg,,,,,,,,, 1352.00,48.00,0
MY1P3ZD/A,Apple iPhone 16 Plus,"5G smartphone, double SIM / Mémoire interne 512 Go, écran OEL, 6.7 pouces",iOS 18,Oui,"Protection de l'objectif en cristal de saphir, stabilisation vidéo Cinematic, Stabilisation d'image automatique, Zoom lecture, marquage géographique, enregistrement stéréo, vidéo à mise au point continue, enregistrement vidéo 4K et photos fixes de 8 MP, Vidéo en accéléré avec stabilisation, correction yeux rouges avancée, Panorama (jusque 63MP), capture d'image HEIF, zoom audio, 100% Focus Pixels, HEVC (High Efficiency Video coding), Fusion profond, Stabilisation optique de l'image par déplacement du capteur pour la vidéo, zoom numérique jusqu'à 6x pour vidéo, zoom optique de sortie 2x, Technologie Quad Pixel pour 2,0 µm, Mode cinématique jusqu'à 4K HDR à 30 fps, Mode action jusqu'à 2.8K à 60 fps, Moteur photonique, AVC (H.264), réduction du bruit du vent, mise au point de portrait et contrôle de la profondeur, zoom optique 4x, zoom optique d'entrée 2x, enregistrement vidéo spatial en 1080p à 30 fps, Vidéo QuickTake jusqu'à 4K à 60 ips en Dolby Vision, Audio spatial et enregistrement stéréo, Mixage audio, enregistrement vidéo 4K Dolby Vision jusqu'à 60 ips, enregistrement vidéo 1080p Dolby Vision jusqu'à 60 ips, Camera Control, Spatial photos","Lecture (vidéo): jusqu'à 27 hrs
Lecture (vidéo diffusée en continu): jusqu'à 24 hrs
Lecture (audio): jusqu'à 100 hrs",telephones,telephones,Apple,iPhone 16 Plus,"L'iPhone 16 Plus est conçu pour Apple Intelligence, le système d'intelligence personnelle qui vous aide à écrire, à vous exprimer et à accomplir vos tâches sans effort. Grâce à des protections de la vie privée révolutionnaires, vous avez l'esprit tranquille : personne d'autre ne peut accéder à vos données, pas même Apple.",,512 Go,,Apple A18,"Écran OEL, Super Retina XDR Display - HDR - revêtement oléophobe antitrace, Ceramic Shield",2796 x 1290 pixels,,,1000 cd/m²,6.7pouces,,"NFC, Ultra-Wideband (UWB), Bluetooth 5.3, Wi-Fi 7",USB Type-C - 24 pin USB-C,,,77.8 mm x 7.8 mm x 160.9 mm,199 g,,60 kg d'émissions de carbone,,"Garantie limitée - 1 an
Support technique - conseil - 90 jours",,,Neuf,Noir,https://manystacks.s3.eu-west-3.amazonaws.com/Produits/Images/MY1P3ZD%3AA.jpg,,,,,,,,, 1352.00,48.00,0
MY2D3ZD/A,Apple iPhone 16 Plus,"5G smartphone, double SIM / Mémoire interne 512 Go, écran OEL, 6.7 pouces",iOS 18,Oui,"Protection de l'objectif en cristal de saphir, stabilisation vidéo Cinematic, Stabilisation d'image automatique, Zoom lecture, marquage géographique, enregistrement stéréo, vidéo à mise au point continue, enregistrement vidéo 4K et photos fixes de 8 MP, Vidéo en accéléré avec stabilisation, correction yeux rouges avancée, Panorama (jusque 63MP), capture d'image HEIF, zoom audio, 100% Focus Pixels, HEVC (High Efficiency Video coding), Fusion profond, Stabilisation optique de l'image par déplacement du capteur pour la vidéo, zoom numérique jusqu'à 6x pour vidéo, zoom optique de sortie 2x, Technologie Quad Pixel pour 2,0 µm, Mode cinématique jusqu'à 4K HDR à 30 fps, Mode action jusqu'à 2.8K à 60 fps, Moteur photonique, AVC (H.264), réduction du bruit du vent, mise au point de portrait et contrôle de la profondeur, zoom optique 4x, zoom optique d'entrée 2x, enregistrement vidéo spatial en 1080p à 30 fps, Vidéo QuickTake jusqu'à 4K à 60 ips en Dolby Vision, Audio spatial et enregistrement stéréo, Mixage audio, enregistrement vidéo 4K Dolby Vision jusqu'à 60 ips, enregistrement vidéo 1080p Dolby Vision jusqu'à 60 ips, Camera Control, Spatial photos","Lecture (vidéo): jusqu'à 27 hrs
Lecture (vidéo diffusée en continu): jusqu'à 24 hrs
Lecture (audio): jusqu'à 100 hrs",telephones,telephones,Apple,iPhone 16 Plus,"L'iPhone 16 Plus est conçu pour Apple Intelligence, le système d'intelligence personnelle qui vous aide à écrire, à vous exprimer et à accomplir vos tâches sans effort. Grâce à des protections de la vie privée révolutionnaires, vous avez l'esprit tranquille : personne d'autre ne peut accéder à vos données, pas même Apple.",,512 Go,,Apple A18,"Écran OEL, Super Retina XDR Display - HDR - revêtement oléophobe antitrace, Ceramic Shield",2796 x 1290 pixels,,,1000 cd/m²,6.7pouces,,"NFC, Ultra-Wideband (UWB), Bluetooth 5.3, Wi-Fi 7",USB Type-C - 24 pin USB-C,,,77.8 mm x 7.8 mm x 160.9 mm,199 g,,60 kg d'émissions de carbone,,"Garantie limitée - 1 an
Support technique - conseil - 90 jours",,,Neuf,Bleu d'outremer,https://manystacks.s3.eu-west-3.amazonaws.com/Produits/Images/MXY23ZD%3AA.jpg,,,,,,,,, 1352.00,48.00,0
MXY23ZD/A,Apple iPhone 16 Plus,"5G smartphone, double SIM / Mémoire interne 256 Go, écran OEL, 6.7 pouces",iOS 18,Oui,"Protection de l'objectif en cristal de saphir, stabilisation vidéo Cinematic, Stabilisation d'image automatique, Zoom lecture, marquage géographique, enregistrement stéréo, vidéo à mise au point continue, enregistrement vidéo 4K et photos fixes de 8 MP, Vidéo en accéléré avec stabilisation, correction yeux rouges avancée, Panorama (jusque 63MP), capture d'image HEIF, zoom audio, 100% Focus Pixels, HEVC (High Efficiency Video coding), Fusion profond, Stabilisation optique de l'image par déplacement du capteur pour la vidéo, zoom numérique jusqu'à 6x pour vidéo, zoom optique de sortie 2x, Technologie Quad Pixel pour 2,0 µm, Mode cinématique jusqu'à 4K HDR à 30 fps, Mode action jusqu'à 2.8K à 60 fps, Moteur photonique, AVC (H.264), réduction du bruit du vent, mise au point de portrait et contrôle de la profondeur, zoom optique 4x, zoom optique d'entrée 2x, enregistrement vidéo spatial en 1080p à 30 fps, Vidéo QuickTake jusqu'à 4K à 60 ips en Dolby Vision, Audio spatial et enregistrement stéréo, Mixage audio, enregistrement vidéo 4K Dolby Vision jusqu'à 60 ips, enregistrement vidéo 1080p Dolby Vision jusqu'à 60 ips, Camera Control, Spatial photos","Lecture (vidéo): jusqu'à 27 hrs
Lecture (vidéo diffusée en continu): jusqu'à 24 hrs
Lecture (audio): jusqu'à 100 hrs",telephones,telephones,Apple,iPhone 16 Plus,"L'iPhone 16 Plus est conçu pour Apple Intelligence, le système d'intelligence personnelle qui vous aide à écrire, à vous exprimer et à accomplir vos tâches sans effort. Grâce à des protections de la vie privée révolutionnaires, vous avez l'esprit tranquille : personne d'autre ne peut accéder à vos données, pas même Apple.",,256 Go,,Apple A18,"Écran OEL, Super Retina XDR Display - HDR - revêtement oléophobe antitrace, Ceramic Shield",2796 x 1290 pixels,,,1000 cd/m²,6.7pouces,,"NFC, UWB, Bluetooth, Wi-Fi 7",USB Type-C - 24 pin USB-C,,,77.8 mm x 7.8 mm x 160.9 mm,199 g,,60 kg d'émissions de carbone,,"Garantie limitée - 1 an
Support technique - conseil - 90 jours",,,Neuf,Bleu d'outremer,https://manystacks.s3.eu-west-3.amazonaws.com/Produits/Images/MXY23ZD%3AA.jpg,,,,,,,,, 1124.00,41.00,0
MYNT3ZD/A,Apple iPhone 16 Pro,"5G smartphone,double SIM / Mémoire interne 1 To, écran OEL, 6.3 pouces",iOS 18,Oui,"Protection de l'objectif en cristal de saphir, stabilisation vidéo Cinematic, Stabilisation d'image automatique, Zoom lecture, marquage géographique, vidéo à mise au point continue, enregistrement vidéo 4K et photos fixes de 8 MP, Vidéo en accéléré avec stabilisation, correction yeux rouges avancée, Panorama (jusque 63MP), capture d'image HEIF, zoom audio, 100% Focus Pixels, HEVC (High Efficiency Video coding), Fusion profond, zoom optique de sortie 2x, capture d'images JPEG, Mode cinématique jusqu'à 4K HDR à 30 fps, Mode action jusqu'à 2.8K à 60 fps, Moteur photonique, AVC (H.264), réduction du bruit du vent, objectif par défaut personnalisable, système de codage des couleurs de l'Académie, zoom optique 10x, zoom optique d'entrée 5x, capture d'images DNG, photographie macro 48 MP, Enregistrement vidéo 4K Dolby Vision jusqu'à 120 fps, Enregistrement vidéo 1080p Dolby Vision jusqu'à 120 ips, enregistrement vidéo Dolby Vision 720p à 30 fps, enregistrement vidéo spatial en 1080p à 30 fps, enregistrement vidéo ProRes jusqu'à 4K à 120 fps avec enregistrement externe, Vidéo QuickTake jusqu'à 4K à 60 ips en Dolby Vision, Audio spatial et enregistrement stéréo, Mixage audio, Camera Control","Lecture (vidéo): jusqu'à 27 hrs
Lecture (vidéo diffusée en continu): jusqu'à 22 hrs
Lecture (audio): jusqu'à 85 hrs",telephones,telephones,Apple,iPhone 16 Pro,"L'iPhone 16 Pro est conçu en titane de grade 5 avec une finition microbillée raffinée. Le titane présente l'un des rapports résistance/poids les plus élevés de tous les métaux, ce qui rend ce modèle incroyablement solide et incroyablement léger. Les améliorations apportées à la conception interne - notamment une sous-structure thermique en aluminium 100 % recyclé et des optimisations du verre arrière qui dissipent davantage la chaleur - permettent d'obtenir des performances soutenues jusqu'à 20 % supérieures à celles de l'iPhone 15 Pro. Vous pouvez donc faire tout ce que vous aimez - comme jouer à haute intensité - plus longtemps.
La technologie d'affichage avancée permet à Apple d'acheminer les données d'affichage sous les pixels actifs sans distorsion, ce qui se traduit par des bordures plus fines pour un écran Super Retina XDR plus grand et plus agréable à tenir en main. L'iPhone 16 Pro résiste aux éclaboussures, à l'eau et à la poussière. Il est également doté d'un matériau Ceramic Shield deux fois plus résistant que le verre de n'importe quel smartphone. C'est ce que l'on appelle la durabilité.
De plus, l'iPhone 16 Pro est conçu pour Apple Intelligence, le système d'intelligence personnelle qui vous aide à écrire, à vous exprimer et à accomplir vos tâches sans effort. Grâce à des protections de la vie privée révolutionnaires, vous avez l'esprit tranquille : personne d'autre ne peut accéder à vos données, pas même Apple.",,1 To,,Apple A18,"Écran OEL, Super Retina XDR Display - HDR - revêtement oléophobe antitrace, Ceramic Shield",2622 x 1206 pixels,,120 Hz,2000 cd/m²,6.3 pouces,,"NFC, Ultra-Wideband (UWB), Bluetooth 5.3, Wi-Fi 7, IEEE 802.11be",USB Type-C - 24 pin USB-C,,,71.5 mm x 8.25 mm x 149.6 mm,199 g,,66 kg d'émissions de carbone,,"Garantie limitée - 1 an
Support technique - conseil - 90 jours",,,Neuf,Titane blanc,https://manystacks.s3.eu-west-3.amazonaws.com/Produits/Images/MYNT3ZD%3AA.jpg,,,,,,,,, 1681.00,58.00,0
MYNJ3ZD/A,Apple iPhone 16 Pro,"5G smartphone, double SIM / Mémoire interne 256 Go, écran OEL, 6.3pouces",iOS 18,Oui,"Protection de l'objectif en cristal de saphir, stabilisation vidéo Cinematic, Stabilisation d'image automatique, Zoom lecture, marquage géographique, vidéo à mise au point continue, enregistrement vidéo 4K et photos fixes de 8 MP, Vidéo en accéléré avec stabilisation, correction yeux rouges avancée, Panorama (jusque 63MP), capture d'image HEIF, zoom audio, 100% Focus Pixels, HEVC (High Efficiency Video coding), Fusion profond, zoom optique de sortie 2x, capture d'images JPEG, Mode cinématique jusqu'à 4K HDR à 30 fps, Mode action jusqu'à 2.8K à 60 fps, Moteur photonique, AVC (H.264), réduction du bruit du vent, objectif par défaut personnalisable, système de codage des couleurs de l'Académie, zoom optique 10x, zoom optique d'entrée 5x, capture d'images DNG, photographie macro 48 MP, Enregistrement vidéo 4K Dolby Vision jusqu'à 120 fps, Enregistrement vidéo 1080p Dolby Vision jusqu'à 120 ips, enregistrement vidéo Dolby Vision 720p à 30 fps, enregistrement vidéo spatial en 1080p à 30 fps, enregistrement vidéo ProRes jusqu'à 4K à 120 fps avec enregistrement externe, Vidéo QuickTake jusqu'à 4K à 60 ips en Dolby Vision, Audio spatial et enregistrement stéréo, Mixage audio, Camera Control","Lecture (vidéo): jusqu'à 27 hrs
Lecture (vidéo diffusée en continu): jusqu'à 22 hrs
Lecture (audio): jusqu'à 85 hrs",telephones,telephones,Apple,iPhone 16 Pro,"L'iPhone 16 Pro est conçu en titane de grade 5 avec une finition microbillée raffinée. Le titane présente l'un des rapports résistance/poids les plus élevés de tous les métaux, ce qui rend ce modèle incroyablement solide et incroyablement léger. Les améliorations apportées à la conception interne - notamment une sous-structure thermique en aluminium 100 % recyclé et des optimisations du verre arrière qui dissipent davantage la chaleur - permettent d'obtenir des performances soutenues jusqu'à 20 % supérieures à celles de l'iPhone 15 Pro. Vous pouvez donc faire tout ce que vous aimez - comme jouer à haute intensité - plus longtemps.
La technologie d'affichage avancée permet à Apple d'acheminer les données d'affichage sous les pixels actifs sans distorsion, ce qui se traduit par des bordures plus fines pour un écran Super Retina XDR plus grand et plus agréable à tenir en main. L'iPhone 16 Pro résiste aux éclaboussures, à l'eau et à la poussière. Il est également doté d'un matériau Ceramic Shield deux fois plus résistant que le verre de n'importe quel smartphone. C'est ce que l'on appelle la durabilité.
De plus, l'iPhone 16 Pro est conçu pour Apple Intelligence, le système d'intelligence personnelle qui vous aide à écrire, à vous exprimer et à accomplir vos tâches sans effort. Grâce à des protections de la vie privée révolutionnaires, vous avez l'esprit tranquille : personne d'autre ne peut accéder à vos données, pas même Apple.",,256 Go,,Apple A18,"Écran OEL, Super Retina XDR Display - HDR - revêtement oléophobe antitrace, Ceramic Shield",2622 x 1206 pixels,,120 Hz,2000 cd/m²,6.3 pouces,,"NFC, Ultra-Wideband (UWB), Bluetooth 5.3, Wi-Fi 7, IEEE 802.11be",USB Type-C - 24 pin USB-C,,,71.5 mm x 8.25 mm x 149.6 mm,199 g,,66 kg d'émissions de carbone,,"Garantie limitée - 1 an
Support technique - conseil - 90 jours",,,Neuf,Titane blanc,https://manystacks.s3.eu-west-3.amazonaws.com/Produits/Images/MYNJ3ZD%3AA.jpg,,,,,,,,, 1224.00,43.00,0
MYNL3ZD/A,Apple iPhone 16 Pro,"5G smartphone, double SIM / Mémoire interne 256 Go, écran OEL, 6.3pouces",iOS 18,Oui,"Protection de l'objectif en cristal de saphir, stabilisation vidéo Cinematic, Stabilisation d'image automatique, Zoom lecture, marquage géographique, vidéo à mise au point continue, enregistrement vidéo 4K et photos fixes de 8 MP, Vidéo en accéléré avec stabilisation, correction yeux rouges avancée, Panorama (jusque 63MP), capture d'image HEIF, zoom audio, 100% Focus Pixels, HEVC (High Efficiency Video coding), Fusion profond, zoom optique de sortie 2x, capture d'images JPEG, Mode cinématique jusqu'à 4K HDR à 30 fps, Mode action jusqu'à 2.8K à 60 fps, Moteur photonique, AVC (H.264), réduction du bruit du vent, objectif par défaut personnalisable, système de codage des couleurs de l'Académie, zoom optique 10x, zoom optique d'entrée 5x, capture d'images DNG, photographie macro 48 MP, Enregistrement vidéo 4K Dolby Vision jusqu'à 120 fps, Enregistrement vidéo 1080p Dolby Vision jusqu'à 120 ips, enregistrement vidéo Dolby Vision 720p à 30 fps, enregistrement vidéo spatial en 1080p à 30 fps, enregistrement vidéo ProRes jusqu'à 4K à 120 fps avec enregistrement externe, Vidéo QuickTake jusqu'à 4K à 60 ips en Dolby Vision, Audio spatial et enregistrement stéréo, Mixage audio, Camera Control","Lecture (vidéo): jusqu'à 27 hrs
Lecture (vidéo diffusée en continu): jusqu'à 22 hrs
Lecture (audio): jusqu'à 85 hrs",telephones,telephones,Apple,iPhone 16 Pro,"L'iPhone 16 Pro est conçu en titane de grade 5 avec une finition microbillée raffinée. Le titane présente l'un des rapports résistance/poids les plus élevés de tous les métaux, ce qui rend ce modèle incroyablement solide et incroyablement léger. Les améliorations apportées à la conception interne - notamment une sous-structure thermique en aluminium 100 % recyclé et des optimisations du verre arrière qui dissipent davantage la chaleur - permettent d'obtenir des performances soutenues jusqu'à 20 % supérieures à celles de l'iPhone 15 Pro. Vous pouvez donc faire tout ce que vous aimez - comme jouer à haute intensité - plus longtemps.
La technologie d'affichage avancée permet à Apple d'acheminer les données d'affichage sous les pixels actifs sans distorsion, ce qui se traduit par des bordures plus fines pour un écran Super Retina XDR plus grand et plus agréable à tenir en main. L'iPhone 16 Pro résiste aux éclaboussures, à l'eau et à la poussière. Il est également doté d'un matériau Ceramic Shield deux fois plus résistant que le verre de n'importe quel smartphone. C'est ce que l'on appelle la durabilité.
De plus, l'iPhone 16 Pro est conçu pour Apple Intelligence, le système d'intelligence personnelle qui vous aide à écrire, à vous exprimer et à accomplir vos tâches sans effort. Grâce à des protections de la vie privée révolutionnaires, vous avez l'esprit tranquille : personne d'autre ne peut accéder à vos données, pas même Apple.",,256 Go,,Apple A18,"Écran OEL, Super Retina XDR Display - HDR - revêtement oléophobe antitrace, Ceramic Shield",2622 x 1206 pixels,,120 Hz,2000 cd/m²,6.3 pouces,,"NFC, Ultra-Wideband (UWB), Bluetooth 5.3, Wi-Fi 7, IEEE 802.11be",USB Type-C - 24 pin USB-C,,,71.5 mm x 8.25 mm x 149.6 mm,199 g,,66 kg d'émissions de carbone,,"Garantie limitée - 1 an
Support technique - conseil - 90 jours",,,Neuf,Titane naturel,https://manystacks.s3.eu-west-3.amazonaws.com/Produits/Images/MYNX3ZD%3AA.webp,,,,,,,,, 1224.00,43.00,0
MYNN3ZD/A,Apple iPhone 16 Pro,"5G smartphone, double SIM / Mémoire interne 512 Go, écran OEL, 6.3pouces",iOS 18,Oui,"Protection de l'objectif en cristal de saphir, stabilisation vidéo Cinematic, Stabilisation d'image automatique, Zoom lecture, marquage géographique, vidéo à mise au point continue, enregistrement vidéo 4K et photos fixes de 8 MP, Vidéo en accéléré avec stabilisation, correction yeux rouges avancée, Panorama (jusque 63MP), capture d'image HEIF, zoom audio, 100% Focus Pixels, HEVC (High Efficiency Video coding), Fusion profond, zoom optique de sortie 2x, capture d'images JPEG, Mode cinématique jusqu'à 4K HDR à 30 fps, Mode action jusqu'à 2.8K à 60 fps, Moteur photonique, AVC (H.264), réduction du bruit du vent, objectif par défaut personnalisable, système de codage des couleurs de l'Académie, zoom optique 10x, zoom optique d'entrée 5x, capture d'images DNG, photographie macro 48 MP, Enregistrement vidéo 4K Dolby Vision jusqu'à 120 fps, Enregistrement vidéo 1080p Dolby Vision jusqu'à 120 ips, enregistrement vidéo Dolby Vision 720p à 30 fps, enregistrement vidéo spatial en 1080p à 30 fps, enregistrement vidéo ProRes jusqu'à 4K à 120 fps avec enregistrement externe, Vidéo QuickTake jusqu'à 4K à 60 ips en Dolby Vision, Audio spatial et enregistrement stéréo, Mixage audio, Camera Control","Lecture (vidéo): jusqu'à 27 hrs
Lecture (vidéo diffusée en continu): jusqu'à 22 hrs
Lecture (audio): jusqu'à 85 hrs",telephones,telephones,Apple,iPhone 16 Pro,"L'iPhone 16 Pro est conçu en titane de grade 5 avec une finition microbillée raffinée. Le titane présente l'un des rapports résistance/poids les plus élevés de tous les métaux, ce qui rend ce modèle incroyablement solide et incroyablement léger. Les améliorations apportées à la conception interne - notamment une sous-structure thermique en aluminium 100 % recyclé et des optimisations du verre arrière qui dissipent davantage la chaleur - permettent d'obtenir des performances soutenues jusqu'à 20 % supérieures à celles de l'iPhone 15 Pro. Vous pouvez donc faire tout ce que vous aimez - comme jouer à haute intensité - plus longtemps.
La technologie d'affichage avancée permet à Apple d'acheminer les données d'affichage sous les pixels actifs sans distorsion, ce qui se traduit par des bordures plus fines pour un écran Super Retina XDR plus grand et plus agréable à tenir en main. L'iPhone 16 Pro résiste aux éclaboussures, à l'eau et à la poussière. Il est également doté d'un matériau Ceramic Shield deux fois plus résistant que le verre de n'importe quel smartphone. C'est ce que l'on appelle la durabilité.
De plus, l'iPhone 16 Pro est conçu pour Apple Intelligence, le système d'intelligence personnelle qui vous aide à écrire, à vous exprimer et à accomplir vos tâches sans effort. Grâce à des protections de la vie privée révolutionnaires, vous avez l'esprit tranquille : personne d'autre ne peut accéder à vos données, pas même Apple.",,512 Go,,Apple A18,"Écran OEL, Super Retina XDR Display - HDR - revêtement oléophobe antitrace, Ceramic Shield",2622 x 1206 pixels,,120 Hz,2000 cd/m²,6.3 pouces,,"NFC, UWB, Bluetooth, Wi-Fi 7, IEEE 802.11be",USB Type-C - 24 pin USB-C,,,71.5 mm x 8.25 mm x 149.6 mm,199 g,,66 kg d'émissions de carbone,,"Garantie limitée - 1 an
Support technique - conseil - 90 jours",,,Neuf,Titane blanc,https://manystacks.s3.eu-west-3.amazonaws.com/Produits/Images/MYNN3ZD%3AA.jpg,,,,,,,,, 1453.00,51.00,0
MYNR3ZD/A,Apple iPhone 16 Pro,"5G smartphone,double SIM / Mémoire interne 1 To, écran OEL, 6.3 pouces",iOS 18,Oui,"Protection de l'objectif en cristal de saphir, stabilisation vidéo Cinematic, Stabilisation d'image automatique, Zoom lecture, marquage géographique, vidéo à mise au point continue, enregistrement vidéo 4K et photos fixes de 8 MP, Vidéo en accéléré avec stabilisation, correction yeux rouges avancée, Panorama (jusque 63MP), capture d'image HEIF, zoom audio, 100% Focus Pixels, HEVC (High Efficiency Video coding), Fusion profond, zoom optique de sortie 2x, capture d'images JPEG, Mode cinématique jusqu'à 4K HDR à 30 fps, Mode action jusqu'à 2.8K à 60 fps, Moteur photonique, AVC (H.264), réduction du bruit du vent, objectif par défaut personnalisable, système de codage des couleurs de l'Académie, zoom optique 10x, zoom optique d'entrée 5x, capture d'images DNG, photographie macro 48 MP, Enregistrement vidéo 4K Dolby Vision jusqu'à 120 fps, Enregistrement vidéo 1080p Dolby Vision jusqu'à 120 ips, enregistrement vidéo Dolby Vision 720p à 30 fps, enregistrement vidéo spatial en 1080p à 30 fps, enregistrement vidéo ProRes jusqu'à 4K à 120 fps avec enregistrement externe, Vidéo QuickTake jusqu'à 4K à 60 ips en Dolby Vision, Audio spatial et enregistrement stéréo, Mixage audio, Camera Control","Lecture (vidéo): jusqu'à 27 hrs
Lecture (vidéo diffusée en continu): jusqu'à 22 hrs
Lecture (audio): jusqu'à 85 hrs",telephones,telephones,Apple,iPhone 16 Pro,"L'iPhone 16 Pro est conçu en titane de grade 5 avec une finition microbillée raffinée. Le titane présente l'un des rapports résistance/poids les plus élevés de tous les métaux, ce qui rend ce modèle incroyablement solide et incroyablement léger. Les améliorations apportées à la conception interne - notamment une sous-structure thermique en aluminium 100 % recyclé et des optimisations du verre arrière qui dissipent davantage la chaleur - permettent d'obtenir des performances soutenues jusqu'à 20 % supérieures à celles de l'iPhone 15 Pro. Vous pouvez donc faire tout ce que vous aimez - comme jouer à haute intensité - plus longtemps.
La technologie d'affichage avancée permet à Apple d'acheminer les données d'affichage sous les pixels actifs sans distorsion, ce qui se traduit par des bordures plus fines pour un écran Super Retina XDR plus grand et plus agréable à tenir en main. L'iPhone 16 Pro résiste aux éclaboussures, à l'eau et à la poussière. Il est également doté d'un matériau Ceramic Shield deux fois plus résistant que le verre de n'importe quel smartphone. C'est ce que l'on appelle la durabilité.
De plus, l'iPhone 16 Pro est conçu pour Apple Intelligence, le système d'intelligence personnelle qui vous aide à écrire, à vous exprimer et à accomplir vos tâches sans effort. Grâce à des protections de la vie privée révolutionnaires, vous avez l'esprit tranquille : personne d'autre ne peut accéder à vos données, pas même Apple.",,1 To,,Apple A18,"Écran OEL, Super Retina XDR Display - HDR - revêtement oléophobe antitrace, Ceramic Shield",2622 x 1206 pixels,,120 Hz,2000 cd/m²,6.3 pouces,,"NFC, UWB, Bluetooth, Wi-Fi 7, IEEE 802.11be",USB Type-C - 24 pin USB-C,,,71.5 mm x 8.25 mm x 149.6 mm,199 g,,66 kg d'émissions de carbone,,"Garantie limitée - 1 an
Support technique - conseil - 90 jours",,,Neuf,Titane noir,https://manystacks.s3.eu-west-3.amazonaws.com/Produits/Images/MYNR3ZD%3AA.jpg,,,,,,,,, 1681.00,58.00,0
MYNE3ZD/A,Apple iPhone 16 Pro,"5G smartphone, double SIM / Mémoire interne 128 Go, écran OEL, 6.3pouces",iOS 18,Oui,"100% Focus Pixels, objectif par défaut personnalisable, protection de l'objectif en cristal de saphir, Moteur photonique, Fusion profond, Panorama (jusque 63MP), photographie macro 48 MP, correction yeux rouges avancée, Stabilisation d'image automatique, marquage géographique, capture d'image HEIF, capture d'images JPEG, capture d'images DNG, zoom optique de sortie 2x, zoom optique 10x, zoom optique d'entrée 5x, Enregistrement vidéo 4K Dolby Vision jusqu'à 120 fps, Enregistrement vidéo 1080p Dolby Vision jusqu'à 120 ips, enregistrement vidéo Dolby Vision 720p à 30 fps, Mode cinématique jusqu'à 4K HDR à 30 fps, Mode action jusqu'à 2.8K à 60 fps, enregistrement vidéo spatial en 1080p à 30 fps, enregistrement vidéo ProRes jusqu'à 4K à 120 fps avec enregistrement externe, Vidéo en accéléré avec stabilisation, Vidéo QuickTake jusqu'à 4K à 60 ips en Dolby Vision, zoom audio, stabilisation vidéo Cinematic, vidéo à mise au point continue, enregistrement vidéo 4K et photos fixes de 8 MP, Zoom lecture, HEVC (High Efficiency Video coding), AVC (H.264), Audio spatial et enregistrement stéréo, réduction du bruit du vent, Mixage audio, système de codage des couleurs de l'Académie, Camera Control","Lecture (vidéo): jusqu'à 27 hrs
Lecture (vidéo diffusée en continu): jusqu'à 22 hrs
Lecture (audio): jusqu'à 85 hrs",telephones,telephones,Apple,iPhone 16 Pro,"L'iPhone 16 Pro est conçu en titane de grade 5 avec une finition microbillée raffinée. Le titane présente l'un des rapports résistance/poids les plus élevés de tous les métaux, ce qui rend ce modèle incroyablement solide et incroyablement léger. Les améliorations apportées à la conception interne - notamment une sous-structure thermique en aluminium 100 % recyclé et des optimisations du verre arrière qui dissipent davantage la chaleur - permettent d'obtenir des performances soutenues jusqu'à 20 % supérieures à celles de l'iPhone 15 Pro. Vous pouvez donc faire tout ce que vous aimez - comme jouer à haute intensité - plus longtemps.
La technologie d'affichage avancée permet à Apple d'acheminer les données d'affichage sous les pixels actifs sans distorsion, ce qui se traduit par des bordures plus fines pour un écran Super Retina XDR plus grand et plus agréable à tenir en main. L'iPhone 16 Pro résiste aux éclaboussures, à l'eau et à la poussière. Il est également doté d'un matériau Ceramic Shield deux fois plus résistant que le verre de n'importe quel smartphone. C'est ce que l'on appelle la durabilité.
De plus, l'iPhone 16 Pro est conçu pour Apple Intelligence, le système d'intelligence personnelle qui vous aide à écrire, à vous exprimer et à accomplir vos tâches sans effort. Grâce à des protections de la vie privée révolutionnaires, vous avez l'esprit tranquille : personne d'autre ne peut accéder à vos données, pas même Apple.",,128 Go,,Apple A18,"Écran OEL, Super Retina XDR Display - HDR - revêtement oléophobe antitrace, Ceramic Shield",2622 x 1206 pixels,,120 Hz,2000 cd/m²,6.3 pouces,,"UWB, NFC, IEEE 802.11be, Bluetooth, Wi-Fi 7",USB Type-C - 24 pin USB-C,,,71.5 mm x 8.25 mm x 149.6 mm,199 g,,66 kg d'émissions de carbone,,"Garantie limitée - 1 an
Support technique - conseil - 90 jours",,,Neuf,Titane blanc,https://manystacks.s3.eu-west-3.amazonaws.com/Produits/Images/MYNE3ZD%3AA.jpg,,,,,,,,, 1106.00,40.00,0
MYNF3ZD/A,Apple iPhone 16 Pro,"5G smartphone, double SIM / Mémoire interne 128 Go, écran OEL, 6.3 pouces",iOS 18,Oui,"100% Focus Pixels, objectif par défaut personnalisable, protection de l'objectif en cristal de saphir, Moteur photonique, Fusion profond, Panorama (jusque 63MP), photographie macro 48 MP, correction yeux rouges avancée, Stabilisation d'image automatique, marquage géographique, capture d'image HEIF, capture d'images JPEG, capture d'images DNG, zoom optique de sortie 2x, zoom optique 10x, zoom optique d'entrée 5x, Enregistrement vidéo 4K Dolby Vision jusqu'à 120 fps, Enregistrement vidéo 1080p Dolby Vision jusqu'à 120 ips, enregistrement vidéo Dolby Vision 720p à 30 fps, Mode cinématique jusqu'à 4K HDR à 30 fps, Mode action jusqu'à 2.8K à 60 fps, enregistrement vidéo spatial en 1080p à 30 fps, enregistrement vidéo ProRes jusqu'à 4K à 120 fps avec enregistrement externe, Vidéo en accéléré avec stabilisation, Vidéo QuickTake jusqu'à 4K à 60 ips en Dolby Vision, zoom audio, stabilisation vidéo Cinematic, vidéo à mise au point continue, enregistrement vidéo 4K et photos fixes de 8 MP, Zoom lecture, HEVC (High Efficiency Video coding), AVC (H.264), Audio spatial et enregistrement stéréo, réduction du bruit du vent, Mixage audio, système de codage des couleurs de l'Académie, Camera Control","Lecture (vidéo): jusqu'à 27 hrs
Lecture (vidéo diffusée en continu): jusqu'à 22 hrs
Lecture (audio): jusqu'à 85 hrs",telephones,telephones,Apple,iPhone 16 Pro,"L'iPhone 16 Pro est conçu en titane de grade 5 avec une finition microbillée raffinée. Le titane présente l'un des rapports résistance/poids les plus élevés de tous les métaux, ce qui rend ce modèle incroyablement solide et incroyablement léger. Les améliorations apportées à la conception interne - notamment une sous-structure thermique en aluminium 100 % recyclé et des optimisations du verre arrière qui dissipent davantage la chaleur - permettent d'obtenir des performances soutenues jusqu'à 20 % supérieures à celles de l'iPhone 15 Pro. Vous pouvez donc faire tout ce que vous aimez - comme jouer à haute intensité - plus longtemps.
La technologie d'affichage avancée permet à Apple d'acheminer les données d'affichage sous les pixels actifs sans distorsion, ce qui se traduit par des bordures plus fines pour un écran Super Retina XDR plus grand et plus agréable à tenir en main. L'iPhone 16 Pro résiste aux éclaboussures, à l'eau et à la poussière. Il est également doté d'un matériau Ceramic Shield deux fois plus résistant que le verre de n'importe quel smartphone. C'est ce que l'on appelle la durabilité.
De plus, l'iPhone 16 Pro est conçu pour Apple Intelligence, le système d'intelligence personnelle qui vous aide à écrire, à vous exprimer et à accomplir vos tâches sans effort. Grâce à des protections de la vie privée révolutionnaires, vous avez l'esprit tranquille : personne d'autre ne peut accéder à vos données, pas même Apple.",,128 Go,,,"Écran OEL, Super Retina XDR Display - HDR - revêtement oléophobe antitrace, Ceramic Shield",2622 x 1206 pixels,,120 Hz,2000 cd/m²,6.3 pouces,,"Ultra-Wideband (UWB), NFC, IEEE 802.11be, Bluetooth 5.3, Wi-Fi 7",USB Type-C - 24 pin USB-C,,,71.5 mm x 8.25 mm x 149.6 mm,199 g,,66 kg d'émissions de carbone,,"Garantie limitée - 1 an
Support technique - conseil - 90 jours",,,Neuf,Titane désert,https://manystacks.s3.eu-west-3.amazonaws.com/Produits/Images/MYNF3ZD%3AA.jpg,,,,,,,,, 1106.00,40.00,0
MYNG3ZD/A,Apple iPhone 16 Pro,"5G smartphone, double SIM / Mémoire interne 128 Go, écran OEL, 6.3 pouces",iOS 18,Oui,"100% Focus Pixels, objectif par défaut personnalisable, protection de l'objectif en cristal de saphir, Moteur photonique, Fusion profond, Panorama (jusque 63MP), photographie macro 48 MP, correction yeux rouges avancée, Stabilisation d'image automatique, marquage géographique, capture d'image HEIF, capture d'images JPEG, capture d'images DNG, zoom optique de sortie 2x, zoom optique 10x, zoom optique d'entrée 5x, Enregistrement vidéo 4K Dolby Vision jusqu'à 120 fps, Enregistrement vidéo 1080p Dolby Vision jusqu'à 120 ips, enregistrement vidéo Dolby Vision 720p à 30 fps, Mode cinématique jusqu'à 4K HDR à 30 fps, Mode action jusqu'à 2.8K à 60 fps, enregistrement vidéo spatial en 1080p à 30 fps, enregistrement vidéo ProRes jusqu'à 4K à 120 fps avec enregistrement externe, Vidéo en accéléré avec stabilisation, Vidéo QuickTake jusqu'à 4K à 60 ips en Dolby Vision, zoom audio, stabilisation vidéo Cinematic, vidéo à mise au point continue, enregistrement vidéo 4K et photos fixes de 8 MP, Zoom lecture, HEVC (High Efficiency Video coding), AVC (H.264), Audio spatial et enregistrement stéréo, réduction du bruit du vent, Mixage audio, système de codage des couleurs de l'Académie, Camera Control","Lecture (vidéo): jusqu'à 27 hrs
Lecture (vidéo diffusée en continu): jusqu'à 22 hrs
Lecture (audio): jusqu'à 85 hrs",telephones,telephones,Apple,iPhone 16 Pro,"L'iPhone 16 Pro est conçu en titane de grade 5 avec une finition microbillée raffinée. Le titane présente l'un des rapports résistance/poids les plus élevés de tous les métaux, ce qui rend ce modèle incroyablement solide et incroyablement léger. Les améliorations apportées à la conception interne - notamment une sous-structure thermique en aluminium 100 % recyclé et des optimisations du verre arrière qui dissipent davantage la chaleur - permettent d'obtenir des performances soutenues jusqu'à 20 % supérieures à celles de l'iPhone 15 Pro. Vous pouvez donc faire tout ce que vous aimez - comme jouer à haute intensité - plus longtemps.
La technologie d'affichage avancée permet à Apple d'acheminer les données d'affichage sous les pixels actifs sans distorsion, ce qui se traduit par des bordures plus fines pour un écran Super Retina XDR plus grand et plus agréable à tenir en main. L'iPhone 16 Pro résiste aux éclaboussures, à l'eau et à la poussière. Il est également doté d'un matériau Ceramic Shield deux fois plus résistant que le verre de n'importe quel smartphone. C'est ce que l'on appelle la durabilité.
De plus, l'iPhone 16 Pro est conçu pour Apple Intelligence, le système d'intelligence personnelle qui vous aide à écrire, à vous exprimer et à accomplir vos tâches sans effort. Grâce à des protections de la vie privée révolutionnaires, vous avez l'esprit tranquille : personne d'autre ne peut accéder à vos données, pas même Apple.",,128 Go,,Apple A18,"Écran OEL, Super Retina XDR Display - HDR - revêtement oléophobe antitrace, Ceramic Shield",2622 x 1206 pixels,,120 Hz,2000 cd/m²,6.3 pouces,,"Ultra-Wideband (UWB), NFC, IEEE 802.11be, Bluetooth 5.3, Wi-Fi 7",USB Type-C - 24 pin USB-C,,,71.5 mm x 8.25 mm x 149.6 mm,199 g,,66 kg d'émissions de carbone,,"Garantie limitée - 1 an
Support technique - conseil - 90 jours",,,Neuf,Titane naturel,https://manystacks.s3.eu-west-3.amazonaws.com/Produits/Images/MYNX3ZD%3AA.webp,,,,,,,,, 1106.00,40.00,0
MYND3ZD/A,Apple iPhone 16 Pro,"5G smartphone, double SIM / Mémoire interne 128 Go, écran OEL, 6.3 pouces",iOS 18,Oui,"100% Focus Pixels, objectif par défaut personnalisable, protection de l'objectif en cristal de saphir, Moteur photonique, Fusion profond, Panorama (jusque 63MP), photographie macro 48 MP, correction yeux rouges avancée, Stabilisation d'image automatique, marquage géographique, capture d'image HEIF, capture d'images JPEG, capture d'images DNG, zoom optique de sortie 2x, zoom optique 10x, zoom optique d'entrée 5x, Enregistrement vidéo 4K Dolby Vision jusqu'à 120 fps, Enregistrement vidéo 1080p Dolby Vision jusqu'à 120 ips, enregistrement vidéo Dolby Vision 720p à 30 fps, Mode cinématique jusqu'à 4K HDR à 30 fps, Mode action jusqu'à 2.8K à 60 fps, enregistrement vidéo spatial en 1080p à 30 fps, enregistrement vidéo ProRes jusqu'à 4K à 120 fps avec enregistrement externe, Vidéo en accéléré avec stabilisation, Vidéo QuickTake jusqu'à 4K à 60 ips en Dolby Vision, zoom audio, stabilisation vidéo Cinematic, vidéo à mise au point continue, enregistrement vidéo 4K et photos fixes de 8 MP, Zoom lecture, HEVC (High Efficiency Video coding), AVC (H.264), Audio spatial et enregistrement stéréo, réduction du bruit du vent, Mixage audio, système de codage des couleurs de l'Académie, Camera Control","Lecture (vidéo): jusqu'à 27 hrs
Lecture (vidéo diffusée en continu): jusqu'à 22 hrs
Lecture (audio): jusqu'à 85 hrs",telephones,telephones,Apple,iPhone 16 Pro,"L'iPhone 16 Pro est conçu en titane de grade 5 avec une finition microbillée raffinée. Le titane présente l'un des rapports résistance/poids les plus élevés de tous les métaux, ce qui rend ce modèle incroyablement solide et incroyablement léger. Les améliorations apportées à la conception interne - notamment une sous-structure thermique en aluminium 100 % recyclé et des optimisations du verre arrière qui dissipent davantage la chaleur - permettent d'obtenir des performances soutenues jusqu'à 20 % supérieures à celles de l'iPhone 15 Pro. Vous pouvez donc faire tout ce que vous aimez - comme jouer à haute intensité - plus longtemps.
La technologie d'affichage avancée permet à Apple d'acheminer les données d'affichage sous les pixels actifs sans distorsion, ce qui se traduit par des bordures plus fines pour un écran Super Retina XDR plus grand et plus agréable à tenir en main. L'iPhone 16 Pro résiste aux éclaboussures, à l'eau et à la poussière. Il est également doté d'un matériau Ceramic Shield deux fois plus résistant que le verre de n'importe quel smartphone. C'est ce que l'on appelle la durabilité.
De plus, l'iPhone 16 Pro est conçu pour Apple Intelligence, le système d'intelligence personnelle qui vous aide à écrire, à vous exprimer et à accomplir vos tâches sans effort. Grâce à des protections de la vie privée révolutionnaires, vous avez l'esprit tranquille : personne d'autre ne peut accéder à vos données, pas même Apple.",,128 Go,,Apple A18 Pro,"Écran OEL, Écran Super Retina XDR avec ProMotion",2622 x 1206 pixels,,120 Hz,2000 cd/m²,6.3 pouces,,"Ultra-Wideband (UWB), NFC, IEEE 802.11be, Bluetooth 5.3, Wi-Fi 7",USB Type-C - 24 pin USB-C,,,71.5 mm x 8.25 mm x 149.6 mm,199 g,,66 kg d'émissions de carbone,,"Garantie limitée - 1 an
Support technique - conseil - 90 jours",,,Neuf,Titane noir,https://manystacks.s3.eu-west-3.amazonaws.com/Produits/Images/MYNR3ZD%3AA.jpg,,,,,,,,, 1106.00,40.00,0
MYNM3ZD/A,Apple iPhone 16 Pro,"5G smartphone, double SIM / Mémoire interne 512 Go, écran OEL, 6.3 pouces",iOS 18,Oui,"Protection de l'objectif en cristal de saphir, stabilisation vidéo Cinematic, Stabilisation d'image automatique, Zoom lecture, marquage géographique, vidéo à mise au point continue, enregistrement vidéo 4K et photos fixes de 8 MP, Vidéo en accéléré avec stabilisation, correction yeux rouges avancée, Panorama (jusque 63MP), capture d'image HEIF, zoom audio, 100% Focus Pixels, HEVC (High Efficiency Video coding), Fusion profond, zoom optique de sortie 2x, capture d'images JPEG, Mode cinématique jusqu'à 4K HDR à 30 fps, Mode action jusqu'à 2.8K à 60 fps, Moteur photonique, AVC (H.264), réduction du bruit du vent, objectif par défaut personnalisable, système de codage des couleurs de l'Académie, zoom optique 10x, zoom optique d'entrée 5x, capture d'images DNG, photographie macro 48 MP, Enregistrement vidéo 4K Dolby Vision jusqu'à 120 fps, Enregistrement vidéo 1080p Dolby Vision jusqu'à 120 ips, enregistrement vidéo Dolby Vision 720p à 30 fps, enregistrement vidéo spatial en 1080p à 30 fps, enregistrement vidéo ProRes jusqu'à 4K à 120 fps avec enregistrement externe, Vidéo QuickTake jusqu'à 4K à 60 ips en Dolby Vision, Audio spatial et enregistrement stéréo, Mixage audio, Camera Control","Lecture (vidéo): jusqu'à 27 hrs
Lecture (vidéo diffusée en continu): jusqu'à 22 hrs
Lecture (audio): jusqu'à 85 hrs",telephones,telephones,Apple,iPhone 16 Pro,"L'iPhone 16 Pro est conçu en titane de grade 5 avec une finition microbillée raffinée. Le titane présente l'un des rapports résistance/poids les plus élevés de tous les métaux, ce qui rend ce modèle incroyablement solide et incroyablement léger. Les améliorations apportées à la conception interne - notamment une sous-structure thermique en aluminium 100 % recyclé et des optimisations du verre arrière qui dissipent davantage la chaleur - permettent d'obtenir des performances soutenues jusqu'à 20 % supérieures à celles de l'iPhone 15 Pro. Vous pouvez donc faire tout ce que vous aimez - comme jouer à haute intensité - plus longtemps.
La technologie d'affichage avancée permet à Apple d'acheminer les données d'affichage sous les pixels actifs sans distorsion, ce qui se traduit par des bordures plus fines pour un écran Super Retina XDR plus grand et plus agréable à tenir en main. L'iPhone 16 Pro résiste aux éclaboussures, à l'eau et à la poussière. Il est également doté d'un matériau Ceramic Shield deux fois plus résistant que le verre de n'importe quel smartphone. C'est ce que l'on appelle la durabilité.
De plus, l'iPhone 16 Pro est conçu pour Apple Intelligence, le système d'intelligence personnelle qui vous aide à écrire, à vous exprimer et à accomplir vos tâches sans effort. Grâce à des protections de la vie privée révolutionnaires, vous avez l'esprit tranquille : personne d'autre ne peut accéder à vos données, pas même Apple.",,512 Go,,Apple A18 Pro,"Écran OEL, Écran Super Retina XDR avec ProMotion",2622 x 1206 pixels,,120 Hz,2000 cd/m²,6.3 pouces,,"NFC, Ultra-Wideband (UWB), Bluetooth 5.3, Wi-Fi 7, IEEE 802.11be",USB Type-C - 24 pin USB-C,,,71.5 mm x 8.25 mm x 149.6 mm,199 g,,66 kg d'émissions de carbone,,"Garantie limitée - 1 an
Support technique - conseil - 90 jours",,,Neuf,Titane noir,https://manystacks.s3.eu-west-3.amazonaws.com/Produits/Images/MYNM3ZD%3AA.jpg,,,,,,,,, 1453.00,51.00,0
MYNK3ZD/A,Apple iPhone 16 Pro,"5G smartphone, double SIM / Mémoire interne 256 Go, écran OEL, 6.3 pouces",iOS 18,Oui,"Protection de l'objectif en cristal de saphir, stabilisation vidéo Cinematic, Stabilisation d'image automatique, Zoom lecture, marquage géographique, vidéo à mise au point continue, enregistrement vidéo 4K et photos fixes de 8 MP, Vidéo en accéléré avec stabilisation, correction yeux rouges avancée, Panorama (jusque 63MP), capture d'image HEIF, zoom audio, 100% Focus Pixels, HEVC (High Efficiency Video coding), Fusion profond, zoom optique de sortie 2x, capture d'images JPEG, Mode cinématique jusqu'à 4K HDR à 30 fps, Mode action jusqu'à 2.8K à 60 fps, Moteur photonique, AVC (H.264), réduction du bruit du vent, objectif par défaut personnalisable, système de codage des couleurs de l'Académie, zoom optique 10x, zoom optique d'entrée 5x, capture d'images DNG, photographie macro 48 MP, Enregistrement vidéo 4K Dolby Vision jusqu'à 120 fps, Enregistrement vidéo 1080p Dolby Vision jusqu'à 120 ips, enregistrement vidéo Dolby Vision 720p à 30 fps, enregistrement vidéo spatial en 1080p à 30 fps, enregistrement vidéo ProRes jusqu'à 4K à 120 fps avec enregistrement externe, Vidéo QuickTake jusqu'à 4K à 60 ips en Dolby Vision, Audio spatial et enregistrement stéréo, Mixage audio, Camera Control","Lecture (vidéo): jusqu'à 27 hrs
Lecture (vidéo diffusée en continu): jusqu'à 22 hrs
Lecture (audio): jusqu'à 85 hrs",telephones,telephones,Apple,iPhone 16 Pro,"L'iPhone 16 Pro est conçu en titane de grade 5 avec une finition microbillée raffinée. Le titane présente l'un des rapports résistance/poids les plus élevés de tous les métaux, ce qui rend ce modèle incroyablement solide et incroyablement léger. Les améliorations apportées à la conception interne - notamment une sous-structure thermique en aluminium 100 % recyclé et des optimisations du verre arrière qui dissipent davantage la chaleur - permettent d'obtenir des performances soutenues jusqu'à 20 % supérieures à celles de l'iPhone 15 Pro. Vous pouvez donc faire tout ce que vous aimez - comme jouer à haute intensité - plus longtemps.
La technologie d'affichage avancée permet à Apple d'acheminer les données d'affichage sous les pixels actifs sans distorsion, ce qui se traduit par des bordures plus fines pour un écran Super Retina XDR plus grand et plus agréable à tenir en main. L'iPhone 16 Pro résiste aux éclaboussures, à l'eau et à la poussière. Il est également doté d'un matériau Ceramic Shield deux fois plus résistant que le verre de n'importe quel smartphone. C'est ce que l'on appelle la durabilité.
De plus, l'iPhone 16 Pro est conçu pour Apple Intelligence, le système d'intelligence personnelle qui vous aide à écrire, à vous exprimer et à accomplir vos tâches sans effort. Grâce à des protections de la vie privée révolutionnaires, vous avez l'esprit tranquille : personne d'autre ne peut accéder à vos données, pas même Apple.",,256 Go,,Apple A18 Pro,"Écran OEL, Écran Super Retina XDR avec ProMotion",2622 x 1206 pixels,,120 Hz,2000 cd/m²,6.3 pouces,,"NFC, Ultra-Wideband (UWB), Bluetooth 5.3, Wi-Fi 7, IEEE 802.11be",USB Type-C - 24 pin USB-C,,,71.5 mm x 8.25 mm x 149.6 mm,199 g,,66 kg d'émissions de carbone,,"Garantie limitée - 1 an
Support technique - conseil - 90 jours",,,Neuf,Titane désert,https://manystacks.s3.eu-west-3.amazonaws.com/Produits/Images/MYNF3ZD%3AA.jpg,,,,,,,,, 1224.00,43.00,0
MYNQ3ZD/A,Apple iPhone 16 Pro,"5G smartphone, double SIM / Mémoire interne 512 Go, écran OEL, 6.3 pouces",iOS 18,Oui,"Protection de l'objectif en cristal de saphir, stabilisation vidéo Cinematic, Stabilisation d'image automatique, Zoom lecture, marquage géographique, vidéo à mise au point continue, enregistrement vidéo 4K et photos fixes de 8 MP, Vidéo en accéléré avec stabilisation, correction yeux rouges avancée, Panorama (jusque 63MP), capture d'image HEIF, zoom audio, 100% Focus Pixels, HEVC (High Efficiency Video coding), Fusion profond, zoom optique de sortie 2x, capture d'images JPEG, Mode cinématique jusqu'à 4K HDR à 30 fps, Mode action jusqu'à 2.8K à 60 fps, Moteur photonique, AVC (H.264), réduction du bruit du vent, objectif par défaut personnalisable, système de codage des couleurs de l'Académie, zoom optique 10x, zoom optique d'entrée 5x, capture d'images DNG, photographie macro 48 MP, Enregistrement vidéo 4K Dolby Vision jusqu'à 120 fps, Enregistrement vidéo 1080p Dolby Vision jusqu'à 120 ips, enregistrement vidéo Dolby Vision 720p à 30 fps, enregistrement vidéo spatial en 1080p à 30 fps, enregistrement vidéo ProRes jusqu'à 4K à 120 fps avec enregistrement externe, Vidéo QuickTake jusqu'à 4K à 60 ips en Dolby Vision, Audio spatial et enregistrement stéréo, Mixage audio, Camera Control","Lecture (vidéo): jusqu'à 27 hrs
Lecture (vidéo diffusée en continu): jusqu'à 22 hrs
Lecture (audio): jusqu'à 85 hrs",telephones,telephones,Apple,iPhone 16 Pro,"L'iPhone 16 Pro est conçu en titane de grade 5 avec une finition microbillée raffinée. Le titane présente l'un des rapports résistance/poids les plus élevés de tous les métaux, ce qui rend ce modèle incroyablement solide et incroyablement léger. Les améliorations apportées à la conception interne - notamment une sous-structure thermique en aluminium 100 % recyclé et des optimisations du verre arrière qui dissipent davantage la chaleur - permettent d'obtenir des performances soutenues jusqu'à 20 % supérieures à celles de l'iPhone 15 Pro. Vous pouvez donc faire tout ce que vous aimez - comme jouer à haute intensité - plus longtemps.
La technologie d'affichage avancée permet à Apple d'acheminer les données d'affichage sous les pixels actifs sans distorsion, ce qui se traduit par des bordures plus fines pour un écran Super Retina XDR plus grand et plus agréable à tenir en main. L'iPhone 16 Pro résiste aux éclaboussures, à l'eau et à la poussière. Il est également doté d'un matériau Ceramic Shield deux fois plus résistant que le verre de n'importe quel smartphone. C'est ce que l'on appelle la durabilité.
De plus, l'iPhone 16 Pro est conçu pour Apple Intelligence, le système d'intelligence personnelle qui vous aide à écrire, à vous exprimer et à accomplir vos tâches sans effort. Grâce à des protections de la vie privée révolutionnaires, vous avez l'esprit tranquille : personne d'autre ne peut accéder à vos données, pas même Apple.",,512 Go,,Apple A18 Pro,"Écran OEL, Écran Super Retina XDR avec ProMotion",2622 x 1206 pixels,,120 Hz,2000 cd/m²,6.3 pouces,,"NFC, Ultra-Wideband (UWB), Bluetooth 5.3, Wi-Fi 7, IEEE 802.11be",USB Type-C - 24 pin USB-C,,,71.5 mm x 8.25 mm x 149.6 mm,199 g,,66 kg d'émissions de carbone,,"Garantie limitée - 1 an
Support technique - conseil - 90 jours",,,Neuf,Titane naturel,https://manystacks.s3.eu-west-3.amazonaws.com/Produits/Images/MYNX3ZD%3AA.webp,,,,,,,,, 1453.00,51.00,0
MYNP3ZD/A,Apple iPhone 16 Pro,"5G smartphone, double SIM / Mémoire interne 512 Go, écran OEL, 6.3 pouces",iOS 18,Oui,"Protection de l'objectif en cristal de saphir, stabilisation vidéo Cinematic, Stabilisation d'image automatique, Zoom lecture, marquage géographique, vidéo à mise au point continue, enregistrement vidéo 4K et photos fixes de 8 MP, Vidéo en accéléré avec stabilisation, correction yeux rouges avancée, Panorama (jusque 63MP), capture d'image HEIF, zoom audio, 100% Focus Pixels, HEVC (High Efficiency Video coding), Fusion profond, zoom optique de sortie 2x, capture d'images JPEG, Mode cinématique jusqu'à 4K HDR à 30 fps, Mode action jusqu'à 2.8K à 60 fps, Moteur photonique, AVC (H.264), réduction du bruit du vent, objectif par défaut personnalisable, système de codage des couleurs de l'Académie, zoom optique 10x, zoom optique d'entrée 5x, capture d'images DNG, photographie macro 48 MP, Enregistrement vidéo 4K Dolby Vision jusqu'à 120 fps, Enregistrement vidéo 1080p Dolby Vision jusqu'à 120 ips, enregistrement vidéo Dolby Vision 720p à 30 fps, enregistrement vidéo spatial en 1080p à 30 fps, enregistrement vidéo ProRes jusqu'à 4K à 120 fps avec enregistrement externe, Vidéo QuickTake jusqu'à 4K à 60 ips en Dolby Vision, Audio spatial et enregistrement stéréo, Mixage audio, Camera Control","Lecture (vidéo): jusqu'à 27 hrs
Lecture (vidéo diffusée en continu): jusqu'à 22 hrs
Lecture (audio): jusqu'à 85 hrs",telephones,telephones,Apple,iPhone 16 Pro,"L'iPhone 16 Pro est conçu en titane de grade 5 avec une finition microbillée raffinée. Le titane présente l'un des rapports résistance/poids les plus élevés de tous les métaux, ce qui rend ce modèle incroyablement solide et incroyablement léger. Les améliorations apportées à la conception interne - notamment une sous-structure thermique en aluminium 100 % recyclé et des optimisations du verre arrière qui dissipent davantage la chaleur - permettent d'obtenir des performances soutenues jusqu'à 20 % supérieures à celles de l'iPhone 15 Pro. Vous pouvez donc faire tout ce que vous aimez - comme jouer à haute intensité - plus longtemps.
La technologie d'affichage avancée permet à Apple d'acheminer les données d'affichage sous les pixels actifs sans distorsion, ce qui se traduit par des bordures plus fines pour un écran Super Retina XDR plus grand et plus agréable à tenir en main. L'iPhone 16 Pro résiste aux éclaboussures, à l'eau et à la poussière. Il est également doté d'un matériau Ceramic Shield deux fois plus résistant que le verre de n'importe quel smartphone. C'est ce que l'on appelle la durabilité.
De plus, l'iPhone 16 Pro est conçu pour Apple Intelligence, le système d'intelligence personnelle qui vous aide à écrire, à vous exprimer et à accomplir vos tâches sans effort. Grâce à des protections de la vie privée révolutionnaires, vous avez l'esprit tranquille : personne d'autre ne peut accéder à vos données, pas même Apple.",,512 Go,,Apple A18 Pro,"Écran OEL, Écran Super Retina XDR avec ProMotion",2622 x 1206 pixels,,120 Hz,2000 cd/m²,6.3 pouces,,"NFC, UWB, Bluetooth, Wi-Fi 7, IEEE 802.11be",USB-C,,,71.5 mm x 8.25 mm x 149.6 mm,199 g,,66 kg d'émissions de carbone,,"Garantie limitée - 1 an
Support technique - conseil - 90 jours",,,Neuf,Titane désert,https://manystacks.s3.eu-west-3.amazonaws.com/Produits/Images/MYNF3ZD%3AA.jpg,,,,,,,,, 1453.00,51.00,0
MYNW3ZD/A,Apple iPhone 16 Pro,"5G smartphone, double SIM / Mémoire interne 1 To, écran OEL, 6.3 pouces",iOS 18,Oui,"Protection de l'objectif en cristal de saphir, stabilisation vidéo Cinematic, Stabilisation d'image automatique, Zoom lecture, marquage géographique, vidéo à mise au point continue, enregistrement vidéo 4K et photos fixes de 8 MP, Vidéo en accéléré avec stabilisation, correction yeux rouges avancée, Panorama (jusque 63MP), capture d'image HEIF, zoom audio, 100% Focus Pixels, HEVC (High Efficiency Video coding), Fusion profond, zoom optique de sortie 2x, capture d'images JPEG, Mode cinématique jusqu'à 4K HDR à 30 fps, Mode action jusqu'à 2.8K à 60 fps, Moteur photonique, AVC (H.264), réduction du bruit du vent, objectif par défaut personnalisable, système de codage des couleurs de l'Académie, zoom optique 10x, zoom optique d'entrée 5x, capture d'images DNG, photographie macro 48 MP, Enregistrement vidéo 4K Dolby Vision jusqu'à 120 fps, Enregistrement vidéo 1080p Dolby Vision jusqu'à 120 ips, enregistrement vidéo Dolby Vision 720p à 30 fps, enregistrement vidéo spatial en 1080p à 30 fps, enregistrement vidéo ProRes jusqu'à 4K à 120 fps avec enregistrement externe, Vidéo QuickTake jusqu'à 4K à 60 ips en Dolby Vision, Audio spatial et enregistrement stéréo, Mixage audio, Camera Control","Lecture (vidéo): jusqu'à 27 hrs
Lecture (vidéo diffusée en continu): jusqu'à 22 hrs
Lecture (audio): jusqu'à 85 hrs",telephones,telephones,Apple,iPhone 16 Pro,"L'iPhone 16 Pro est conçu en titane de grade 5 avec une finition microbillée raffinée. Le titane présente l'un des rapports résistance/poids les plus élevés de tous les métaux, ce qui rend ce modèle incroyablement solide et incroyablement léger. Les améliorations apportées à la conception interne - notamment une sous-structure thermique en aluminium 100 % recyclé et des optimisations du verre arrière qui dissipent davantage la chaleur - permettent d'obtenir des performances soutenues jusqu'à 20 % supérieures à celles de l'iPhone 15 Pro. Vous pouvez donc faire tout ce que vous aimez - comme jouer à haute intensité - plus longtemps.
La technologie d'affichage avancée permet à Apple d'acheminer les données d'affichage sous les pixels actifs sans distorsion, ce qui se traduit par des bordures plus fines pour un écran Super Retina XDR plus grand et plus agréable à tenir en main. L'iPhone 16 Pro résiste aux éclaboussures, à l'eau et à la poussière. Il est également doté d'un matériau Ceramic Shield deux fois plus résistant que le verre de n'importe quel smartphone. C'est ce que l'on appelle la durabilité.
De plus, l'iPhone 16 Pro est conçu pour Apple Intelligence, le système d'intelligence personnelle qui vous aide à écrire, à vous exprimer et à accomplir vos tâches sans effort. Grâce à des protections de la vie privée révolutionnaires, vous avez l'esprit tranquille : personne d'autre ne peut accéder à vos données, pas même Apple.",,1 To,,Apple A18 Pro,"Écran OEL, Écran Super Retina XDR avec ProMotion",2622 x 1206 pixels,,120 Hz,2000 cd/m²,6.3 pouces,,"NFC, Ultra-Wideband (UWB), Bluetooth 5.3, Wi-Fi 7, IEEE 802.11be",USB Type-C - 24 pin USB-C,,,71.5 mm x 8.25 mm x 149.6 mm,199 g,,66 kg d'émissions de carbone,,"Garantie limitée - 1 an
Support technique - conseil - 90 jours",,,Neuf,Titane désert,https://manystacks.s3.eu-west-3.amazonaws.com/Produits/Images/MYNF3ZD%3AA.jpg,,,,,,,,, 1681.00,58.00,0
MYNX3ZD/A,Apple iPhone 16 Pro,"5G smartphone, double SIM / Mémoire interne 1 To, écran OEL, 6.3pouces",iOS 18,Oui,"Protection de l'objectif en cristal de saphir, stabilisation vidéo Cinematic, Stabilisation d'image automatique, Zoom lecture, marquage géographique, vidéo à mise au point continue, enregistrement vidéo 4K et photos fixes de 8 MP, Vidéo en accéléré avec stabilisation, correction yeux rouges avancée, Panorama (jusque 63MP), capture d'image HEIF, zoom audio, 100% Focus Pixels, HEVC (High Efficiency Video coding), Fusion profond, zoom optique de sortie 2x, capture d'images JPEG, Mode cinématique jusqu'à 4K HDR à 30 fps, Mode action jusqu'à 2.8K à 60 fps, Moteur photonique, AVC (H.264), réduction du bruit du vent, objectif par défaut personnalisable, système de codage des couleurs de l'Académie, zoom optique 10x, zoom optique d'entrée 5x, capture d'images DNG, photographie macro 48 MP, Enregistrement vidéo 4K Dolby Vision jusqu'à 120 fps, Enregistrement vidéo 1080p Dolby Vision jusqu'à 120 ips, enregistrement vidéo Dolby Vision 720p à 30 fps, enregistrement vidéo spatial en 1080p à 30 fps, enregistrement vidéo ProRes jusqu'à 4K à 120 fps avec enregistrement externe, Vidéo QuickTake jusqu'à 4K à 60 ips en Dolby Vision, Audio spatial et enregistrement stéréo, Mixage audio, Camera Control","Lecture (vidéo): jusqu'à 27 hrs
Lecture (vidéo diffusée en continu): jusqu'à 22 hrs
Lecture (audio): jusqu'à 85 hrs",telephones,telephones,Apple,iPhone 16 Pro,"L'iPhone 16 Pro est conçu en titane de grade 5 avec une finition microbillée raffinée. Le titane présente l'un des rapports résistance/poids les plus élevés de tous les métaux, ce qui rend ce modèle incroyablement solide et incroyablement léger. Les améliorations apportées à la conception interne - notamment une sous-structure thermique en aluminium 100 % recyclé et des optimisations du verre arrière qui dissipent davantage la chaleur - permettent d'obtenir des performances soutenues jusqu'à 20 % supérieures à celles de l'iPhone 15 Pro. Vous pouvez donc faire tout ce que vous aimez - comme jouer à haute intensité - plus longtemps.
La technologie d'affichage avancée permet à Apple d'acheminer les données d'affichage sous les pixels actifs sans distorsion, ce qui se traduit par des bordures plus fines pour un écran Super Retina XDR plus grand et plus agréable à tenir en main. L'iPhone 16 Pro résiste aux éclaboussures, à l'eau et à la poussière. Il est également doté d'un matériau Ceramic Shield deux fois plus résistant que le verre de n'importe quel smartphone. C'est ce que l'on appelle la durabilité.
De plus, l'iPhone 16 Pro est conçu pour Apple Intelligence, le système d'intelligence personnelle qui vous aide à écrire, à vous exprimer et à accomplir vos tâches sans effort. Grâce à des protections de la vie privée révolutionnaires, vous avez l'esprit tranquille : personne d'autre ne peut accéder à vos données, pas même Apple.",,1 To,,Apple A18 Pro,"Écran OEL, Écran Super Retina XDR avec ProMotion",2622 x 1206 pixels,,120 Hz,2000 cd/m²,6.3 pouces,,"NFC, Ultra-Wideband (UWB), Bluetooth 5.3, Wi-Fi 7, IEEE 802.11be",USB Type-C - 24 pin USB-C,,,71.5 mm x 8.25 mm x 149.6 mm,199 g,,66 kg d'émissions de carbone,,"Garantie limitée - 1 an
Support technique - conseil - 90 jours",,,Neuf,Titane naturel,https://manystacks.s3.eu-west-3.amazonaws.com/Produits/Images/MYNX3ZD%3AA.webp,,,,,,,,, 1681.00,58.00,0
MYWV3ZD/A,Apple iPhone 16 Pro Max,"5G smartphone, double SIM / Mémoire interne 256 Go, écran OEL, 6.9 pouces",iOS 18,Oui,"100% Focus Pixels, objectif par défaut personnalisable, protection de l'objectif en cristal de saphir, Moteur photonique, Fusion profond, Panorama (jusque 63MP), photographie macro 48 MP, correction yeux rouges avancée, Stabilisation d'image automatique, marquage géographique, capture d'image HEIF, capture d'images JPEG, capture d'images DNG, zoom optique de sortie 2x, zoom optique 10x, zoom optique d'entrée 5x, Enregistrement vidéo 4K Dolby Vision jusqu'à 120 fps, Enregistrement vidéo 1080p Dolby Vision jusqu'à 120 ips, enregistrement vidéo Dolby Vision 720p à 30 fps, Mode cinématique jusqu'à 4K HDR à 30 fps, Mode action jusqu'à 2.8K à 60 fps, enregistrement vidéo spatial en 1080p à 30 fps, enregistrement vidéo ProRes jusqu'à 4K à 120 fps avec enregistrement externe, Vidéo en accéléré avec stabilisation, Vidéo QuickTake jusqu'à 4K à 60 ips en Dolby Vision, zoom audio, stabilisation vidéo Cinematic, vidéo à mise au point continue, enregistrement vidéo 4K et photos fixes de 8 MP, Zoom lecture, HEVC (High Efficiency Video coding), AVC (H.264), Audio spatial et enregistrement stéréo, réduction du bruit du vent, Mixage audio, système de codage des couleurs de l'Académie, Camera Control","Lecture (vidéo): jusqu'à 33 hrs
Lecture (vidéo diffusée en continu): jusqu'à 29 hrs
Lecture (audio): jusqu'à 105 hrs",telephones,telephones,Apple,iPhone 16 Pro Max,"L'iPhone 16 Pro Max est conçu en titane de grade 5 avec une finition microbillée raffinée. Le titane présente l'un des rapports résistance/poids les plus élevés de tous les métaux, ce qui rend ce modèle incroyablement solide et incroyablement léger. Les améliorations apportées à la conception interne - notamment une sous-structure thermique en aluminium 100 % recyclé et des optimisations du verre arrière qui dissipent davantage la chaleur - permettent d'obtenir des performances soutenues jusqu'à 20 % supérieures à celles de l'iPhone 15 Pro. Vous pouvez donc faire tout ce que vous aimez - comme jouer à haute intensité - plus longtemps.
La technologie d'affichage avancée permet à Apple d'acheminer les données d'affichage sous les pixels actifs sans distorsion, ce qui se traduit par des bordures plus fines pour un écran Super Retina XDR plus grand et plus agréable à tenir en main. L'iPhone 16 Pro Max résiste aux éclaboussures, à l'eau et à la poussière. Il est également doté d'un matériau Ceramic Shield deux fois plus résistant que le verre de n'importe quel smartphone. C'est ce que l'on appelle la durabilité.
De plus, l'iPhone 16 Pro Max est conçu pour Apple Intelligence, le système d'intelligence personnelle qui vous aide à écrire, à vous exprimer et à accomplir des tâches sans effort. Grâce à des protections de la vie privée révolutionnaires, vous avez l'esprit tranquille : personne d'autre ne peut accéder à vos données, pas même Apple.",,256 Go,,Apple A18 Pro,"Écran OEL, Super Retina XDR avec ProMotion - HDR - Ceramic Shield, revêtement oléophobe antitrace",2868 x 1320 pixels,,120 Hz,2000 cd/m²,6.9 pouces,,"Ultra-Wideband (UWB), NFC, IEEE 802.11be, Bluetooth 5.3, Wi-Fi 7",USB Type-C - 24 pin USB-C,,,77.6 mm x 8.25 mm x 163 mm,227 g,,74 kg d'émissions de carbone,,"Garantie limitée - 1 an
Support technique - conseil - 90 jours",,,Neuf,Titane noir,https://manystacks.s3.eu-west-3.amazonaws.com/Produits/Images/MYWV3ZD%3AA.jpg,,,,,,,,, 1334.00,47.00,0
MYWW3ZD/A,Apple iPhone 16 Pro Max,"5G smartphone, double SIM / Mémoire interne 256 Go, écran OEL, 6.9 pouces",iOS 18,Oui,"100% Focus Pixels, objectif par défaut personnalisable, protection de l'objectif en cristal de saphir, Moteur photonique, Fusion profond, Panorama (jusque 63MP), photographie macro 48 MP, correction yeux rouges avancée, Stabilisation d'image automatique, marquage géographique, capture d'image HEIF, capture d'images JPEG, capture d'images DNG, zoom optique de sortie 2x, zoom optique 10x, zoom optique d'entrée 5x, Enregistrement vidéo 4K Dolby Vision jusqu'à 120 fps, Enregistrement vidéo 1080p Dolby Vision jusqu'à 120 ips, enregistrement vidéo Dolby Vision 720p à 30 fps, Mode cinématique jusqu'à 4K HDR à 30 fps, Mode action jusqu'à 2.8K à 60 fps, enregistrement vidéo spatial en 1080p à 30 fps, enregistrement vidéo ProRes jusqu'à 4K à 120 fps avec enregistrement externe, Vidéo en accéléré avec stabilisation, Vidéo QuickTake jusqu'à 4K à 60 ips en Dolby Vision, zoom audio, stabilisation vidéo Cinematic, vidéo à mise au point continue, enregistrement vidéo 4K et photos fixes de 8 MP, Zoom lecture, HEVC (High Efficiency Video coding), AVC (H.264), Audio spatial et enregistrement stéréo, réduction du bruit du vent, Mixage audio, système de codage des couleurs de l'Académie, Camera Control","Lecture (vidéo): jusqu'à 33 hrs
Lecture (vidéo diffusée en continu): jusqu'à 29 hrs
Lecture (audio): jusqu'à 105 hrs",telephones,telephones,Apple,iPhone 16 Pro Max,"L'iPhone 16 Pro Max est conçu en titane de grade 5 avec une finition microbillée raffinée. Le titane présente l'un des rapports résistance/poids les plus élevés de tous les métaux, ce qui rend ce modèle incroyablement solide et incroyablement léger. Les améliorations apportées à la conception interne - notamment une sous-structure thermique en aluminium 100 % recyclé et des optimisations du verre arrière qui dissipent davantage la chaleur - permettent d'obtenir des performances soutenues jusqu'à 20 % supérieures à celles de l'iPhone 15 Pro. Vous pouvez donc faire tout ce que vous aimez - comme jouer à haute intensité - plus longtemps.
La technologie d'affichage avancée permet à Apple d'acheminer les données d'affichage sous les pixels actifs sans distorsion, ce qui se traduit par des bordures plus fines pour un écran Super Retina XDR plus grand et plus agréable à tenir en main. L'iPhone 16 Pro Max résiste aux éclaboussures, à l'eau et à la poussière. Il est également doté d'un matériau Ceramic Shield deux fois plus résistant que le verre de n'importe quel smartphone. C'est ce que l'on appelle la durabilité.
De plus, l'iPhone 16 Pro Max est conçu pour Apple Intelligence, le système d'intelligence personnelle qui vous aide à écrire, à vous exprimer et à accomplir des tâches sans effort. Grâce à des protections de la vie privée révolutionnaires, vous avez l'esprit tranquille : personne d'autre ne peut accéder à vos données, pas même Apple.",,256 Go,,Apple A18 Pro,"Écran OEL, Écran Super Retina XDR avec ProMotion - HDR - Ceramic Shield, revêtement oléophobe antitrace",2868 x 1320 pixels,,120 Hz,2000 cd/m²,6.9 pouces,,"Ultra-Wideband (UWB), NFC, IEEE 802.11be, Bluetooth 5.3, Wi-Fi 7",USB Type-C - 24 pin USB-C,,,77.6 mm x 8.25 mm x 163 mm,227 g,,74 kg d'émissions de carbone,,"Garantie limitée - 1 an
Support technique - conseil - 90 jours",,,Neuf,Titane blanc,https://manystacks.s3.eu-west-3.amazonaws.com/Produits/Images/MYWW3ZD%3AA.jpg,,,,,,,,, 1334.00,47.00,0
MYWX3ZD/A,Apple iPhone 16 Pro Max,"5G smartphone, double SIM / Mémoire interne 256 Go, écran OEL, 6.9 pouces",iOS 18,Oui,"100% Focus Pixels, objectif par défaut personnalisable, protection de l'objectif en cristal de saphir, Moteur photonique, Fusion profond, Panorama (jusque 63MP), photographie macro 48 MP, correction yeux rouges avancée, Stabilisation d'image automatique, marquage géographique, capture d'image HEIF, capture d'images JPEG, capture d'images DNG, zoom optique de sortie 2x, zoom optique 10x, zoom optique d'entrée 5x, Enregistrement vidéo 4K Dolby Vision jusqu'à 120 fps, Enregistrement vidéo 1080p Dolby Vision jusqu'à 120 ips, enregistrement vidéo Dolby Vision 720p à 30 fps, Mode cinématique jusqu'à 4K HDR à 30 fps, Mode action jusqu'à 2.8K à 60 fps, enregistrement vidéo spatial en 1080p à 30 fps, enregistrement vidéo ProRes jusqu'à 4K à 120 fps avec enregistrement externe, Vidéo en accéléré avec stabilisation, Vidéo QuickTake jusqu'à 4K à 60 ips en Dolby Vision, zoom audio, stabilisation vidéo Cinematic, vidéo à mise au point continue, enregistrement vidéo 4K et photos fixes de 8 MP, Zoom lecture, HEVC (High Efficiency Video coding), AVC (H.264), Audio spatial et enregistrement stéréo, réduction du bruit du vent, Mixage audio, système de codage des couleurs de l'Académie, Camera Control","Lecture (vidéo): jusqu'à 33 hrs
Lecture (vidéo diffusée en continu): jusqu'à 29 hrs
Lecture (audio): jusqu'à 105 hrs",telephones,telephones,Apple,iPhone 16 Pro Max,"L'iPhone 16 Pro Max est conçu en titane de grade 5 avec une finition microbillée raffinée. Le titane présente l'un des rapports résistance/poids les plus élevés de tous les métaux, ce qui rend ce modèle incroyablement solide et incroyablement léger. Les améliorations apportées à la conception interne - notamment une sous-structure thermique en aluminium 100 % recyclé et des optimisations du verre arrière qui dissipent davantage la chaleur - permettent d'obtenir des performances soutenues jusqu'à 20 % supérieures à celles de l'iPhone 15 Pro. Vous pouvez donc faire tout ce que vous aimez - comme jouer à haute intensité - plus longtemps.
La technologie d'affichage avancée permet à Apple d'acheminer les données d'affichage sous les pixels actifs sans distorsion, ce qui se traduit par des bordures plus fines pour un écran Super Retina XDR plus grand et plus agréable à tenir en main. L'iPhone 16 Pro Max résiste aux éclaboussures, à l'eau et à la poussière. Il est également doté d'un matériau Ceramic Shield deux fois plus résistant que le verre de n'importe quel smartphone. C'est ce que l'on appelle la durabilité.
De plus, l'iPhone 16 Pro Max est conçu pour Apple Intelligence, le système d'intelligence personnelle qui vous aide à écrire, à vous exprimer et à accomplir des tâches sans effort. Grâce à des protections de la vie privée révolutionnaires, vous avez l'esprit tranquille : personne d'autre ne peut accéder à vos données, pas même Apple.",,256 Go,,Apple A18 Pro,"Écran OEL, Écran Super Retina XDR avec ProMotion",2868 x 1320 pixels,,120 Hz,2000 cd/m²,6.9 pouces,,"Ultra-Wideband (UWB), NFC, IEEE 802.11be, Bluetooth 5.3, Wi-Fi 7",USB Type-C - 24 pin USB-C,,,77.6 mm x 8.25 mm x 163 mm,227 g,,74 kg d'émissions de carbone,,"Garantie limitée - 1 an
Support technique - conseil - 90 jours",,,Neuf,Titane désert,https://manystacks.s3.eu-west-3.amazonaws.com/Produits/Images/MYWX3ZD%3AA.jpg,,,,,,,,, 1334.00,47.00,0
MYX63ZD/A,Apple iPhone 16 Pro Max,"5G smartphone, double SIM / Mémoire interne 1 To, écran OEL, 6.9pouces",iOS 18,Oui,"Protection de l'objectif en cristal de saphir, stabilisation vidéo Cinematic, Stabilisation d'image automatique, Zoom lecture, marquage géographique, vidéo à mise au point continue, enregistrement vidéo 4K et photos fixes de 8 MP, Vidéo en accéléré avec stabilisation, correction yeux rouges avancée, Panorama (jusque 63MP), capture d'image HEIF, zoom audio, 100% Focus Pixels, HEVC (High Efficiency Video coding), Fusion profond, zoom optique de sortie 2x, capture d'images JPEG, Mode cinématique jusqu'à 4K HDR à 30 fps, Mode action jusqu'à 2.8K à 60 fps, Moteur photonique, AVC (H.264), réduction du bruit du vent, objectif par défaut personnalisable, système de codage des couleurs de l'Académie, zoom optique 10x, zoom optique d'entrée 5x, capture d'images DNG, photographie macro 48 MP, Enregistrement vidéo 4K Dolby Vision jusqu'à 120 fps, Enregistrement vidéo 1080p Dolby Vision jusqu'à 120 ips, enregistrement vidéo Dolby Vision 720p à 30 fps, enregistrement vidéo spatial en 1080p à 30 fps, enregistrement vidéo ProRes jusqu'à 4K à 120 fps avec enregistrement externe, Vidéo QuickTake jusqu'à 4K à 60 ips en Dolby Vision, Audio spatial et enregistrement stéréo, Mixage audio, Camera Control","Lecture (vidéo): jusqu'à 33 hrs
Lecture (vidéo diffusée en continu): jusqu'à 29 hrs
Lecture (audio): jusqu'à 105 hrs",telephones,telephones,Apple,iPhone 16 Pro Max,"L'iPhone 16 Pro Max est conçu en titane de grade 5 avec une finition microbillée raffinée. Le titane présente l'un des rapports résistance/poids les plus élevés de tous les métaux, ce qui rend ce modèle incroyablement solide et incroyablement léger. Les améliorations apportées à la conception interne - notamment une sous-structure thermique en aluminium 100 % recyclé et des optimisations du verre arrière qui dissipent davantage la chaleur - permettent d'obtenir des performances soutenues jusqu'à 20 % supérieures à celles de l'iPhone 15 Pro. Vous pouvez donc faire tout ce que vous aimez - comme jouer à haute intensité - plus longtemps.
La technologie d'affichage avancée permet à Apple d'acheminer les données d'affichage sous les pixels actifs sans distorsion, ce qui se traduit par des bordures plus fines pour un écran Super Retina XDR plus grand et plus agréable à tenir en main. L'iPhone 16 Pro Max résiste aux éclaboussures, à l'eau et à la poussière. Il est également doté d'un matériau Ceramic Shield deux fois plus résistant que le verre de n'importe quel smartphone. C'est ce que l'on appelle la durabilité.
De plus, l'iPhone 16 Pro Max est conçu pour Apple Intelligence, le système d'intelligence personnelle qui vous aide à écrire, à vous exprimer et à accomplir des tâches sans effort. Grâce à des protections de la vie privée révolutionnaires, vous avez l'esprit tranquille : personne d'autre ne peut accéder à vos données, pas même Apple.",,1 To,,Apple A18 Pro,"Écran OEL, Écran Super Retina XDR avec ProMotion",2868 x 1320 pixels,,120 Hz,2000 cd/m²,6.9 pouces,,"NFC, Ultra-Wideband (UWB), Bluetooth 5.3, Wi-Fi 7, IEEE 802.11be",USB Type-C - 24 pin USB-C,,,77.6 mm x 8.25 mm x 163 mm,227 g,,74 kg d'émissions de carbone,,"Garantie limitée - 1 an
Support technique - conseil - 90 jours",,,Neuf,Titane désert,https://manystacks.s3.eu-west-3.amazonaws.com/Produits/Images/MYX63ZD%3AA.jpg,,,,,,,,, 1790.00,61.00,0
MYWY3ZD/A,Apple iPhone 16 Pro Max,"5G smartphone, double SIM / Mémoire interne 256 Go, écran OEL, 6.9 pouces",iOS 18,Oui,"100% Focus Pixels, objectif par défaut personnalisable, protection de l'objectif en cristal de saphir, Moteur photonique, Fusion profond, Panorama (jusque 63MP), photographie macro 48 MP, correction yeux rouges avancée, Stabilisation d'image automatique, marquage géographique, capture d'image HEIF, capture d'images JPEG, capture d'images DNG, zoom optique de sortie 2x, zoom optique 10x, zoom optique d'entrée 5x, Enregistrement vidéo 4K Dolby Vision jusqu'à 120 fps, Enregistrement vidéo 1080p Dolby Vision jusqu'à 120 ips, enregistrement vidéo Dolby Vision 720p à 30 fps, Mode cinématique jusqu'à 4K HDR à 30 fps, Mode action jusqu'à 2.8K à 60 fps, enregistrement vidéo spatial en 1080p à 30 fps, enregistrement vidéo ProRes jusqu'à 4K à 120 fps avec enregistrement externe, Vidéo en accéléré avec stabilisation, Vidéo QuickTake jusqu'à 4K à 60 ips en Dolby Vision, zoom audio, stabilisation vidéo Cinematic, vidéo à mise au point continue, enregistrement vidéo 4K et photos fixes de 8 MP, Zoom lecture, HEVC (High Efficiency Video coding), AVC (H.264), Audio spatial et enregistrement stéréo, réduction du bruit du vent, Mixage audio, système de codage des couleurs de l'Académie, Camera Control","Lecture (vidéo): jusqu'à 33 hrs
Lecture (vidéo diffusée en continu): jusqu'à 29 hrs
Lecture (audio): jusqu'à 105 hrs",telephones,telephones,Apple,iPhone 16 Pro Max,"L'iPhone 16 Pro Max est conçu en titane de grade 5 avec une finition microbillée raffinée. Le titane présente l'un des rapports résistance/poids les plus élevés de tous les métaux, ce qui rend ce modèle incroyablement solide et incroyablement léger. Les améliorations apportées à la conception interne - notamment une sous-structure thermique en aluminium 100 % recyclé et des optimisations du verre arrière qui dissipent davantage la chaleur - permettent d'obtenir des performances soutenues jusqu'à 20 % supérieures à celles de l'iPhone 15 Pro. Vous pouvez donc faire tout ce que vous aimez - comme jouer à haute intensité - plus longtemps.
La technologie d'affichage avancée permet à Apple d'acheminer les données d'affichage sous les pixels actifs sans distorsion, ce qui se traduit par des bordures plus fines pour un écran Super Retina XDR plus grand et plus agréable à tenir en main. L'iPhone 16 Pro Max résiste aux éclaboussures, à l'eau et à la poussière. Il est également doté d'un matériau Ceramic Shield deux fois plus résistant que le verre de n'importe quel smartphone. C'est ce que l'on appelle la durabilité.
De plus, l'iPhone 16 Pro Max est conçu pour Apple Intelligence, le système d'intelligence personnelle qui vous aide à écrire, à vous exprimer et à accomplir des tâches sans effort. Grâce à des protections de la vie privée révolutionnaires, vous avez l'esprit tranquille : personne d'autre ne peut accéder à vos données, pas même Apple.",,256 Go,,Apple A18 Pro,"Écran OEL, Écran Super Retina XDR avec ProMotion",2868 x 1320 pixels,,120 Hz,2000 cd/m²,6.9 pouces,,"Ultra-Wideband (UWB), NFC, IEEE 802.11be, Bluetooth 5.3, Wi-Fi 7",USB Type-C - 24 pin USB-C,,,77.6 mm x 8.25 mm x 163 mm,227 g,,74 kg d'émissions de carbone,,"Garantie limitée - 1 an
Support technique - conseil - 90 jours",,,Neuf,Titane naturel,https://manystacks.s3.eu-west-3.amazonaws.com/Produits/Images/MYWY3ZD%3AA.jpg,,,,,,,,, 1334.00,47.00,0
MYX33ZD/A,Apple iPhone 16 Pro Max,"5G smartphone, double SIM / Mémoire interne 512 Go, écran OEL, 6.9 pouces",iOS 18,Oui,"Protection de l'objectif en cristal de saphir, stabilisation vidéo Cinematic, Stabilisation d'image automatique, Zoom lecture, marquage géographique, vidéo à mise au point continue, enregistrement vidéo 4K et photos fixes de 8 MP, Vidéo en accéléré avec stabilisation, correction yeux rouges avancée, Panorama (jusque 63MP), capture d'image HEIF, zoom audio, 100% Focus Pixels, HEVC (High Efficiency Video coding), Fusion profond, zoom optique de sortie 2x, capture d'images JPEG, Mode cinématique jusqu'à 4K HDR à 30 fps, Mode action jusqu'à 2.8K à 60 fps, Moteur photonique, AVC (H.264), réduction du bruit du vent, objectif par défaut personnalisable, système de codage des couleurs de l'Académie, zoom optique 10x, zoom optique d'entrée 5x, capture d'images DNG, photographie macro 48 MP, Enregistrement vidéo 4K Dolby Vision jusqu'à 120 fps, Enregistrement vidéo 1080p Dolby Vision jusqu'à 120 ips, enregistrement vidéo Dolby Vision 720p à 30 fps, enregistrement vidéo spatial en 1080p à 30 fps, enregistrement vidéo ProRes jusqu'à 4K à 120 fps avec enregistrement externe, Vidéo QuickTake jusqu'à 4K à 60 ips en Dolby Vision, Audio spatial et enregistrement stéréo, Mixage audio, Camera Control","Lecture (vidéo): jusqu'à 33 hrs
Lecture (vidéo diffusée en continu): jusqu'à 29 hrs
Lecture (audio): jusqu'à 105 hrs",telephones,telephones,Apple,iPhone 16 Pro Max,"L'iPhone 16 Pro Max est conçu en titane de grade 5 avec une finition microbillée raffinée. Le titane présente l'un des rapports résistance/poids les plus élevés de tous les métaux, ce qui rend ce modèle incroyablement solide et incroyablement léger. Les améliorations apportées à la conception interne - notamment une sous-structure thermique en aluminium 100 % recyclé et des optimisations du verre arrière qui dissipent davantage la chaleur - permettent d'obtenir des performances soutenues jusqu'à 20 % supérieures à celles de l'iPhone 15 Pro. Vous pouvez donc faire tout ce que vous aimez - comme jouer à haute intensité - plus longtemps.
La technologie d'affichage avancée permet à Apple d'acheminer les données d'affichage sous les pixels actifs sans distorsion, ce qui se traduit par des bordures plus fines pour un écran Super Retina XDR plus grand et plus agréable à tenir en main. L'iPhone 16 Pro Max résiste aux éclaboussures, à l'eau et à la poussière. Il est également doté d'un matériau Ceramic Shield deux fois plus résistant que le verre de n'importe quel smartphone. C'est ce que l'on appelle la durabilité.
De plus, l'iPhone 16 Pro Max est conçu pour Apple Intelligence, le système d'intelligence personnelle qui vous aide à écrire, à vous exprimer et à accomplir des tâches sans effort. Grâce à des protections de la vie privée révolutionnaires, vous avez l'esprit tranquille : personne d'autre ne peut accéder à vos données, pas même Apple.",,512 Go,,Apple A18 Pro,"Écran OEL, Écran Super Retina XDR avec ProMotion",2868 x 1320 pixels,,120 Hz,2000 cd/m²,6.9 pouces,,"NFC, Ultra-Wideband (UWB), Bluetooth 5.3, Wi-Fi 7, IEEE 802.11be",USB Type-C - 24 pin USB-C,,,77.6 mm x 8.25 mm x 163 mm,227 g,,74 kg d'émissions de carbone,,"Garantie limitée - 1 an
Support technique - conseil - 90 jours",,,Neuf,Titane naturel,https://manystacks.s3.eu-west-3.amazonaws.com/Produits/Images/MYX33ZD%3AA.jpg,,,,,,,,, 1562.00,54.00,0
MYX13ZD/A,Apple iPhone 16 Pro Max,"5G smartphone, double SIM / Mémoire interne 512 Go, écran OEL, 6.9 pouces",iOS 18,Oui,"Protection de l'objectif en cristal de saphir, stabilisation vidéo Cinematic, Stabilisation d'image automatique, Zoom lecture, marquage géographique, vidéo à mise au point continue, enregistrement vidéo 4K et photos fixes de 8 MP, Vidéo en accéléré avec stabilisation, correction yeux rouges avancée, Panorama (jusque 63MP), capture d'image HEIF, zoom audio, 100% Focus Pixels, HEVC (High Efficiency Video coding), Fusion profond, zoom optique de sortie 2x, capture d'images JPEG, Mode cinématique jusqu'à 4K HDR à 30 fps, Mode action jusqu'à 2.8K à 60 fps, Moteur photonique, AVC (H.264), réduction du bruit du vent, objectif par défaut personnalisable, système de codage des couleurs de l'Académie, zoom optique 10x, zoom optique d'entrée 5x, capture d'images DNG, photographie macro 48 MP, Enregistrement vidéo 4K Dolby Vision jusqu'à 120 fps, Enregistrement vidéo 1080p Dolby Vision jusqu'à 120 ips, enregistrement vidéo Dolby Vision 720p à 30 fps, enregistrement vidéo spatial en 1080p à 30 fps, enregistrement vidéo ProRes jusqu'à 4K à 120 fps avec enregistrement externe, Vidéo QuickTake jusqu'à 4K à 60 ips en Dolby Vision, Audio spatial et enregistrement stéréo, Mixage audio, Camera Control","Lecture (vidéo): jusqu'à 33 hrs
Lecture (vidéo diffusée en continu): jusqu'à 29 hrs
Lecture (audio): jusqu'à 105 hrs",telephones,telephones,Apple,iPhone 16 Pro Max,"L'iPhone 16 Pro Max est conçu en titane de grade 5 avec une finition microbillée raffinée. Le titane présente l'un des rapports résistance/poids les plus élevés de tous les métaux, ce qui rend ce modèle incroyablement solide et incroyablement léger. Les améliorations apportées à la conception interne - notamment une sous-structure thermique en aluminium 100 % recyclé et des optimisations du verre arrière qui dissipent davantage la chaleur - permettent d'obtenir des performances soutenues jusqu'à 20 % supérieures à celles de l'iPhone 15 Pro. Vous pouvez donc faire tout ce que vous aimez - comme jouer à haute intensité - plus longtemps.
La technologie d'affichage avancée permet à Apple d'acheminer les données d'affichage sous les pixels actifs sans distorsion, ce qui se traduit par des bordures plus fines pour un écran Super Retina XDR plus grand et plus agréable à tenir en main. L'iPhone 16 Pro Max résiste aux éclaboussures, à l'eau et à la poussière. Il est également doté d'un matériau Ceramic Shield deux fois plus résistant que le verre de n'importe quel smartphone. C'est ce que l'on appelle la durabilité.
De plus, l'iPhone 16 Pro Max est conçu pour Apple Intelligence, le système d'intelligence personnelle qui vous aide à écrire, à vous exprimer et à accomplir des tâches sans effort. Grâce à des protections de la vie privée révolutionnaires, vous avez l'esprit tranquille : personne d'autre ne peut accéder à vos données, pas même Apple.",,512 Go,,Apple A18 Pro,"Écran OEL, Écran Super Retina XDR avec ProMotion",2868 x 1320 pixels,,120 Hz,2000 cd/m²,6.9 pouces,,"NFC, Ultra-Wideband (UWB), Bluetooth 5.3, Wi-Fi 7, IEEE 802.11be",USB Type-C - 24 pin USB-C,,,77.6 mm x 8.25 mm x 163 mm,227 g,,74 kg d'émissions de carbone,,"Garantie limitée - 1 an
Support technique - conseil - 90 jours",,,Neuf,Titane blanc,https://manystacks.s3.eu-west-3.amazonaws.com/Produits/Images/MYX13ZD%3AA.jpg,,,,,,,,, 1562.00,54.00,0
MYX43ZD/A,Apple iPhone 16 Pro Max,"5G smartphone, double SIM / Mémoire interne 1 To, écran OEL, 6.9 pouces",iOS 18,Oui,"Protection de l'objectif en cristal de saphir, stabilisation vidéo Cinematic, Stabilisation d'image automatique, Zoom lecture, marquage géographique, vidéo à mise au point continue, enregistrement vidéo 4K et photos fixes de 8 MP, Vidéo en accéléré avec stabilisation, correction yeux rouges avancée, Panorama (jusque 63MP), capture d'image HEIF, zoom audio, 100% Focus Pixels, HEVC (High Efficiency Video coding), Fusion profond, zoom optique de sortie 2x, capture d'images JPEG, Mode cinématique jusqu'à 4K HDR à 30 fps, Mode action jusqu'à 2.8K à 60 fps, Moteur photonique, AVC (H.264), réduction du bruit du vent, objectif par défaut personnalisable, système de codage des couleurs de l'Académie, zoom optique 10x, zoom optique d'entrée 5x, capture d'images DNG, photographie macro 48 MP, Enregistrement vidéo 4K Dolby Vision jusqu'à 120 fps, Enregistrement vidéo 1080p Dolby Vision jusqu'à 120 ips, enregistrement vidéo Dolby Vision 720p à 30 fps, enregistrement vidéo spatial en 1080p à 30 fps, enregistrement vidéo ProRes jusqu'à 4K à 120 fps avec enregistrement externe, Vidéo QuickTake jusqu'à 4K à 60 ips en Dolby Vision, Audio spatial et enregistrement stéréo, Mixage audio, Camera Control","Lecture (vidéo): jusqu'à 33 hrs
Lecture (vidéo diffusée en continu): jusqu'à 29 hrs
Lecture (audio): jusqu'à 105 hrs",telephones,telephones,Apple,iPhone 16 Pro Max,"L'iPhone 16 Pro Max est conçu en titane de grade 5 avec une finition microbillée raffinée. Le titane présente l'un des rapports résistance/poids les plus élevés de tous les métaux, ce qui rend ce modèle incroyablement solide et incroyablement léger. Les améliorations apportées à la conception interne - notamment une sous-structure thermique en aluminium 100 % recyclé et des optimisations du verre arrière qui dissipent davantage la chaleur - permettent d'obtenir des performances soutenues jusqu'à 20 % supérieures à celles de l'iPhone 15 Pro. Vous pouvez donc faire tout ce que vous aimez - comme jouer à haute intensité - plus longtemps.
La technologie d'affichage avancée permet à Apple d'acheminer les données d'affichage sous les pixels actifs sans distorsion, ce qui se traduit par des bordures plus fines pour un écran Super Retina XDR plus grand et plus agréable à tenir en main. L'iPhone 16 Pro Max résiste aux éclaboussures, à l'eau et à la poussière. Il est également doté d'un matériau Ceramic Shield deux fois plus résistant que le verre de n'importe quel smartphone. C'est ce que l'on appelle la durabilité.
De plus, l'iPhone 16 Pro Max est conçu pour Apple Intelligence, le système d'intelligence personnelle qui vous aide à écrire, à vous exprimer et à accomplir des tâches sans effort. Grâce à des protections de la vie privée révolutionnaires, vous avez l'esprit tranquille : personne d'autre ne peut accéder à vos données, pas même Apple.",,1 To,,Apple A18 Pro,"Écran OEL, Écran Super Retina XDR avec ProMotion",2868 x 1320 pixels,,120 Hz,2000 cd/m²,6.9 pouces,,"NFC, Ultra-Wideband (UWB), Bluetooth 5.3, Wi-Fi 7, IEEE 802.11be",USB Type-C - 24 pin USB-C,,,77.6 mm x 8.25 mm x 163 mm,227 g,,74 kg d'émissions de carbone,,"Garantie limitée - 1 an
Support technique - conseil - 90 jours",,,Neuf,Titane noir,https://manystacks.s3.eu-west-3.amazonaws.com/Produits/Images/MYX43ZD%3AA.jpg,,,,,,,,, 1790.00,61.00,0
MYX53ZD/A,Apple iPhone 16 Pro Max,"5G smartphone, double SIM / Mémoire interne 1 To, écran OEL, 6.9 pouces",iOS 18,Oui,"Protection de l'objectif en cristal de saphir, stabilisation vidéo Cinematic, Stabilisation d'image automatique, Zoom lecture, marquage géographique, vidéo à mise au point continue, enregistrement vidéo 4K et photos fixes de 8 MP, Vidéo en accéléré avec stabilisation, correction yeux rouges avancée, Panorama (jusque 63MP), capture d'image HEIF, zoom audio, 100% Focus Pixels, HEVC (High Efficiency Video coding), Fusion profond, zoom optique de sortie 2x, capture d'images JPEG, Mode cinématique jusqu'à 4K HDR à 30 fps, Mode action jusqu'à 2.8K à 60 fps, Moteur photonique, AVC (H.264), réduction du bruit du vent, objectif par défaut personnalisable, système de codage des couleurs de l'Académie, zoom optique 10x, zoom optique d'entrée 5x, capture d'images DNG, photographie macro 48 MP, Enregistrement vidéo 4K Dolby Vision jusqu'à 120 fps, Enregistrement vidéo 1080p Dolby Vision jusqu'à 120 ips, enregistrement vidéo Dolby Vision 720p à 30 fps, enregistrement vidéo spatial en 1080p à 30 fps, enregistrement vidéo ProRes jusqu'à 4K à 120 fps avec enregistrement externe, Vidéo QuickTake jusqu'à 4K à 60 ips en Dolby Vision, Audio spatial et enregistrement stéréo, Mixage audio, Camera Control","Lecture (vidéo): jusqu'à 33 hrs
Lecture (vidéo diffusée en continu): jusqu'à 29 hrs
Lecture (audio): jusqu'à 105 hrs",telephones,telephones,Apple,iPhone 16 Pro Max,"L'iPhone 16 Pro Max est conçu en titane de grade 5 avec une finition microbillée raffinée. Le titane présente l'un des rapports résistance/poids les plus élevés de tous les métaux, ce qui rend ce modèle incroyablement solide et incroyablement léger. Les améliorations apportées à la conception interne - notamment une sous-structure thermique en aluminium 100 % recyclé et des optimisations du verre arrière qui dissipent davantage la chaleur - permettent d'obtenir des performances soutenues jusqu'à 20 % supérieures à celles de l'iPhone 15 Pro. Vous pouvez donc faire tout ce que vous aimez - comme jouer à haute intensité - plus longtemps.
La technologie d'affichage avancée permet à Apple d'acheminer les données d'affichage sous les pixels actifs sans distorsion, ce qui se traduit par des bordures plus fines pour un écran Super Retina XDR plus grand et plus agréable à tenir en main. L'iPhone 16 Pro Max résiste aux éclaboussures, à l'eau et à la poussière. Il est également doté d'un matériau Ceramic Shield deux fois plus résistant que le verre de n'importe quel smartphone. C'est ce que l'on appelle la durabilité.
De plus, l'iPhone 16 Pro Max est conçu pour Apple Intelligence, le système d'intelligence personnelle qui vous aide à écrire, à vous exprimer et à accomplir des tâches sans effort. Grâce à des protections de la vie privée révolutionnaires, vous avez l'esprit tranquille : personne d'autre ne peut accéder à vos données, pas même Apple.",,1 To,,Apple A18 Pro,"Écran OEL, Super Retina XDR avec ProMotion - HDR - revêtement oléophobe antitrace, Ceramic Shield",2868 x 1320 pixels,,120 Hz,2000 cd/m²,6.9 pouces,,"NFC, Ultra-Wideband (UWB), Bluetooth 5.3, Wi-Fi 7, IEEE 802.11be",USB Type-C - 24 pin USB-C,,,77.6 mm x 8.25 mm x 163 mm,227 g,,74 kg d'émissions de carbone,,"Garantie limitée - 1 an
Support technique - conseil - 90 jours",,,Neuf,Titane blanc,https://manystacks.s3.eu-west-3.amazonaws.com/Produits/Images/MYX53ZD%3AA.jpg,,,,,,,,, 1790.00,61.00,0
MYX73ZD/A,Apple iPhone 16 Pro Max,"5G smartphone, double SIM / Mémoire interne 1 To, écran OEL, 6.9 pouces",iOS 18,Oui,"Protection de l'objectif en cristal de saphir, stabilisation vidéo Cinematic, Stabilisation d'image automatique, Zoom lecture, marquage géographique, vidéo à mise au point continue, enregistrement vidéo 4K et photos fixes de 8 MP, Vidéo en accéléré avec stabilisation, correction yeux rouges avancée, Panorama (jusque 63MP), capture d'image HEIF, zoom audio, 100% Focus Pixels, HEVC (High Efficiency Video coding), Fusion profond, zoom optique de sortie 2x, capture d'images JPEG, Mode cinématique jusqu'à 4K HDR à 30 fps, Mode action jusqu'à 2.8K à 60 fps, Moteur photonique, AVC (H.264), réduction du bruit du vent, objectif par défaut personnalisable, système de codage des couleurs de l'Académie, zoom optique 10x, zoom optique d'entrée 5x, capture d'images DNG, photographie macro 48 MP, Enregistrement vidéo 4K Dolby Vision jusqu'à 120 fps, Enregistrement vidéo 1080p Dolby Vision jusqu'à 120 ips, enregistrement vidéo Dolby Vision 720p à 30 fps, enregistrement vidéo spatial en 1080p à 30 fps, enregistrement vidéo ProRes jusqu'à 4K à 120 fps avec enregistrement externe, Vidéo QuickTake jusqu'à 4K à 60 ips en Dolby Vision, Audio spatial et enregistrement stéréo, Mixage audio, Camera Control","Lecture (vidéo): jusqu'à 33 hrs
Lecture (vidéo diffusée en continu): jusqu'à 29 hrs
Lecture (audio): jusqu'à 105 hrs",telephones,telephones,Apple,iPhone 16 Pro Max,"L'iPhone 16 Pro Max est conçu en titane de grade 5 avec une finition microbillée raffinée. Le titane présente l'un des rapports résistance/poids les plus élevés de tous les métaux, ce qui rend ce modèle incroyablement solide et incroyablement léger. Les améliorations apportées à la conception interne - notamment une sous-structure thermique en aluminium 100 % recyclé et des optimisations du verre arrière qui dissipent davantage la chaleur - permettent d'obtenir des performances soutenues jusqu'à 20 % supérieures à celles de l'iPhone 15 Pro. Vous pouvez donc faire tout ce que vous aimez - comme jouer à haute intensité - plus longtemps.
La technologie d'affichage avancée permet à Apple d'acheminer les données d'affichage sous les pixels actifs sans distorsion, ce qui se traduit par des bordures plus fines pour un écran Super Retina XDR plus grand et plus agréable à tenir en main. L'iPhone 16 Pro Max résiste aux éclaboussures, à l'eau et à la poussière. Il est également doté d'un matériau Ceramic Shield deux fois plus résistant que le verre de n'importe quel smartphone. C'est ce que l'on appelle la durabilité.
De plus, l'iPhone 16 Pro Max est conçu pour Apple Intelligence, le système d'intelligence personnelle qui vous aide à écrire, à vous exprimer et à accomplir des tâches sans effort. Grâce à des protections de la vie privée révolutionnaires, vous avez l'esprit tranquille : personne d'autre ne peut accéder à vos données, pas même Apple.",,1 To,,Apple A18 Pro,"Écran OEL, Écran Super Retina XDR avec ProMotion",2868 x 1320 pixels,,120 Hz,2000 cd/m²,6.9 pouces,,"NFC, Ultra-Wideband (UWB), Bluetooth 5.3, Wi-Fi 7, IEEE 802.11be",USB Type-C - 24 pin USB-C,,,77.6 mm x 8.25 mm x 163 mm,227 g,,74 kg d'émissions de carbone,,"Garantie limitée - 1 an
Support technique - conseil - 90 jours",,,Neuf,Titane naturel,https://manystacks.s3.eu-west-3.amazonaws.com/Produits/Images/MYX73ZD%3AA.jpg,,,,,,,,, 1790.00,61.00,0
MYEU3ZD/A,Apple iPhone 16,"5G smartphone, double SIM / Mémoire interne 512 Go, écran OEL, 6.1 pouces",iOS 18,Oui,"Protection de l'objectif en cristal de saphir, stabilisation vidéo Cinematic, Stabilisation d'image automatique, Zoom lecture, marquage géographique, enregistrement stéréo, vidéo à mise au point continue, enregistrement vidéo 4K et photos fixes de 8 MP, Vidéo en accéléré avec stabilisation, correction yeux rouges avancée, Panorama (jusque 63MP), capture d'image HEIF, zoom audio, 100% Focus Pixels, HEVC (High Efficiency Video coding), Fusion profond, Stabilisation optique de l'image par déplacement du capteur pour la vidéo, zoom numérique jusqu'à 6x pour vidéo, zoom optique de sortie 2x, Technologie Quad Pixel pour 2,0 µm, Mode cinématique jusqu'à 4K HDR à 30 fps, Mode action jusqu'à 2.8K à 60 fps, Moteur photonique, AVC (H.264), réduction du bruit du vent, mise au point de portrait et contrôle de la profondeur, zoom optique 4x, zoom optique d'entrée 2x, enregistrement vidéo spatial en 1080p à 30 fps, Vidéo QuickTake jusqu'à 4K à 60 ips en Dolby Vision, Audio spatial et enregistrement stéréo, Mixage audio, enregistrement vidéo 4K Dolby Vision jusqu'à 60 ips, enregistrement vidéo 1080p Dolby Vision jusqu'à 60 ips, Camera Control, Spatial photos","Lecture (vidéo): jusqu'à 22 hrs
Lecture (vidéo diffusée en continu): jusqu'à 18 hrs
Lecture (audio): jusqu'à 80 hrs",telephones,telephones,Apple,iPhone 16,"L'iPhone 16 est conçu pour Apple Intelligence, le système d'intelligence personnelle qui vous aide à écrire, à vous exprimer et à accomplir des tâches sans effort. Grâce à des protections de la vie privée révolutionnaires, vous avez l'esprit tranquille : personne d'autre ne peut accéder à vos données, pas même Apple.",,512 Go,,Apple A18,"Écran OEL, Super Retina XDR Display",2556 x 1179 pixels,,,1000 cd/m²,6.1 pouces,,"NFC, Ultra-Wideband (UWB), Bluetooth 5.3, Wi-Fi 7",USB Type-C - 24 pin USB-C,,,71.6 mm x 7.8 mm x 147.6 mm,170 g,,56 kg d'émissions de carbone,,"Garantie limitée - 1 an
Support technique - conseil - 90 jours",,,Neuf,Teal,https://manystacks.s3.eu-west-3.amazonaws.com/Produits/Images/MYEU3ZD%3AA.jpg,,,,,,,,, 1215.00,42.00,0
MYE93ZD/A,Apple iPhone 16,"5G smartphone, double SIM / Mémoire interne 128 Go, écran OEL, 6.1 pouces",iOS 18,Oui,"Camera Control, Spatial photos, enregistrement vidéo spatial en 1080p à 30 fps, Mixage audio, 100% Focus Pixels, Technologie Quad Pixel pour 2,0 µm, protection de l'objectif en cristal de saphir, zoom optique 4x, zoom optique de sortie 2x, zoom optique d'entrée 2x, Moteur photonique, Fusion profond, mise au point de portrait et contrôle de la profondeur, Panorama (jusque 63MP), correction yeux rouges avancée, Stabilisation d'image automatique, marquage géographique, capture d'image HEIF, stabilisation vidéo Cinematic, Zoom lecture, enregistrement stéréo, vidéo à mise au point continue, enregistrement vidéo 4K et photos fixes de 8 MP, Vidéo en accéléré avec stabilisation, zoom audio, zoom numérique jusqu'à 6x pour vidéo, Vidéo QuickTake jusqu'à 4K à 60 ips en Dolby Vision, HEVC (High Efficiency Video coding), AVC (H.264), Stabilisation optique de l'image par déplacement du capteur pour la vidéo, enregistrement vidéo 4K Dolby Vision jusqu'à 60 ips, Mode action jusqu'à 2.8K à 60 fps, réduction du bruit du vent, Audio spatial et enregistrement stéréo, enregistrement vidéo 1080p Dolby Vision jusqu'à 60 ips, Mode cinématique jusqu'à 4K HDR à 30 fps","Lecture (vidéo): jusqu'à 22 hrs
Lecture (vidéo diffusée en continu): jusqu'à 18 hrs
Lecture (audio): jusqu'à 80 hrs",telephones,telephones,Apple,iPhone 16,"L'iPhone 16 est conçu pour Apple Intelligence, le système d'intelligence personnelle qui vous aide à écrire, à vous exprimer et à accomplir des tâches sans effort. Grâce à des protections de la vie privée révolutionnaires, vous avez l'esprit tranquille : personne d'autre ne peut accéder à vos données, pas même Apple.",,128 Go,,Apple A18 (6 cœurs),"Écran OEL, Super Retina XDR Display",2556 x 1179 pixels,,,1000 cd/m²,6.1 pouces,,"NFC, Ultra-Wideband (UWB), Bluetooth 5.3, Wi-Fi 7",USB Type-C - 24 pin USB-C,,,71.6 mm x 7.8 mm x 147.6 mm,170 g,,56 kg d'émissions de carbone,,"Garantie limitée - 1 an
Support technique - conseil - 90 jours",,,Neuf,Blanc,https://manystacks.s3.eu-west-3.amazonaws.com/Produits/Images/MXWV3ZD%3AA.jpg,,,,,,,,, 868.00,32.00,0
MYEQ3ZD/A,Apple iPhone 16,"5G smartphone, double SIM / Mémoire interne 512 Go, écran OEL, 6.1 pouces",iOS 18,Oui,"Protection de l'objectif en cristal de saphir, stabilisation vidéo Cinematic, Stabilisation d'image automatique, Zoom lecture, marquage géographique, enregistrement stéréo, vidéo à mise au point continue, enregistrement vidéo 4K et photos fixes de 8 MP, Vidéo en accéléré avec stabilisation, correction yeux rouges avancée, Panorama (jusque 63MP), capture d'image HEIF, zoom audio, 100% Focus Pixels, HEVC (High Efficiency Video coding), Fusion profond, Stabilisation optique de l'image par déplacement du capteur pour la vidéo, zoom numérique jusqu'à 6x pour vidéo, zoom optique de sortie 2x, Technologie Quad Pixel pour 2,0 µm, Mode cinématique jusqu'à 4K HDR à 30 fps, Mode action jusqu'à 2.8K à 60 fps, Moteur photonique, AVC (H.264), réduction du bruit du vent, mise au point de portrait et contrôle de la profondeur, zoom optique 4x, zoom optique d'entrée 2x, enregistrement vidéo spatial en 1080p à 30 fps, Vidéo QuickTake jusqu'à 4K à 60 ips en Dolby Vision, Audio spatial et enregistrement stéréo, Mixage audio, enregistrement vidéo 4K Dolby Vision jusqu'à 60 ips, enregistrement vidéo 1080p Dolby Vision jusqu'à 60 ips, Camera Control, Spatial photos","Lecture (vidéo): jusqu'à 22 hrs
Lecture (vidéo diffusée en continu): jusqu'à 18 hrs
Lecture (audio): jusqu'à 80 hrs",telephones,telephones,Apple,iPhone 16,"L'iPhone 16 est conçu pour Apple Intelligence, le système d'intelligence personnelle qui vous aide à écrire, à vous exprimer et à accomplir des tâches sans effort. Grâce à des protections de la vie privée révolutionnaires, vous avez l'esprit tranquille : personne d'autre ne peut accéder à vos données, pas même Apple.",,512 Go,,Apple A18 (6 cœurs),"Écran OEL, Super Retina XDR Display",2556 x 1179 pixels,,,1000 cd/m²,6.1 pouces,,"NFC, UWB, Bluetooth, Wi-Fi 7",USB-C,,,71.6 mm x 7.8 mm x 147.6 mm,170 g,,56 kg d'émissions de carbone,,"Garantie limitée - 1 an
Support technique - conseil - 90 jours",,,Neuf,Rose,https://manystacks.s3.eu-west-3.amazonaws.com/Produits/Images/MYEA3ZD%3AA.jpg,,,,,,,,, 1215.00,42.00,0
MYE73ZD/A,Apple iPhone 16,"5G smartphone, double SIM / Mémoire interne 128 Go, écran OEL, 6.1 pouces",iOS 18,Oui,"Camera Control, Spatial photos, enregistrement vidéo spatial en 1080p à 30 fps, Mixage audio, 100% Focus Pixels, Technologie Quad Pixel pour 2,0 µm, protection de l'objectif en cristal de saphir, zoom optique 4x, zoom optique de sortie 2x, zoom optique d'entrée 2x, Moteur photonique, Fusion profond, mise au point de portrait et contrôle de la profondeur, Panorama (jusque 63MP), correction yeux rouges avancée, Stabilisation d'image automatique, marquage géographique, capture d'image HEIF, stabilisation vidéo Cinematic, Zoom lecture, enregistrement stéréo, vidéo à mise au point continue, enregistrement vidéo 4K et photos fixes de 8 MP, Vidéo en accéléré avec stabilisation, zoom audio, zoom numérique jusqu'à 6x pour vidéo, Vidéo QuickTake jusqu'à 4K à 60 ips en Dolby Vision, HEVC (High Efficiency Video coding), AVC (H.264), Stabilisation optique de l'image par déplacement du capteur pour la vidéo, enregistrement vidéo 4K Dolby Vision jusqu'à 60 ips, Mode action jusqu'à 2.8K à 60 fps, réduction du bruit du vent, Audio spatial et enregistrement stéréo, enregistrement vidéo 1080p Dolby Vision jusqu'à 60 ips, Mode cinématique jusqu'à 4K HDR à 30 fps","Lecture (vidéo): jusqu'à 22 hrs
Lecture (vidéo diffusée en continu): jusqu'à 18 hrs
Lecture (audio): jusqu'à 80 hrs",telephones,telephones,Apple,iPhone 16,"L'iPhone 16 est conçu pour Apple Intelligence, le système d'intelligence personnelle qui vous aide à écrire, à vous exprimer et à accomplir des tâches sans effort. Grâce à des protections de la vie privée révolutionnaires, vous avez l'esprit tranquille : personne d'autre ne peut accéder à vos données, pas même Apple.",,128 Go,,Apple A18 (6 cœurs),"Écran OEL, Super Retina XDR Display",2556 x 1179 pixels,,,1000 cd/m²,6.1 pouces,,"NFC, Ultra-Wideband (UWB), Bluetooth 5.3, Wi-Fi 7",USB Type-C - 24 pin USB-C,,,71.6 mm x 7.8 mm x 147.6 mm,170 g,,56 kg d'émissions de carbone,,"Garantie limitée - 1 an
Support technique - conseil - 90 jours",,,Neuf,Noir,https://manystacks.s3.eu-west-3.amazonaws.com/Produits/Images/MYEE3ZD%3AA.jpg,,,,,,,,, 868.00,32.00,0
MYER3ZD/A,Apple iPhone 16,"5G smartphone, double SIM / Mémoire interne 512 Go, écran OEL, 6.1 pouces",iOS 18,Oui,"Protection de l'objectif en cristal de saphir, stabilisation vidéo Cinematic, Stabilisation d'image automatique, Zoom lecture, marquage géographique, enregistrement stéréo, vidéo à mise au point continue, enregistrement vidéo 4K et photos fixes de 8 MP, Vidéo en accéléré avec stabilisation, correction yeux rouges avancée, Panorama (jusque 63MP), capture d'image HEIF, zoom audio, 100% Focus Pixels, HEVC (High Efficiency Video coding), Fusion profond, Stabilisation optique de l'image par déplacement du capteur pour la vidéo, zoom numérique jusqu'à 6x pour vidéo, zoom optique de sortie 2x, Technologie Quad Pixel pour 2,0 µm, Mode cinématique jusqu'à 4K HDR à 30 fps, Mode action jusqu'à 2.8K à 60 fps, Moteur photonique, AVC (H.264), réduction du bruit du vent, mise au point de portrait et contrôle de la profondeur, zoom optique 4x, zoom optique d'entrée 2x, enregistrement vidéo spatial en 1080p à 30 fps, Vidéo QuickTake jusqu'à 4K à 60 ips en Dolby Vision, Audio spatial et enregistrement stéréo, Mixage audio, enregistrement vidéo 4K Dolby Vision jusqu'à 60 ips, enregistrement vidéo 1080p Dolby Vision jusqu'à 60 ips, Camera Control, Spatial photos","Lecture (vidéo): jusqu'à 22 hrs
Lecture (vidéo diffusée en continu): jusqu'à 18 hrs
Lecture (audio): jusqu'à 80 hrs",telephones,telephones,Apple,iPhone 16,"L'iPhone 16 est conçu pour Apple Intelligence, le système d'intelligence personnelle qui vous aide à écrire, à vous exprimer et à accomplir des tâches sans effort. Grâce à des protections de la vie privée révolutionnaires, vous avez l'esprit tranquille : personne d'autre ne peut accéder à vos données, pas même Apple.",,512 Go,,Apple A18 (6 cœurs),"Écran OEL, Super Retina XDR Display",2556 x 1179 pixels,,,1000 cd/m²,6.1 pouces,,"NFC, Ultra-Wideband (UWB), Bluetooth 5.3, Wi-Fi 7",USB Type-C - 24 pin USB-C,,,71.6 mm x 7.8 mm x 147.6 mm,170 g,,56 kg d'émissions de carbone,,"Garantie limitée - 1 an
Support technique - conseil - 90 jours",,,Neuf,Bleu d'outremer,https://manystacks.s3.eu-west-3.amazonaws.com/Produits/Images/MYER3ZD%3AA.jpg,,,,,,,,, 1215.00,42.00,0
MCX44FN/A,Mac Mini M4 Pro,"M4 Pro, RAM 24 Go, SSD 512 Go, Apple M4 Pro 16-core, Gigabit Ethernet, macOS Sequoia 15.0",Apple macOS Sequoia 15.0,,,,ordinateurs,ordinateurs,Apple,Mac mini,"Le Mac mini, bien plus puissant et bien plus petit, est un concentré de puissance de 5 pouces sur 5. Conçu pour l'intelligence Apple [1]. La puce M4 Pro apporte une puissance supplémentaire pour mener à bien des projets exigeants tels que le traitement de scènes complexes ou la compilation de millions de lignes de code. Des ports à votre disposition, à l'avant et à l'arrière.",24 Go,512 Go,SSD,Apple M4 Pro,,,,,,,Apple M4 Pro 16-core,"Wi-Fi 6E, Bluetooth 5.3","2 x USB-C - Type C (2 avant)
1 x HDMI (1 à l'arrière)
1 x LAN (Gigabit Ethernet) - RJ-45 (1 à l'arrière)
1 x casque (1 en façade)","Tension de 100 à 240 V CA, Fréquence de 50 à 60 HZ",Haut-parleur,12.7 cm x 12.7 cm x 5 cm,730 g,ENERGY STAR,50 kg d'émissions de carbone,,"Garantie limitée - 1 an
Support technique - conseil - 90 jours",,,Neuf,Argent,https://manystacks.s3.eu-west-3.amazonaws.com/Produits/Images/MCYT4FN%3AA.jpg,,,,,,,,, 1510.00,50.00,0
MCYT4FN/A,Mac Mini M4,"M4, RAM 24 Go, SSD 512 Go, macOS Sequoia 15.0, Apple M4 10-core, Gigabit Ethernet",Apple macOS Sequoia 15.0,,,,ordinateurs,ordinateurs,Apple,Mac mini,"Le Mac mini, bien plus puissant et bien plus petit, est un concentré de puissance de 5 pouces sur 5. Conçu pour l'intelligence Apple [1]. Redessiné autour du silicium Apple pour libérer toute la vitesse et les capacités de la spectaculaire puce M4. Avec des ports à votre disposition, à l'avant et à l'arrière.",24 Go,512 Go,SSD,Apple M4,,,,,,,Apple M4 10-core,"Wi-Fi 6E, Bluetooth 5.3","3 x Thunderbolt 4/USB4/DisplayPort 1.4 - Type C (3 à l'arrière)
2 x USB-C - Type C (2 avant)
1 x HDMI (1 à l'arrière)
1 x LAN (Gigabit Ethernet) - RJ-45 (1 à l'arrière)
1 x casque (1 en façade)","Tension de 100 à 240 V CA, Fréquence de 50 à 60 HZ",Haut-parleur,12.7 cm x 12.7 cm x 5 cm,670 g,ENERGY STAR,,,"Garantie limitée - 1 an
Support technique - conseil - 90 jours",,,Neuf,Argent,https://manystacks.s3.eu-west-3.amazonaws.com/Produits/Images/MCYT4FN%3AA.jpg,,,,,,,,, 988.00,34.00,0
MU9E3FN/A,Mac Mini M4,"M4 , RAM 16 Go, SSD 512 Go, macOS Sequoia 15.0, Apple M4 10-core, Gigabit Ethernet",Apple macOS Sequoia 15.0,,,,ordinateurs,ordinateurs,Apple,Mac mini,"Le Mac mini, bien plus puissant et bien plus petit, est un concentré de puissance de 5 pouces sur 5. Conçu pour l'intelligence Apple [1]. Redessiné autour du silicium Apple pour libérer toute la vitesse et les capacités de la spectaculaire puce M4. Avec des ports à votre disposition, à l'avant et à l'arrière.",16 Go,512 Go,SSD,Apple M4,,,,,,,Apple M4 10-core,"Wi-Fi 6E, Bluetooth 5.3",3 x Thunderbolt 4/USB4/DisplayPort 1.4 - Type C (3 à l'arrière),"Tension de 100 à 240 V CA, Fréquence de 50 à 60 HZ",Haut-parleur,12.7 cm x 12.7 cm x 5 cm,670 g,ENERGY STAR,35 kg d'émissions de carbone,,"Garantie limitée - 1 an
Support technique - conseil - 90 jours",,,Neuf,Argent,https://manystacks.s3.eu-west-3.amazonaws.com/Produits/Images/MU9E3FN%3AA.jpg,,,,,,,,, 851.00,29.00,0
MU9D3FN/A,Mac Mini M4,"M4 , RAM 16 Go, SSD 512 Go, macOS Sequoia 15.0, Apple M4 10-core, Gigabit Ethernet",Apple macOS Sequoia 15.0,,,,ordinateurs,ordinateurs,Apple,Mac mini,"Le Mac mini, bien plus puissant et bien plus petit, est un concentré de puissance de 5 pouces sur 5. Conçu pour l'intelligence Apple [1]. Redessiné autour du silicium Apple pour libérer toute la vitesse et les capacités de la spectaculaire puce M4. Avec des ports à votre disposition, à l'avant et à l'arrière.",16 Go,256 Go,SSD,Apple M4,,,,,,,Apple M4 10-core,"Wi-Fi 6E, Bluetooth 5.3",3 x Thunderbolt 4/USB4/DisplayPort 1.4 - Type C (3 à l'arrière),"Tension de 100 à 240 V CA, Fréquence de 50 à 60 HZ",Haut-parleur,12.7 cm x 12.7 cm x 5 cm,670 g,ENERGY STAR,32 kg d'émissions de carbone,,Garantie limitée - 1 an,,,Neuf,Argent,https://manystacks.s3.eu-west-3.amazonaws.com/Produits/Images/MU9D3FN%3AA.jpg,,,,,,,,, 640.00,23.00,0
MJMW3FN/A,Mac Studio M1 Ultra,"USFF M1 , RAM 64 Go, SSD 1 To, M1 Ultra 48-core GPU, macOS Monterey 12.0",Apple macOS Monterey 12.0,,,,ordinateurs,ordinateurs,Apple,Mac Studio,"Le Mac Studio est un Mac de bureau prochaine génération. Il réunit dans un format incroyablement compact des performances hors normes et une connec­tivité multiple. Avec lui, vous avez tout ce qu'il faut à portée de main pour transformer n'importe quel espace en véritable studio de création.",64 Go,1 To,SSD,Apple M1 Ultra,,,,,,,Apple M1 Ultra 48-core,"Wi-Fi 5, 5GbE, 2.5GbE, Bluetooth 5.0, 802.11ax","4 x Thunderbolt 4/USB4/DisplayPort (4 à l'arrière)
2 x USB 3.0 (2 à l'arrière)","Tension de 100 à 240 V CA, Fréquence de 50 à 60 HZ",Haut-parleur,19.7 cm x 19.7 cm x 9.5 cm,3.6 kg,ENERGY STAR,,,Garantie limitée - 1 an,,,Neuf,Argent,https://manystacks.s3.eu-west-3.amazonaws.com/Produits/Images/MJMW3FN%3AA.jpg,,,,,,,,, 4210.00,136.00,0
MWUC3FN/A,"iMac M4 - 24""","RAM 16 Go, SSD 256 Go, macOS Sequoia 15.0, Apple M4 8-core, LED 24 pouces",Apple macOS Sequoia 15.0,Oui,"Processeur de signal d'image avancé (ISP), support de vue de bureau 1080p",,ordinateurs,ordinateurs,Apple,iMac,"Découvrez l'Apple iMac avec écran Retina 4,5K, une merveille de design et de fonctionnalité qui redéfinit ce que peut être un ordinateur de bureau. Ce concentré de puissance tout-en-un est doté d'un superbe écran de 24 pouces qui donne vie aux images grâce à sa luminosité de 500 cd/m2 et à son large spectre de couleurs, pris en charge par la technologie True Tone pour une expérience visuelle plus naturelle.
Au cœur de l'appareil se trouve un processeur à 8 cœurs équipé d'un moteur neuronal à 16 cœurs, conçu pour s'attaquer facilement aux tâches exigeantes et aux projets créatifs. L'intégration d'un réseau de trois microphones et de six haut-parleurs conformes à la norme Dolby Atmos garantit que, que vous regardiez un film, écoutiez de la musique ou passiez un appel vidéo, le son est aussi immersif que les images.
Cet iMac n'est pas seulement une question de performances et d'esthétique ; il a également été conçu dans le respect de l'environnement. Il est certifié ENERGY STAR et exempt de BFR, de béryllium, de mercure et de PVC, ce qui en fait un choix à la fois puissant et responsable. Avec sa forme élégante, ses options de connectivité sans fil et ses ports Thunderbolt 3/DisplayPort/USB4, il offre un espace de travail sans encombrement et sans compromis sur la fonctionnalité. Que ce soit pour le travail ou les loisirs, l'Apple iMac avec écran Retina 4,5K témoigne de l'alliance de l'esthétique, des performances et de la gestion de l'environnement.",16 Go,256 Go,SSD,Apple M4,LED,4480 x 2520 pixels,,,500 cd/m²,24 pouces,Apple M4 8-core,"Wi-Fi 5, Wi-Fi 6E, Bluetooth 5.3","2 x Thunderbolt 4/USB4/DisplayPort
1 x casque
2 x Thunderbolt 4/USB4/DisplayPort
1 x casque","Tension de 100 à 240 V CA, Fréquence de 50 à 60 HZ","6 haut-parleurs avec woofers anti-ronflement, 3 réseaux de formation de faisceau de microphone",54.7 cm x 14.7 cm x 46.1 cm,4.42 kg,ENERGY STAR,346 kg d'émissions de carbone,,Garantie limitée - 1 an,,,Neuf,Argent,https://manystacks.s3.eu-west-3.amazonaws.com/Produits/Images/MWUU3FN%3AA.jpg,,,,,,,,, 1373.00,48.00,0
MWUU3FN/A,"iMac M4 - 24""","RAM 16 Go, SSD SSD 256 Go, Apple M4 10-core, LED 24"" pouces",Apple macOS Sequoia 15.0,Oui,"Support de vue de bureau, processeur de signal d'image avancé (ISP)",,ordinateurs,ordinateurs,Apple,iMac,"Découvrez l'Apple iMac avec écran Retina 4,5K, une merveille de design et de fonctionnalité qui redéfinit ce que peut être un ordinateur de bureau. Ce concentré de puissance tout-en-un est doté d'un superbe écran de 24 pouces qui donne vie aux images grâce à sa luminosité de 500 cd/m2 et à son large spectre de couleurs, pris en charge par la technologie True Tone pour une expérience visuelle plus naturelle.
Au cœur de l'appareil se trouve un processeur à 8 cœurs équipé d'un moteur neuronal à 16 cœurs, conçu pour s'attaquer facilement aux tâches exigeantes et aux projets créatifs. L'intégration d'un réseau de trois microphones et de six haut-parleurs conformes à la norme Dolby Atmos garantit que, que vous regardiez un film, écoutiez de la musique ou passiez un appel vidéo, le son est aussi immersif que les images.
Cet iMac n'est pas seulement une question de performances et d'esthétique ; il a également été conçu dans le respect de l'environnement. Il est certifié ENERGY STAR et exempt de BFR, de béryllium, de mercure et de PVC, ce qui en fait un choix à la fois puissant et responsable. Avec sa forme élégante, ses options de connectivité sans fil et ses ports Thunderbolt 3/DisplayPort/USB4, il offre un espace de travail sans encombrement et sans compromis sur la fonctionnalité. Que ce soit pour le travail ou les loisirs, l'Apple iMac avec écran Retina 4,5K témoigne de l'alliance de l'esthétique, des performances et de la gestion de l'environnement.",16 Go,256 Go,SSD,Apple M4,LED,4480 x 2520 pixels,,50/60 Hz,500 cd/m²,24 pouces,Apple M4 10-core,"Wi-Fi 6E, Bluetooth 5.3","4 x Thunderbolt 4/USB4/DisplayPort
1 x casque","Tension de 100 à 240 V CA, Fréquence de 50 à 60 HZ",6 x canal droit / gauche,54.7 cm x 14.7 cm x 46.1 cm,4.44 kg,ENERGY STAR,,,Garantie limitée - 1 an,,,Neuf,Argent,https://manystacks.s3.eu-west-3.amazonaws.com/Produits/Images/MWUU3FN%3AA.jpg,,,,,,,,, 1602.00,55.00,0
MWV33FN/A,"iMac M4 - 24""","RAM 16 Go, SSD 512 Go, macOS Sequoia 15.0, LED 24 pouces",Apple macOS Sequoia 15.0,Oui,"Support de vue de bureau, processeur de signal d'image avancé (ISP)",,ordinateurs,ordinateurs,Apple,iMac,"Découvrez l'Apple iMac avec écran Retina 4,5K, une merveille de design et de fonctionnalité qui redéfinit ce que peut être un ordinateur de bureau. Ce concentré de puissance tout-en-un est doté d'un superbe écran de 24 pouces qui donne vie aux images grâce à sa luminosité de 500 cd/m2 et à son large spectre de couleurs, pris en charge par la technologie True Tone pour une expérience visuelle plus naturelle.
Au cœur de l'appareil se trouve un processeur à 8 cœurs équipé d'un moteur neuronal à 16 cœurs, conçu pour s'attaquer facilement aux tâches exigeantes et aux projets créatifs. L'intégration d'un réseau de trois microphones et de six haut-parleurs conformes à la norme Dolby Atmos garantit que, que vous regardiez un film, écoutiez de la musique ou passiez un appel vidéo, le son est aussi immersif que les images.
Cet iMac n'est pas seulement une question de performances et d'esthétique ; il a également été conçu dans le respect de l'environnement. Il est certifié ENERGY STAR et exempt de BFR, de béryllium, de mercure et de PVC, ce qui en fait un choix à la fois puissant et responsable. Avec sa forme élégante, ses options de connectivité sans fil et ses ports Thunderbolt 3/DisplayPort/USB4, il offre un espace de travail sans encombrement et sans compromis sur la fonctionnalité. Que ce soit pour le travail ou les loisirs, l'Apple iMac avec écran Retina 4,5K témoigne de l'alliance de l'esthétique, des performances et de la gestion de l'environnement.",16 Go,512 Go,SSD,Apple M4,LED,4480 x 2520 pixels,,50/60 Hz,500 cd/m²,24 pouces,Apple M4 10-core,"1GbE, 802.11a, 802.11b/g/n, Wi-Fi 5, Wi-Fi 6E, Bluetooth 5.3","4 x Thunderbolt 4/USB4/DisplayPort
1 x casque","Tension de 100 à 240 V CA, Fréquence de 50 à 60 HZ","6 haut-parleurs avec woofers anti-ronflement, 3 réseaux de formation de faisceau de microphone",54.7 cm x 14.7 cm x 46.1 cm,4.44 kg,ENERGY STAR,391 kg d'émissions de carbone,,Garantie limitée - 1 an,,,Neuf,Bleu,https://manystacks.s3.eu-west-3.amazonaws.com/Produits/Images/MWV33FN%3AA.jpg,,,,,,,,, 1812.00,61.00,0
MWUV3FN/A,"iMac M4 - 24""","RAM 16 Go, SSD 512 Go, Apple M4 10-core, macOS Sequoia 15.0, LED 24 pouces",Apple macOS Sequoia 15.0,Oui,"Support de vue de bureau, processeur de signal d'image avancé (ISP)",,ordinateurs,ordinateurs,Apple,iMac,"Découvrez l'Apple iMac avec écran Retina 4,5K, une merveille de design et de fonctionnalité qui redéfinit ce que peut être un ordinateur de bureau. Ce concentré de puissance tout-en-un est doté d'un superbe écran de 24 pouces qui donne vie aux images grâce à sa luminosité de 500 cd/m2 et à son large spectre de couleurs, pris en charge par la technologie True Tone pour une expérience visuelle plus naturelle.
Au cœur de l'appareil se trouve un processeur à 8 cœurs équipé d'un moteur neuronal à 16 cœurs, conçu pour s'attaquer facilement aux tâches exigeantes et aux projets créatifs. L'intégration d'un réseau de trois microphones et de six haut-parleurs conformes à la norme Dolby Atmos garantit que, que vous regardiez un film, écoutiez de la musique ou passiez un appel vidéo, le son est aussi immersif que les images.
Cet iMac n'est pas seulement une question de performances et d'esthétique ; il a également été conçu dans le respect de l'environnement. Il est certifié ENERGY STAR et exempt de BFR, de béryllium, de mercure et de PVC, ce qui en fait un choix à la fois puissant et responsable. Avec sa forme élégante, ses options de connectivité sans fil et ses ports Thunderbolt 3/DisplayPort/USB4, il offre un espace de travail sans encombrement et sans compromis sur la fonctionnalité. Que ce soit pour le travail ou les loisirs, l'Apple iMac avec écran Retina 4,5K témoigne de l'alliance de l'esthétique, des performances et de la gestion de l'environnement.",16 Go,512 Go,SSD,Apple M4,LED,4480 x 2520 pixels,,50/60 Hz,500 cd/m²,24 pouces,Apple M4 10-core,"1GbE, 802.11a, 802.11b/g/n, Wi-Fi 5, Wi-Fi 6E, Bluetooth 5.3","4 x Thunderbolt 4/USB4/DisplayPort
1 x casque","Tension de 100 à 240 V CA, Fréquence de 50 à 60 HZ","6 haut-parleurs avec woofers anti-ronflement, 3 réseaux de formation de faisceau de microphone",54.7 cm x 14.7 cm x 46.1 cm,4.44 kg,ENERGY STAR,391 kg d'émissions de carbone,,Garantie limitée - 1 an,,,Neuf,Argent,https://manystacks.s3.eu-west-3.amazonaws.com/Produits/Images/MWUV3FN%3AA.jpg,,,,,,,,, 1812.00,61.00,0
MWUE3FN/A,"iMac M4 - 24""","RAM 16 Go, RAM 16 Go, Apple M4 8-core, macOS Sequoia 15.0, LED 24 pouces",Apple macOS Sequoia 15.0,Oui,"Processeur de signal d'image avancé (ISP), support de vue de bureau, 1080p, 12 Mégapixel",,ordinateurs,ordinateurs,Apple,iMac,"Découvrez l'Apple iMac avec écran Retina 4,5K, une merveille de design et de fonctionnalité qui redéfinit ce que peut être un ordinateur de bureau. Ce concentré de puissance tout-en-un est doté d'un superbe écran de 24 pouces qui donne vie aux images grâce à sa luminosité de 500 cd/m2 et à son large spectre de couleurs, pris en charge par la technologie True Tone pour une expérience visuelle plus naturelle.
Au cœur de l'appareil se trouve un processeur à 8 cœurs équipé d'un moteur neuronal à 16 cœurs, conçu pour s'attaquer facilement aux tâches exigeantes et aux projets créatifs. L'intégration d'un réseau de trois microphones et de six haut-parleurs conformes à la norme Dolby Atmos garantit que, que vous regardiez un film, écoutiez de la musique ou passiez un appel vidéo, le son est aussi immersif que les images.
Cet iMac n'est pas seulement une question de performances et d'esthétique ; il a également été conçu dans le respect de l'environnement. Il est certifié ENERGY STAR et exempt de BFR, de béryllium, de mercure et de PVC, ce qui en fait un choix à la fois puissant et responsable. Avec sa forme élégante, ses options de connectivité sans fil et ses ports Thunderbolt 3/DisplayPort/USB4, il offre un espace de travail sans encombrement et sans compromis sur la fonctionnalité. Que ce soit pour le travail ou les loisirs, l'Apple iMac avec écran Retina 4,5K témoigne de l'alliance de l'esthétique, des performances et de la gestion de l'environnement.",16 Go,256 Go,SSD,Apple M4,LED,4480 x 2520 pixels,,50/60 Hz,500 cd/m²,24 pouces,Apple M4 8-core,"IEEE 802.11b, IEEE 802.11a, IEEE 802.11g, IEEE 802.11n, IEEE 802.11ac, IEEE 802.11ax (Wi-Fi 6E), Bluetooth 5.3","2 x Thunderbolt 4/USB4/DisplayPort
1 x casque","Tension de 100 à 240 V CA, Fréquence de 50 à 60 HZ","6 haut-parleurs avec woofers anti-ronflement, 3 réseaux de formation de faisceau de microphone",54.7 cm x 14.7 cm x 46.1 cm,4.42 kg,ENERGY STAR,346 kg d'émissions de carbone,,Garantie limitée - 1 an,,,Neuf,Vert,https://manystacks.s3.eu-west-3.amazonaws.com/Produits/Images/MWUE3FN%3AA.jpg,,,,,,,,, 1373.00,48.00,0
MWUY3FN/A,"iMac M4 - 24""","RAM 16 Go, SSD 256 Go, Apple M4 10-core, macOS Sequoia 15.0, LED 24 pouces",Apple macOS Sequoia 15.0,Oui,"Support de vue de bureau, processeur de signal d'image avancé (ISP), 1080p, 12 Mégapixel",,ordinateurs,ordinateurs,Apple,iMac,"Découvrez l'Apple iMac avec écran Retina 4,5K, une merveille de design et de fonctionnalité qui redéfinit ce que peut être un ordinateur de bureau. Ce concentré de puissance tout-en-un est doté d'un superbe écran de 24 pouces qui donne vie aux images grâce à sa luminosité de 500 cd/m2 et à son large spectre de couleurs, pris en charge par la technologie True Tone pour une expérience visuelle plus naturelle.
Au cœur de l'appareil se trouve un processeur à 8 cœurs équipé d'un moteur neuronal à 16 cœurs, conçu pour s'attaquer facilement aux tâches exigeantes et aux projets créatifs. L'intégration d'un réseau de trois microphones et de six haut-parleurs conformes à la norme Dolby Atmos garantit que, que vous regardiez un film, écoutiez de la musique ou passiez un appel vidéo, le son est aussi immersif que les images.
Cet iMac n'est pas seulement une question de performances et d'esthétique ; il a également été conçu dans le respect de l'environnement. Il est certifié ENERGY STAR et exempt de BFR, de béryllium, de mercure et de PVC, ce qui en fait un choix à la fois puissant et responsable. Avec sa forme élégante, ses options de connectivité sans fil et ses ports Thunderbolt 3/DisplayPort/USB4, il offre un espace de travail sans encombrement et sans compromis sur la fonctionnalité. Que ce soit pour le travail ou les loisirs, l'Apple iMac avec écran Retina 4,5K témoigne de l'alliance de l'esthétique, des performances et de la gestion de l'environnement.",16 Go,256 Go,SSD,Apple M4,LED,4480 x 2520 pixels,,50/60 Hz,500 cd/m²,24 pouces,Apple M4 10-core,"Ethernet, Fast Ethernet, Gigabit Ethernet, IEEE 802.11a, IEEE 802.11b, IEEE 802.11g, IEEE 802.11n, IEEE 802.11ac, IEEE 802.11ax (Wi-Fi 6E), Bluetooth 5.3","4 x Thunderbolt 4/USB4/DisplayPort
1 x casque","Tension de 100 à 240 V CA, Fréquence de 50 à 60 HZ","6 haut-parleurs avec woofers anti-ronflement, 3 réseaux de formation de faisceau de microphone",54.7 cm x 14.7 cm x 46.1 cm,4.44 kg,ENERGY STAR,,,Garantie limitée - 1 an,,,Neuf,Vert,https://manystacks.s3.eu-west-3.amazonaws.com/Produits/Images/MWUY3FN%3AA.jpg,,,,,,,,, 1602.00,55.00,0
MWUG3FN/A,"iMac M4 - 24""","RAM 16 Go, SSD 256 Go, Apple M4 8-core, macOS Sequoia 15.0, LED 24 pouces",Apple macOS Sequoia 15.0,Oui,"Processeur de signal d'image avancé (ISP), support de vue de bureau, 1080p, 12 Mégapixel",,ordinateurs,ordinateurs,Apple,iMac,"Découvrez l'Apple iMac avec écran Retina 4,5K, une merveille de design et de fonctionnalité qui redéfinit ce que peut être un ordinateur de bureau. Ce concentré de puissance tout-en-un est doté d'un superbe écran de 24 pouces qui donne vie aux images grâce à sa luminosité de 500 cd/m2 et à son large spectre de couleurs, pris en charge par la technologie True Tone pour une expérience visuelle plus naturelle.
Au cœur de l'appareil se trouve un processeur à 8 cœurs équipé d'un moteur neuronal à 16 cœurs, conçu pour s'attaquer facilement aux tâches exigeantes et aux projets créatifs. L'intégration d'un réseau de trois microphones et de six haut-parleurs conformes à la norme Dolby Atmos garantit que, que vous regardiez un film, écoutiez de la musique ou passiez un appel vidéo, le son est aussi immersif que les images.
Cet iMac n'est pas seulement une question de performances et d'esthétique ; il a également été conçu dans le respect de l'environnement. Il est certifié ENERGY STAR et exempt de BFR, de béryllium, de mercure et de PVC, ce qui en fait un choix à la fois puissant et responsable. Avec sa forme élégante, ses options de connectivité sans fil et ses ports Thunderbolt 3/DisplayPort/USB4, il offre un espace de travail sans encombrement et sans compromis sur la fonctionnalité. Que ce soit pour le travail ou les loisirs, l'Apple iMac avec écran Retina 4,5K témoigne de l'alliance de l'esthétique, des performances et de la gestion de l'environnement.",16 Go,256 Go,SSD,Apple M4,LED,4480 x 2520 pixels,,50/60 Hz,500 cd/m²,24 pouces,Apple M4 8-core,"IEEE 802.11b, IEEE 802.11a, IEEE 802.11g, IEEE 802.11n, IEEE 802.11ac, IEEE 802.11ax (Wi-Fi 6E), Bluetooth 5.3","2 x Thunderbolt 4/USB4/DisplayPort
1 x casque","Tension de 100 à 240 V CA, Fréquence de 50 à 60 HZ","6 haut-parleurs avec woofers anti-ronflement, 3 réseaux de formation de faisceau de microphone",54.7 cm x 14.7 cm x 46.1 cm,4.42 kg,ENERGY STAR,346 kg d'émissions de carbone,,Garantie limitée - 1 an,,,Neuf,Rose,https://manystacks.s3.eu-west-3.amazonaws.com/Produits/Images/MWUG3FN%3AA.jpg,,,,,,,,, 1373.00,48.00,0
MWV43FN/A,"iMac M4 - 24""","RAM 16 Go, SSD 256 Go, Apple M4 10-core, macOS Sequoia 15.0, LED 24 pouces",Apple macOS Sequoia 15.0,Oui,"Processeur de signal d'image avancé (ISP), support de vue de bureau, 1080p, 12 Mégapixel",,ordinateurs,ordinateurs,Apple,iMac,"Découvrez l'Apple iMac avec écran Retina 4,5K, une merveille de design et de fonctionnalité qui redéfinit ce que peut être un ordinateur de bureau. Ce concentré de puissance tout-en-un est doté d'un superbe écran de 24 pouces qui donne vie aux images grâce à sa luminosité de 500 cd/m2 et à son large spectre de couleurs, pris en charge par la technologie True Tone pour une expérience visuelle plus naturelle.
Au cœur de l'appareil se trouve un processeur à 8 cœurs équipé d'un moteur neuronal à 16 cœurs, conçu pour s'attaquer facilement aux tâches exigeantes et aux projets créatifs. L'intégration d'un réseau de trois microphones et de six haut-parleurs conformes à la norme Dolby Atmos garantit que, que vous regardiez un film, écoutiez de la musique ou passiez un appel vidéo, le son est aussi immersif que les images.
Cet iMac n'est pas seulement une question de performances et d'esthétique ; il a également été conçu dans le respect de l'environnement. Il est certifié ENERGY STAR et exempt de BFR, de béryllium, de mercure et de PVC, ce qui en fait un choix à la fois puissant et responsable. Avec sa forme élégante, ses options de connectivité sans fil et ses ports Thunderbolt 3/DisplayPort/USB4, il offre un espace de travail sans encombrement et sans compromis sur la fonctionnalité. Que ce soit pour le travail ou les loisirs, l'Apple iMac avec écran Retina 4,5K témoigne de l'alliance de l'esthétique, des performances et de la gestion de l'environnement.",16 Go,256 Go,SSD,Apple M4,LED,4480 x 2520 pixels,,50/60 Hz,500 cd/m²,24 pouces,Apple M4 10-core,"Ethernet, Fast Ethernet, Gigabit Ethernet, IEEE 802.11a, IEEE 802.11b, IEEE 802.11g, IEEE 802.11n, IEEE 802.11ac, IEEE 802.11ax (Wi-Fi 6E), Bluetooth 5.3","4 x Thunderbolt 4/USB4/DisplayPort
1 x casque","Tension de 100 à 240 V CA, Fréquence de 50 à 60 HZ","6 haut-parleurs avec woofers anti-ronflement, 3 réseaux de formation de faisceau de microphone",54.7 cm x 14.7 cm x 46.1 cm,4.44 kg,ENERGY STAR,,,Garantie limitée - 1 an,,,Neuf,Rose,https://manystacks.s3.eu-west-3.amazonaws.com/Produits/Images/MWV43FN%3AA.jpg,,,,,,,,, 1602.00,55.00,0
MWV53FN/A,"iMac M4 - 24""","RAM 16 Go, SSD 512 Go, Apple M4 10-core, macOS Sequoia 15.0, LED 24 pouces",Apple macOS Sequoia 15.0,Oui,"Processeur de signal d'image avancé (ISP), support de vue de bureau, 1080p, 12 Mégapixel",,ordinateurs,ordinateurs,Apple,iMac,"Découvrez l'Apple iMac avec écran Retina 4,5K, une merveille de design et de fonctionnalité qui redéfinit ce que peut être un ordinateur de bureau. Ce concentré de puissance tout-en-un est doté d'un superbe écran de 24 pouces qui donne vie aux images grâce à sa luminosité de 500 cd/m2 et à son large spectre de couleurs, pris en charge par la technologie True Tone pour une expérience visuelle plus naturelle.
Au cœur de l'appareil se trouve un processeur à 8 cœurs équipé d'un moteur neuronal à 16 cœurs, conçu pour s'attaquer facilement aux tâches exigeantes et aux projets créatifs. L'intégration d'un réseau de trois microphones et de six haut-parleurs conformes à la norme Dolby Atmos garantit que, que vous regardiez un film, écoutiez de la musique ou passiez un appel vidéo, le son est aussi immersif que les images.
Cet iMac n'est pas seulement une question de performances et d'esthétique ; il a également été conçu dans le respect de l'environnement. Il est certifié ENERGY STAR et exempt de BFR, de béryllium, de mercure et de PVC, ce qui en fait un choix à la fois puissant et responsable. Avec sa forme élégante, ses options de connectivité sans fil et ses ports Thunderbolt 3/DisplayPort/USB4, il offre un espace de travail sans encombrement et sans compromis sur la fonctionnalité. Que ce soit pour le travail ou les loisirs, l'Apple iMac avec écran Retina 4,5K témoigne de l'alliance de l'esthétique, des performances et de la gestion de l'environnement.",16 Go,512 Go,SSD,Apple M4,LED,4480 x 2520 pixels,,50/60 Hz,500 cd/m²,24 pouces,Apple M4 10-core,"Ethernet, Fast Ethernet, Gigabit Ethernet, IEEE 802.11a, IEEE 802.11b, IEEE 802.11g, IEEE 802.11n, IEEE 802.11ac, IEEE 802.11ax (Wi-Fi 6E), Bluetooth 5.3","4 x Thunderbolt 4/USB4/DisplayPort
1 x casque","Tension de 100 à 240 V CA, Fréquence de 50 à 60 HZ","6 haut-parleurs avec woofers anti-ronflement, 3 réseaux de formation de faisceau de microphone",54.7 cm x 14.7 cm x 46.1 cm,4.44 kg,ENERGY STAR,391 kg d'émissions de carbone,,Garantie limitée - 1 an,,,Neuf,Rose,https://manystacks.s3.eu-west-3.amazonaws.com/Produits/Images/MWV53FN%3AA.jpg,,,,,,,,, 1812.00,61.00,0
MCR24FN/A,"iMac M4 - 24""","RAM 24 Go, SSD 512 Go, Apple M4 10-core,macOS Sequoia 15.0, LED 24 pouces",Apple macOS Sequoia 15.0,Oui,"Processeur de signal d'image avancé (ISP), support de vue de bureau, 1080p, 12 Mégapixel",,ordinateurs,ordinateurs,Apple,iMac,"Découvrez l'Apple iMac avec écran Retina 4,5K, une merveille de design et de fonctionnalité qui redéfinit ce que peut être un ordinateur de bureau. Ce concentré de puissance tout-en-un est doté d'un superbe écran de 24 pouces qui donne vie aux images grâce à sa luminosité de 500 cd/m2 et à son large spectre de couleurs, pris en charge par la technologie True Tone pour une expérience visuelle plus naturelle.
Au cœur de l'appareil se trouve un processeur à 8 cœurs équipé d'un moteur neuronal à 16 cœurs, conçu pour s'attaquer facilement aux tâches exigeantes et aux projets créatifs. L'intégration d'un réseau de trois microphones et de six haut-parleurs conformes à la norme Dolby Atmos garantit que, que vous regardiez un film, écoutiez de la musique ou passiez un appel vidéo, le son est aussi immersif que les images.
Cet iMac n'est pas seulement une question de performances et d'esthétique ; il a également été conçu dans le respect de l'environnement. Il est certifié ENERGY STAR et exempt de BFR, de béryllium, de mercure et de PVC, ce qui en fait un choix à la fois puissant et responsable. Avec sa forme élégante, ses options de connectivité sans fil et ses ports Thunderbolt 3/DisplayPort/USB4, il offre un espace de travail sans encombrement et sans compromis sur la fonctionnalité. Que ce soit pour le travail ou les loisirs, l'Apple iMac avec écran Retina 4,5K témoigne de l'alliance de l'esthétique, des performances et de la gestion de l'environnement.",24 Go,512 Go,SSD,Apple M4,LED,4480 x 2520 pixels,,50/60 Hz,500 cd/m²,24 pouces,Apple M4 10-core,"Ethernet, Fast Ethernet, Gigabit Ethernet, IEEE 802.11a, IEEE 802.11b, IEEE 802.11g, IEEE 802.11n, IEEE 802.11ac, IEEE 802.11ax (Wi-Fi 6E), Bluetooth 5.3","4 x Thunderbolt 4/USB4/DisplayPort
1 x casque","Tension de 100 à 240 V CA, Fréquence de 50 à 60 HZ","6 haut-parleurs avec woofers anti-ronflement, 3 réseaux de formation de faisceau de microphone",54.7 cm x 14.7 cm x 46.1 cm,4.44 kg,ENERGY STAR,391 kg d'émissions de carbone,,Garantie limitée - 1 an,,,Neuf,Argent,https://manystacks.s3.eu-west-3.amazonaws.com/Produits/Images/MCR24FN%3AA.jpg,,,,,,,,, 2023.00,68.00,0
MD2Q4FN/A,"iMac M4 - 24""","RAM 24 Go, SSD 512 Go, Apple M4 10-core, macOS Sequoia 15.0, LED 24 pouces",Apple macOS Sequoia 15.0,Oui,"Processeur de signal d'image avancé (ISP), support de vue de bureau, 1080p, 12 Mégapixel",,ordinateurs,ordinateurs,Apple,iMac,"Découvrez l'Apple iMac avec écran Retina 4,5K, une merveille de design et de fonctionnalité qui redéfinit ce que peut être un ordinateur de bureau. Ce concentré de puissance tout-en-un est doté d'un superbe écran de 24 pouces qui donne vie aux images grâce à sa luminosité de 500 cd/m2 et à son large spectre de couleurs, pris en charge par la technologie True Tone pour une expérience visuelle plus naturelle.
Au cœur de l'appareil se trouve un processeur à 8 cœurs équipé d'un moteur neuronal à 16 cœurs, conçu pour s'attaquer facilement aux tâches exigeantes et aux projets créatifs. L'intégration d'un réseau de trois microphones et de six haut-parleurs conformes à la norme Dolby Atmos garantit que, que vous regardiez un film, écoutiez de la musique ou passiez un appel vidéo, le son est aussi immersif que les images.
Cet iMac n'est pas seulement une question de performances et d'esthétique ; il a également été conçu dans le respect de l'environnement. Il est certifié ENERGY STAR et exempt de BFR, de béryllium, de mercure et de PVC, ce qui en fait un choix à la fois puissant et responsable. Avec sa forme élégante, ses options de connectivité sans fil et ses ports Thunderbolt 3/DisplayPort/USB4, il offre un espace de travail sans encombrement et sans compromis sur la fonctionnalité. Que ce soit pour le travail ou les loisirs, l'Apple iMac avec écran Retina 4,5K témoigne de l'alliance de l'esthétique, des performances et de la gestion de l'environnement.",24 Go,512 Go,SSD,Apple M4,LED,4480 x 2520 pixels,,50/60 Hz,500 cd/m²,24 pouces,Apple M4 10-core,"Ethernet, Fast Ethernet, Gigabit Ethernet, IEEE 802.11a, IEEE 802.11b, IEEE 802.11g, IEEE 802.11n, IEEE 802.11ac, IEEE 802.11ax (Wi-Fi 6E), Bluetooth 5.3","4 x Thunderbolt 4/USB4/DisplayPort
1 x casque","Tension de 100 à 240 V CA, Fréquence de 50 à 60 HZ","6 haut-parleurs avec woofers anti-ronflement, 3 réseaux de formation de faisceau de microphone",54.7 cm x 14.7 cm x 46.1 cm,4.44 kg,ENERGY STAR,391 kg d'émissions de carbone,,Garantie limitée - 1 an,,,Neuf,Vert,https://manystacks.s3.eu-west-3.amazonaws.com/Produits/Images/MD2Q4FN%3AA.jpg,,,,,,,,, 2023.00,68.00,0
MD2U4FN/A,"iMac M4 - 24""","RAM 24 Go, SSD 512 Go, Apple M4 10-core, macOS Sequoia 15.0, LED 24 pouces",Apple macOS Sequoia 15.0,Oui,"Processeur de signal d'image avancé (ISP), support de vue de bureau, 1080p, 12 Mégapixel",,ordinateurs,ordinateurs,Apple,iMac,"Découvrez l'Apple iMac avec écran Retina 4,5K, une merveille de design et de fonctionnalité qui redéfinit ce que peut être un ordinateur de bureau. Ce concentré de puissance tout-en-un est doté d'un superbe écran de 24 pouces qui donne vie aux images grâce à sa luminosité de 500 cd/m2 et à son large spectre de couleurs, pris en charge par la technologie True Tone pour une expérience visuelle plus naturelle.
Au cœur de l'appareil se trouve un processeur à 8 cœurs équipé d'un moteur neuronal à 16 cœurs, conçu pour s'attaquer facilement aux tâches exigeantes et aux projets créatifs. L'intégration d'un réseau de trois microphones et de six haut-parleurs conformes à la norme Dolby Atmos garantit que, que vous regardiez un film, écoutiez de la musique ou passiez un appel vidéo, le son est aussi immersif que les images.
Cet iMac n'est pas seulement une question de performances et d'esthétique ; il a également été conçu dans le respect de l'environnement. Il est certifié ENERGY STAR et exempt de BFR, de béryllium, de mercure et de PVC, ce qui en fait un choix à la fois puissant et responsable. Avec sa forme élégante, ses options de connectivité sans fil et ses ports Thunderbolt 3/DisplayPort/USB4, il offre un espace de travail sans encombrement et sans compromis sur la fonctionnalité. Que ce soit pour le travail ou les loisirs, l'Apple iMac avec écran Retina 4,5K témoigne de l'alliance de l'esthétique, des performances et de la gestion de l'environnement.",24 Go,512 Go,SSD,Apple M4,LED,4480 x 2520 pixels,,50/60 Hz,500 cd/m²,24 pouces,Apple M4 10-core,"Ethernet, Fast Ethernet, Gigabit Ethernet, IEEE 802.11a, IEEE 802.11b, IEEE 802.11g, IEEE 802.11n, IEEE 802.11ac, IEEE 802.11ax (Wi-Fi 6E), Bluetooth 5.3","4 x Thunderbolt 4/USB4/DisplayPort
1 x casque","Tension de 100 à 240 V CA, Fréquence de 50 à 60 HZ","6 haut-parleurs avec woofers anti-ronflement, 3 réseaux de formation de faisceau de microphone",54.7 cm x 14.7 cm x 46.1 cm,4.44 kg,ENERGY STAR,391 kg d'émissions de carbone,,Garantie limitée - 1 an,,,Neuf,Rose,https://manystacks.s3.eu-west-3.amazonaws.com/Produits/Images/MD2U4FN%3AA.jpg,,,,,,,,, 2023.00,68.00,0
Z1E3,"iMac M4 - 24""","RAM 16 Go, SSD 256 Go, Apple M4 8-core, macOS Sequoia 15.0, LED 24 pouces",Apple macOS Sequoia 15.0,Oui,"Processeur de signal d'image avancé (ISP), support de vue de bureau, 1080p, 12 Mégapixel",,ordinateurs,ordinateurs,Apple,iMac,"Découvrez l'Apple iMac avec écran Retina 4,5K, une merveille de design et de fonctionnalité qui redéfinit ce que peut être un ordinateur de bureau. Ce concentré de puissance tout-en-un est doté d'un superbe écran de 24 pouces qui donne vie aux images grâce à sa luminosité de 500 cd/m2 et à son large spectre de couleurs, pris en charge par la technologie True Tone pour une expérience visuelle plus naturelle.
Au cœur de l'appareil se trouve un processeur à 8 cœurs équipé d'un moteur neuronal à 16 cœurs, conçu pour s'attaquer facilement aux tâches exigeantes et aux projets créatifs. L'intégration d'un réseau de trois microphones et de six haut-parleurs conformes à la norme Dolby Atmos garantit que, que vous regardiez un film, écoutiez de la musique ou passiez un appel vidéo, le son est aussi immersif que les images.
Cet iMac n'est pas seulement une question de performances et d'esthétique ; il a également été conçu dans le respect de l'environnement. Il est certifié ENERGY STAR et exempt de BFR, de béryllium, de mercure et de PVC, ce qui en fait un choix à la fois puissant et responsable. Avec sa forme élégante, ses options de connectivité sans fil et ses ports Thunderbolt 3/DisplayPort/USB4, il offre un espace de travail sans encombrement et sans compromis sur la fonctionnalité. Que ce soit pour le travail ou les loisirs, l'Apple iMac avec écran Retina 4,5K témoigne de l'alliance de l'esthétique, des performances et de la gestion de l'environnement.",16 Go,256 Go,SSD,Apple M4,LED,4480 x 2520 pixels,,50/60 Hz,500 cd/m²,24 pouces,Apple M4 8-core,"IEEE 802.11b, IEEE 802.11a, IEEE 802.11g, IEEE 802.11n, IEEE 802.11ac, IEEE 802.11ax (Wi-Fi 6E), Bluetooth 5.3","2 x Thunderbolt 4/USB4/DisplayPort
1 x casque","Tension de 100 à 240 V CA, Fréquence de 50 à 60 HZ","6 haut-parleurs avec woofers anti-ronflement, 3 réseaux de formation de faisceau de microphone",54.7 cm x 14.7 cm x 46.1 cm,4.42 kg,ENERGY STAR,346 kg d'émissions de carbone,,Garantie limitée - 1 an,,,Neuf,Jaune,https://manystacks.s3.eu-west-3.amazonaws.com/Produits/Images/Z1EK.jpg,,,,,,,,, 1373.00,48.00,0
Z1EK,"iMac M4 - 24""","RAM 16 Go, SSD 256 Go, Apple M4 10-core, macOS Sequoia 15.0, LED 24 pouces",Apple macOS Sequoia 15.0,Oui,"Processeur de signal d'image avancé (ISP), support de vue de bureau, 1080p, 12 Mégapixel",,ordinateurs,ordinateurs,Apple,iMac,"Découvrez l'Apple iMac avec écran Retina 4,5K, une merveille de design et de fonctionnalité qui redéfinit ce que peut être un ordinateur de bureau. Ce concentré de puissance tout-en-un est doté d'un superbe écran de 24 pouces qui donne vie aux images grâce à sa luminosité de 500 cd/m2 et à son large spectre de couleurs, pris en charge par la technologie True Tone pour une expérience visuelle plus naturelle.
Au cœur de l'appareil se trouve un processeur à 8 cœurs équipé d'un moteur neuronal à 16 cœurs, conçu pour s'attaquer facilement aux tâches exigeantes et aux projets créatifs. L'intégration d'un réseau de trois microphones et de six haut-parleurs conformes à la norme Dolby Atmos garantit que, que vous regardiez un film, écoutiez de la musique ou passiez un appel vidéo, le son est aussi immersif que les images.
Cet iMac n'est pas seulement une question de performances et d'esthétique ; il a également été conçu dans le respect de l'environnement. Il est certifié ENERGY STAR et exempt de BFR, de béryllium, de mercure et de PVC, ce qui en fait un choix à la fois puissant et responsable. Avec sa forme élégante, ses options de connectivité sans fil et ses ports Thunderbolt 3/DisplayPort/USB4, il offre un espace de travail sans encombrement et sans compromis sur la fonctionnalité. Que ce soit pour le travail ou les loisirs, l'Apple iMac avec écran Retina 4,5K témoigne de l'alliance de l'esthétique, des performances et de la gestion de l'environnement.",16 Go,256 Go,SSD,Apple M4,LED,4480 x 2520 pixels,,50/60 Hz,500 cd/m²,24 pouces,Apple M4 10-core,"Ethernet, Fast Ethernet, Gigabit Ethernet, IEEE 802.11a, IEEE 802.11b, IEEE 802.11g, IEEE 802.11n, IEEE 802.11ac, IEEE 802.11ax (Wi-Fi 6E), Bluetooth 5.3","4 x Thunderbolt 4/USB4/DisplayPort
1 x casque","Tension de 100 à 240 V CA, Fréquence de 50 à 60 HZ","6 haut-parleurs avec woofers anti-ronflement, 3 réseaux de formation de faisceau de microphone",54.7 cm x 14.7 cm x 46.1 cm,4.44 kg,ENERGY STAR,,,Garantie limitée - 1 an,,,Neuf,Jaune,https://manystacks.s3.eu-west-3.amazonaws.com/Produits/Images/Z1EK.jpg,,,,,,,,, 1602.00,55.00,0
Z1EL,"iMac M4 - 24""","RAM 16 Go, SSD 512 Go, Apple M4 10-core, macOS Sequoia 15.0, LED 24 pouces",Apple macOS Sequoia 15.0,Oui,"Processeur de signal d'image avancé (ISP), support de vue de bureau, 1080p, 12 Mégapixel",,ordinateurs,ordinateurs,Apple,iMac,"Découvrez l'Apple iMac avec écran Retina 4,5K, une merveille de design et de fonctionnalité qui redéfinit ce que peut être un ordinateur de bureau. Ce concentré de puissance tout-en-un est doté d'un superbe écran de 24 pouces qui donne vie aux images grâce à sa luminosité de 500 cd/m2 et à son large spectre de couleurs, pris en charge par la technologie True Tone pour une expérience visuelle plus naturelle.
Au cœur de l'appareil se trouve un processeur à 8 cœurs équipé d'un moteur neuronal à 16 cœurs, conçu pour s'attaquer facilement aux tâches exigeantes et aux projets créatifs. L'intégration d'un réseau de trois microphones et de six haut-parleurs conformes à la norme Dolby Atmos garantit que, que vous regardiez un film, écoutiez de la musique ou passiez un appel vidéo, le son est aussi immersif que les images.
Cet iMac n'est pas seulement une question de performances et d'esthétique ; il a également été conçu dans le respect de l'environnement. Il est certifié ENERGY STAR et exempt de BFR, de béryllium, de mercure et de PVC, ce qui en fait un choix à la fois puissant et responsable. Avec sa forme élégante, ses options de connectivité sans fil et ses ports Thunderbolt 3/DisplayPort/USB4, il offre un espace de travail sans encombrement et sans compromis sur la fonctionnalité. Que ce soit pour le travail ou les loisirs, l'Apple iMac avec écran Retina 4,5K témoigne de l'alliance de l'esthétique, des performances et de la gestion de l'environnement.",16 Go,512 Go,SSD,Apple M4,LED,4480 x 2520 pixels,,50/60 Hz,500 cd/m²,24 pouces,Apple M4 10-core,"Ethernet, Fast Ethernet, Gigabit Ethernet, IEEE 802.11a, IEEE 802.11b, IEEE 802.11g, IEEE 802.11n, IEEE 802.11ac, IEEE 802.11ax (Wi-Fi 6E), Bluetooth 5.3","4 x Thunderbolt 4/USB4/DisplayPort
1 x casque","Tension de 100 à 240 V CA, Fréquence de 50 à 60 HZ","6 haut-parleurs avec woofers anti-ronflement, 3 réseaux de formation de faisceau de microphone",54.7 cm x 14.7 cm x 46.1 cm,4.44 kg,ENERGY STAR,391 kg d'émissions de carbone,,Garantie limitée - 1 an,,,Neuf,Jaune,https://manystacks.s3.eu-west-3.amazonaws.com/Produits/Images/Z1EL.jpg,,,,,,,,, 1812.00,61.00,0
Z1K2,"iMac M4 - 24""","RAM 24 Go, SSD 512 Go, Apple M4 10-core, macOS Sequoia 15.0, LED 24 pouces",Apple macOS Sequoia 15.0,Oui,"Processeur de signal d'image avancé (ISP), support de vue de bureau, 1080p, 12 Mégapixel",,ordinateurs,ordinateurs,Apple,iMac,"Découvrez l'Apple iMac avec écran Retina 4,5K, une merveille de design et de fonctionnalité qui redéfinit ce que peut être un ordinateur de bureau. Ce concentré de puissance tout-en-un est doté d'un superbe écran de 24 pouces qui donne vie aux images grâce à sa luminosité de 500 cd/m2 et à son large spectre de couleurs, pris en charge par la technologie True Tone pour une expérience visuelle plus naturelle.
Au cœur de l'appareil se trouve un processeur à 8 cœurs équipé d'un moteur neuronal à 16 cœurs, conçu pour s'attaquer facilement aux tâches exigeantes et aux projets créatifs. L'intégration d'un réseau de trois microphones et de six haut-parleurs conformes à la norme Dolby Atmos garantit que, que vous regardiez un film, écoutiez de la musique ou passiez un appel vidéo, le son est aussi immersif que les images.
Cet iMac n'est pas seulement une question de performances et d'esthétique ; il a également été conçu dans le respect de l'environnement. Il est certifié ENERGY STAR et exempt de BFR, de béryllium, de mercure et de PVC, ce qui en fait un choix à la fois puissant et responsable. Avec sa forme élégante, ses options de connectivité sans fil et ses ports Thunderbolt 3/DisplayPort/USB4, il offre un espace de travail sans encombrement et sans compromis sur la fonctionnalité. Que ce soit pour le travail ou les loisirs, l'Apple iMac avec écran Retina 4,5K témoigne de l'alliance de l'esthétique, des performances et de la gestion de l'environnement.",24 Go,512 Go,SSD,Apple M4,LED,4480 x 2520 pixels,,50/60 Hz,500 cd/m²,24 pouces,Apple M4 10-core,"Ethernet, Fast Ethernet, Gigabit Ethernet, IEEE 802.11a, IEEE 802.11b, IEEE 802.11g, IEEE 802.11n, IEEE 802.11ac, IEEE 802.11ax (Wi-Fi 6E), Bluetooth 5.3","4 x Thunderbolt 4/USB4/DisplayPort
1 x casque","Tension de 100 à 240 V CA, Fréquence de 50 à 60 HZ","6 haut-parleurs avec woofers anti-ronflement, 3 réseaux de formation de faisceau de microphone",54.7 cm x 14.7 cm x 46.1 cm,4.44 kg,ENERGY STAR,391 kg d'émissions de carbone,,Garantie limitée - 1 an,,,Neuf,Jaune,https://manystacks.s3.eu-west-3.amazonaws.com/Produits/Images/Z1K2.jpg,,,,,,,,, 2023.00,68.00,0
Z1E7,"iMac M4 - 24""","RAM 16 Go, SSD 256 Go, Apple M4 8-core, macOS Sequoia 15.0, LED 24 pouces",Apple macOS Sequoia 15.0,Oui,"Processeur de signal d'image avancé (ISP), support de vue de bureau, 1080p, 12 Mégapixel",,ordinateurs,ordinateurs,Apple,iMac,"Découvrez l'Apple iMac avec écran Retina 4,5K, une merveille de design et de fonctionnalité qui redéfinit ce que peut être un ordinateur de bureau. Ce concentré de puissance tout-en-un est doté d'un superbe écran de 24 pouces qui donne vie aux images grâce à sa luminosité de 500 cd/m2 et à son large spectre de couleurs, pris en charge par la technologie True Tone pour une expérience visuelle plus naturelle.
Au cœur de l'appareil se trouve un processeur à 8 cœurs équipé d'un moteur neuronal à 16 cœurs, conçu pour s'attaquer facilement aux tâches exigeantes et aux projets créatifs. L'intégration d'un réseau de trois microphones et de six haut-parleurs conformes à la norme Dolby Atmos garantit que, que vous regardiez un film, écoutiez de la musique ou passiez un appel vidéo, le son est aussi immersif que les images.
Cet iMac n'est pas seulement une question de performances et d'esthétique ; il a également été conçu dans le respect de l'environnement. Il est certifié ENERGY STAR et exempt de BFR, de béryllium, de mercure et de PVC, ce qui en fait un choix à la fois puissant et responsable. Avec sa forme élégante, ses options de connectivité sans fil et ses ports Thunderbolt 3/DisplayPort/USB4, il offre un espace de travail sans encombrement et sans compromis sur la fonctionnalité. Que ce soit pour le travail ou les loisirs, l'Apple iMac avec écran Retina 4,5K témoigne de l'alliance de l'esthétique, des performances et de la gestion de l'environnement.",16 Go,256 Go,SSD,Apple M4,LED,4480 x 2520 pixels,,50/60 Hz,500 cd/m²,24 pouces,Apple M4 8-core,"IEEE 802.11b, IEEE 802.11a, IEEE 802.11g, IEEE 802.11n, IEEE 802.11ac, IEEE 802.11ax (Wi-Fi 6E), Bluetooth 5.3","2 x Thunderbolt 4/USB4/DisplayPort
1 x casque","Tension de 100 à 240 V CA, Fréquence de 50 à 60 HZ","6 haut-parleurs avec woofers anti-ronflement, 3 réseaux de formation de faisceau de microphone",54.7 cm x 14.7 cm x 46.1 cm,4.42 kg,ENERGY STAR,346 kg d'émissions de carbone,,Garantie limitée - 1 an,,,Neuf,Violet,https://manystacks.s3.eu-west-3.amazonaws.com/Produits/Images/Z1E7.jpg,,,,,,,,, 1373.00,48.00,0
Z1ET,"iMac M4 - 24""","RAM 16 Go, SSD 256 Go, Apple M4 10-core, macOS Sequoia 15.0, LED 24 pouces",Apple macOS Sequoia 15.0,Oui,"Processeur de signal d'image avancé (ISP), support de vue de bureau, 1080p, 12 Mégapixel",,ordinateurs,ordinateurs,Apple,iMac,"Découvrez l'Apple iMac avec écran Retina 4,5K, une merveille de design et de fonctionnalité qui redéfinit ce que peut être un ordinateur de bureau. Ce concentré de puissance tout-en-un est doté d'un superbe écran de 24 pouces qui donne vie aux images grâce à sa luminosité de 500 cd/m2 et à son large spectre de couleurs, pris en charge par la technologie True Tone pour une expérience visuelle plus naturelle.
Au cœur de l'appareil se trouve un processeur à 8 cœurs équipé d'un moteur neuronal à 16 cœurs, conçu pour s'attaquer facilement aux tâches exigeantes et aux projets créatifs. L'intégration d'un réseau de trois microphones et de six haut-parleurs conformes à la norme Dolby Atmos garantit que, que vous regardiez un film, écoutiez de la musique ou passiez un appel vidéo, le son est aussi immersif que les images.
Cet iMac n'est pas seulement une question de performances et d'esthétique ; il a également été conçu dans le respect de l'environnement. Il est certifié ENERGY STAR et exempt de BFR, de béryllium, de mercure et de PVC, ce qui en fait un choix à la fois puissant et responsable. Avec sa forme élégante, ses options de connectivité sans fil et ses ports Thunderbolt 3/DisplayPort/USB4, il offre un espace de travail sans encombrement et sans compromis sur la fonctionnalité. Que ce soit pour le travail ou les loisirs, l'Apple iMac avec écran Retina 4,5K témoigne de l'alliance de l'esthétique, des performances et de la gestion de l'environnement.",16 Go,256 Go,SSD,Apple M4,LED,4480 x 2520 pixels,,50/60 Hz,500 cd/m²,24 pouces,Apple M4 10-core,"Ethernet, Fast Ethernet, Gigabit Ethernet, IEEE 802.11a, IEEE 802.11b, IEEE 802.11g, IEEE 802.11n, IEEE 802.11ac, IEEE 802.11ax (Wi-Fi 6E), Bluetooth 5.3","4 x Thunderbolt 4/USB4/DisplayPort
1 x casque","Tension de 100 à 240 V CA, Fréquence de 50 à 60 HZ","6 haut-parleurs avec woofers anti-ronflement, 3 réseaux de formation de faisceau de microphone",54.7 cm x 14.7 cm x 46.1 cm,4.44 kg,ENERGY STAR,,,Garantie limitée - 1 an,,,Neuf,Violet,https://manystacks.s3.eu-west-3.amazonaws.com/Produits/Images/Z1ET.jpg,,,,,,,,, 1602.00,55.00,0
Z1EU,"iMac M4 - 24""","RAM 16 Go, SSD 512 Go, Apple M4 10-core, macOS Sequoia 15.0, LED 24 pouces",Apple macOS Sequoia 15.0,Oui,"Processeur de signal d'image avancé (ISP), support de vue de bureau, 1080p, 12 Mégapixel",,ordinateurs,ordinateurs,Apple,iMac,"Découvrez l'Apple iMac avec écran Retina 4,5K, une merveille de design et de fonctionnalité qui redéfinit ce que peut être un ordinateur de bureau. Ce concentré de puissance tout-en-un est doté d'un superbe écran de 24 pouces qui donne vie aux images grâce à sa luminosité de 500 cd/m2 et à son large spectre de couleurs, pris en charge par la technologie True Tone pour une expérience visuelle plus naturelle.
Au cœur de l'appareil se trouve un processeur à 8 cœurs équipé d'un moteur neuronal à 16 cœurs, conçu pour s'attaquer facilement aux tâches exigeantes et aux projets créatifs. L'intégration d'un réseau de trois microphones et de six haut-parleurs conformes à la norme Dolby Atmos garantit que, que vous regardiez un film, écoutiez de la musique ou passiez un appel vidéo, le son est aussi immersif que les images.
Cet iMac n'est pas seulement une question de performances et d'esthétique ; il a également été conçu dans le respect de l'environnement. Il est certifié ENERGY STAR et exempt de BFR, de béryllium, de mercure et de PVC, ce qui en fait un choix à la fois puissant et responsable. Avec sa forme élégante, ses options de connectivité sans fil et ses ports Thunderbolt 3/DisplayPort/USB4, il offre un espace de travail sans encombrement et sans compromis sur la fonctionnalité. Que ce soit pour le travail ou les loisirs, l'Apple iMac avec écran Retina 4,5K témoigne de l'alliance de l'esthétique, des performances et de la gestion de l'environnement.",16 Go,512 Go,SSD,Apple M4,LED,4480 x 2520 pixels,,50/60 Hz,500 cd/m²,24 pouces,Apple M4 10-core,"Ethernet, Fast Ethernet, Gigabit Ethernet, IEEE 802.11a, IEEE 802.11b, IEEE 802.11g, IEEE 802.11n, IEEE 802.11ac, IEEE 802.11ax (Wi-Fi 6E), Bluetooth 5.3","4 x Thunderbolt 4/USB4/DisplayPort
1 x casque","Tension de 100 à 240 V CA, Fréquence de 50 à 60 HZ","6 haut-parleurs avec woofers anti-ronflement, 3 réseaux de formation de faisceau de microphone",54.7 cm x 14.7 cm x 46.1 cm,4.44 kg,ENERGY STAR,391 kg d'émissions de carbone,,Garantie limitée - 1 an,,,Neuf,Violet,https://manystacks.s3.eu-west-3.amazonaws.com/Produits/Images/Z1EU.jpg,,,,,,,,, 1812.00,61.00,0
Z1K7,"iMac M4 - 24""","RAM 24 Go, SSD 512 Go, Apple M4 10-core, macOS Sequoia 15.0, LED 24 pouces",Apple macOS Sequoia 15.0,Oui,"Processeur de signal d'image avancé (ISP), support de vue de bureau, 1080p, 12 Mégapixel",,ordinateurs,ordinateurs,Apple,iMac,"Découvrez l'Apple iMac avec écran Retina 4,5K, une merveille de design et de fonctionnalité qui redéfinit ce que peut être un ordinateur de bureau. Ce concentré de puissance tout-en-un est doté d'un superbe écran de 24 pouces qui donne vie aux images grâce à sa luminosité de 500 cd/m2 et à son large spectre de couleurs, pris en charge par la technologie True Tone pour une expérience visuelle plus naturelle.
Au cœur de l'appareil se trouve un processeur à 8 cœurs équipé d'un moteur neuronal à 16 cœurs, conçu pour s'attaquer facilement aux tâches exigeantes et aux projets créatifs. L'intégration d'un réseau de trois microphones et de six haut-parleurs conformes à la norme Dolby Atmos garantit que, que vous regardiez un film, écoutiez de la musique ou passiez un appel vidéo, le son est aussi immersif que les images.
Cet iMac n'est pas seulement une question de performances et d'esthétique ; il a également été conçu dans le respect de l'environnement. Il est certifié ENERGY STAR et exempt de BFR, de béryllium, de mercure et de PVC, ce qui en fait un choix à la fois puissant et responsable. Avec sa forme élégante, ses options de connectivité sans fil et ses ports Thunderbolt 3/DisplayPort/USB4, il offre un espace de travail sans encombrement et sans compromis sur la fonctionnalité. Que ce soit pour le travail ou les loisirs, l'Apple iMac avec écran Retina 4,5K témoigne de l'alliance de l'esthétique, des performances et de la gestion de l'environnement.",24 Go,512 Go,SSD,Apple M4,LED,4480 x 2520 pixels,,50/60 Hz,500 cd/m²,24 pouces,Apple M4 10-core,"Ethernet, Fast Ethernet, Gigabit Ethernet, IEEE 802.11a, IEEE 802.11b, IEEE 802.11g, IEEE 802.11n, IEEE 802.11ac, IEEE 802.11ax (Wi-Fi 6E), Bluetooth 5.3","4 x Thunderbolt 4/USB4/DisplayPort
1 x casque","Tension de 100 à 240 V CA, Fréquence de 50 à 60 HZ","6 haut-parleurs avec woofers anti-ronflement, 3 réseaux de formation de faisceau de microphone",54.7 cm x 14.7 cm x 46.1 cm,4.44 kg,ENERGY STAR,391 kg d'émissions de carbone,,Garantie limitée - 1 an,,,Neuf,Violet,https://manystacks.s3.eu-west-3.amazonaws.com/Produits/Images/Z1K7.jpg,,,,,,,,, 2023.00,68.00,0
Z1E8,"iMac M4 - 24""","RAM 16 Go, SSD 256 Go, Apple M4 8-core, macOS Sequoia 15.0, LED 24 pouces",Apple macOS Sequoia 15.0,Oui,"Processeur de signal d'image avancé (ISP), support de vue de bureau, 1080p, 12 Mégapixel",,ordinateurs,ordinateurs,Apple,iMac,"Découvrez l'Apple iMac avec écran Retina 4,5K, une merveille de design et de fonctionnalité qui redéfinit ce que peut être un ordinateur de bureau. Ce concentré de puissance tout-en-un est doté d'un superbe écran de 24 pouces qui donne vie aux images grâce à sa luminosité de 500 cd/m2 et à son large spectre de couleurs, pris en charge par la technologie True Tone pour une expérience visuelle plus naturelle.
Au cœur de l'appareil se trouve un processeur à 8 cœurs équipé d'un moteur neuronal à 16 cœurs, conçu pour s'attaquer facilement aux tâches exigeantes et aux projets créatifs. L'intégration d'un réseau de trois microphones et de six haut-parleurs conformes à la norme Dolby Atmos garantit que, que vous regardiez un film, écoutiez de la musique ou passiez un appel vidéo, le son est aussi immersif que les images.
Cet iMac n'est pas seulement une question de performances et d'esthétique ; il a également été conçu dans le respect de l'environnement. Il est certifié ENERGY STAR et exempt de BFR, de béryllium, de mercure et de PVC, ce qui en fait un choix à la fois puissant et responsable. Avec sa forme élégante, ses options de connectivité sans fil et ses ports Thunderbolt 3/DisplayPort/USB4, il offre un espace de travail sans encombrement et sans compromis sur la fonctionnalité. Que ce soit pour le travail ou les loisirs, l'Apple iMac avec écran Retina 4,5K témoigne de l'alliance de l'esthétique, des performances et de la gestion de l'environnement.",16 Go,256 Go,SSD,Apple M4,LED,4480 x 2520 pixels,,50/60 Hz,500 cd/m²,24 pouces,Apple M4 8-core,"IEEE 802.11b, IEEE 802.11a, IEEE 802.11g, IEEE 802.11n, IEEE 802.11ac, IEEE 802.11ax (Wi-Fi 6E), Bluetooth 5.3","2 x Thunderbolt 4/USB4/DisplayPort
1 x casque","Tension de 100 à 240 V CA, Fréquence de 50 à 60 HZ","6 haut-parleurs avec woofers anti-ronflement, 3 réseaux de formation de faisceau de microphone",54.7 cm x 14.7 cm x 46.1 cm,4.42 kg,ENERGY STAR,346 kg d'émissions de carbone,,Garantie limitée - 1 an,,,Neuf,Orange,https://manystacks.s3.eu-west-3.amazonaws.com/Produits/Images/Z1E8.jpg,,,,,,,,, 1373.00,48.00,0
Z1EV,"iMac M4 - 24""","RAM 16 Go, SSD 256 Go, Apple M4 10-core, macOS Sequoia 15.0, LED 24 pouces",Apple macOS Sequoia 15.0,Oui,"Processeur de signal d'image avancé (ISP), support de vue de bureau, 1080p, 12 Mégapixel",,ordinateurs,ordinateurs,Apple,iMac,"Découvrez l'Apple iMac avec écran Retina 4,5K, une merveille de design et de fonctionnalité qui redéfinit ce que peut être un ordinateur de bureau. Ce concentré de puissance tout-en-un est doté d'un superbe écran de 24 pouces qui donne vie aux images grâce à sa luminosité de 500 cd/m2 et à son large spectre de couleurs, pris en charge par la technologie True Tone pour une expérience visuelle plus naturelle.
Au cœur de l'appareil se trouve un processeur à 8 cœurs équipé d'un moteur neuronal à 16 cœurs, conçu pour s'attaquer facilement aux tâches exigeantes et aux projets créatifs. L'intégration d'un réseau de trois microphones et de six haut-parleurs conformes à la norme Dolby Atmos garantit que, que vous regardiez un film, écoutiez de la musique ou passiez un appel vidéo, le son est aussi immersif que les images.
Cet iMac n'est pas seulement une question de performances et d'esthétique ; il a également été conçu dans le respect de l'environnement. Il est certifié ENERGY STAR et exempt de BFR, de béryllium, de mercure et de PVC, ce qui en fait un choix à la fois puissant et responsable. Avec sa forme élégante, ses options de connectivité sans fil et ses ports Thunderbolt 3/DisplayPort/USB4, il offre un espace de travail sans encombrement et sans compromis sur la fonctionnalité. Que ce soit pour le travail ou les loisirs, l'Apple iMac avec écran Retina 4,5K témoigne de l'alliance de l'esthétique, des performances et de la gestion de l'environnement.",16 Go,256 Go,SSD,Apple M4,LED,4480 x 2520 pixels,,50/60 Hz,500 cd/m²,24 pouces,Apple M4 10-core,"Ethernet, Fast Ethernet, Gigabit Ethernet, IEEE 802.11a, IEEE 802.11b, IEEE 802.11g, IEEE 802.11n, IEEE 802.11ac, IEEE 802.11ax (Wi-Fi 6E), Bluetooth 5.3","4 x Thunderbolt 4/USB4/DisplayPort
1 x casque","Tension de 100 à 240 V CA, Fréquence de 50 à 60 HZ","6 haut-parleurs avec woofers anti-ronflement, 3 réseaux de formation de faisceau de microphone",54.7 cm x 14.7 cm x 46.1 cm,4.44 kg,ENERGY STAR,,,Garantie limitée - 1 an,,,Neuf,Orange,https://manystacks.s3.eu-west-3.amazonaws.com/Produits/Images/Z1EV.jpg,,,,,,,,, 1602.00,55.00,0
Z1EW,"iMac M4 - 24""","RAM 16 Go, SSD 512 Go, Apple M4 10-core, macOS Sequoia 15.0, LED 24 pouces",Apple macOS Sequoia 15.0,Oui,"Processeur de signal d'image avancé (ISP), support de vue de bureau, 1080p, 12 Mégapixel",,ordinateurs,ordinateurs,Apple,iMac,"Découvrez l'Apple iMac avec écran Retina 4,5K, une merveille de design et de fonctionnalité qui redéfinit ce que peut être un ordinateur de bureau. Ce concentré de puissance tout-en-un est doté d'un superbe écran de 24 pouces qui donne vie aux images grâce à sa luminosité de 500 cd/m2 et à son large spectre de couleurs, pris en charge par la technologie True Tone pour une expérience visuelle plus naturelle.
Au cœur de l'appareil se trouve un processeur à 8 cœurs équipé d'un moteur neuronal à 16 cœurs, conçu pour s'attaquer facilement aux tâches exigeantes et aux projets créatifs. L'intégration d'un réseau de trois microphones et de six haut-parleurs conformes à la norme Dolby Atmos garantit que, que vous regardiez un film, écoutiez de la musique ou passiez un appel vidéo, le son est aussi immersif que les images.
Cet iMac n'est pas seulement une question de performances et d'esthétique ; il a également été conçu dans le respect de l'environnement. Il est certifié ENERGY STAR et exempt de BFR, de béryllium, de mercure et de PVC, ce qui en fait un choix à la fois puissant et responsable. Avec sa forme élégante, ses options de connectivité sans fil et ses ports Thunderbolt 3/DisplayPort/USB4, il offre un espace de travail sans encombrement et sans compromis sur la fonctionnalité. Que ce soit pour le travail ou les loisirs, l'Apple iMac avec écran Retina 4,5K témoigne de l'alliance de l'esthétique, des performances et de la gestion de l'environnement.",16 Go,512 Go,SSD,Apple M4,LED,4480 x 2520 pixels,,50/60 Hz,500 cd/m²,24 pouces,Apple M4 10-core,"Ethernet, Fast Ethernet, Gigabit Ethernet, IEEE 802.11a, IEEE 802.11b, IEEE 802.11g, IEEE 802.11n, IEEE 802.11ac, IEEE 802.11ax (Wi-Fi 6E), Bluetooth 5.3","4 x Thunderbolt 4/USB4/DisplayPort
1 x casque","Tension de 100 à 240 V CA, Fréquence de 50 à 60 HZ","6 haut-parleurs avec woofers anti-ronflement, 3 réseaux de formation de faisceau de microphone",54.7 cm x 14.7 cm x 46.1 cm,4.44 kg,ENERGY STAR,391 kg d'émissions de carbone,,Garantie limitée - 1 an,,,Neuf,Orange,https://manystacks.s3.eu-west-3.amazonaws.com/Produits/Images/Z1EW.jpg,,,,,,,,, 1812.00,61.00,0
Z1K8,"iMac M4 - 24""","RAM 24 Go, SSD 512 Go, Apple M4 10-core, macOS Sequoia 15.0, LED 24 pouces",Apple macOS Sequoia 15.0,Oui,"Processeur de signal d'image avancé (ISP), support de vue de bureau, 1080p, 12 Mégapixel",,ordinateurs,ordinateurs,Apple,iMac,"Découvrez l'Apple iMac avec écran Retina 4,5K, une merveille de design et de fonctionnalité qui redéfinit ce que peut être un ordinateur de bureau. Ce concentré de puissance tout-en-un est doté d'un superbe écran de 24 pouces qui donne vie aux images grâce à sa luminosité de 500 cd/m2 et à son large spectre de couleurs, pris en charge par la technologie True Tone pour une expérience visuelle plus naturelle.
Au cœur de l'appareil se trouve un processeur à 8 cœurs équipé d'un moteur neuronal à 16 cœurs, conçu pour s'attaquer facilement aux tâches exigeantes et aux projets créatifs. L'intégration d'un réseau de trois microphones et de six haut-parleurs conformes à la norme Dolby Atmos garantit que, que vous regardiez un film, écoutiez de la musique ou passiez un appel vidéo, le son est aussi immersif que les images.
Cet iMac n'est pas seulement une question de performances et d'esthétique ; il a également été conçu dans le respect de l'environnement. Il est certifié ENERGY STAR et exempt de BFR, de béryllium, de mercure et de PVC, ce qui en fait un choix à la fois puissant et responsable. Avec sa forme élégante, ses options de connectivité sans fil et ses ports Thunderbolt 3/DisplayPort/USB4, il offre un espace de travail sans encombrement et sans compromis sur la fonctionnalité. Que ce soit pour le travail ou les loisirs, l'Apple iMac avec écran Retina 4,5K témoigne de l'alliance de l'esthétique, des performances et de la gestion de l'environnement.",24 Go,512 Go,SSD,Apple M4,LED,4480 x 2520 pixels,,50/60 Hz,500 cd/m²,24 pouces,Apple M4 10-core,"Ethernet, Fast Ethernet, Gigabit Ethernet, IEEE 802.11a, IEEE 802.11b, IEEE 802.11g, IEEE 802.11n, IEEE 802.11ac, IEEE 802.11ax (Wi-Fi 6E), Bluetooth 5.3","4 x Thunderbolt 4/USB4/DisplayPort
1 x casque","Tension de 100 à 240 V CA, Fréquence de 50 à 60 HZ","6 haut-parleurs avec woofers anti-ronflement, 3 réseaux de formation de faisceau de microphone",54.7 cm x 14.7 cm x 46.1 cm,4.44 kg,ENERGY STAR,391 kg d'émissions de carbone,,Garantie limitée - 1 an,,,Neuf,Orange,https://manystacks.s3.eu-west-3.amazonaws.com/Produits/Images/Z1K8.jpg,,,,,,,,, 2023.00,68.00,0
MWV03FN/A,"iMac M4 - 24""","RAM 16 Go, SSD 512 Go, Apple M4 10-core, macOS Sequoia 15.0, LED 24 pouces",Apple macOS Sequoia 15.0,Oui,"Processeur de signal d'image avancé (ISP), support de vue de bureau, 1080p, 12 Mégapixel",,ordinateurs,ordinateurs,Apple,iMac,"Découvrez l'Apple iMac avec écran Retina 4,5K, une merveille de design et de fonctionnalité qui redéfinit ce que peut être un ordinateur de bureau. Ce concentré de puissance tout-en-un est doté d'un superbe écran de 24 pouces qui donne vie aux images grâce à sa luminosité de 500 cd/m2 et à son large spectre de couleurs, pris en charge par la technologie True Tone pour une expérience visuelle plus naturelle.
Au cœur de l'appareil se trouve un processeur à 8 cœurs équipé d'un moteur neuronal à 16 cœurs, conçu pour s'attaquer facilement aux tâches exigeantes et aux projets créatifs. L'intégration d'un réseau de trois microphones et de six haut-parleurs conformes à la norme Dolby Atmos garantit que, que vous regardiez un film, écoutiez de la musique ou passiez un appel vidéo, le son est aussi immersif que les images.
Cet iMac n'est pas seulement une question de performances et d'esthétique ; il a également été conçu dans le respect de l'environnement. Il est certifié ENERGY STAR et exempt de BFR, de béryllium, de mercure et de PVC, ce qui en fait un choix à la fois puissant et responsable. Avec sa forme élégante, ses options de connectivité sans fil et ses ports Thunderbolt 3/DisplayPort/USB4, il offre un espace de travail sans encombrement et sans compromis sur la fonctionnalité. Que ce soit pour le travail ou les loisirs, l'Apple iMac avec écran Retina 4,5K témoigne de l'alliance de l'esthétique, des performances et de la gestion de l'environnement.",16 Go,512 Go,SSD,Apple M4,LED,4480 x 2520 pixels,,50/60 Hz,500 cd/m²,24 pouces,Apple M4 10-core,"Ethernet, Fast Ethernet, Gigabit Ethernet, IEEE 802.11a, IEEE 802.11b, IEEE 802.11g, IEEE 802.11n, IEEE 802.11ac, IEEE 802.11ax (Wi-Fi 6E), Bluetooth 5.3","4 x Thunderbolt 4/USB4/DisplayPort
1 x casque","Tension de 100 à 240 V CA, Fréquence de 50 à 60 HZ","6 haut-parleurs avec woofers anti-ronflement, 3 réseaux de formation de faisceau de microphone",54.7 cm x 14.7 cm x 46.1 cm,4.44 kg,ENERGY STAR,391 kg d'émissions de carbone,,Garantie limitée - 1 an,,,Neuf,Vert,https://manystacks.s3.eu-west-3.amazonaws.com/Produits/Images/MWV03FN%3AA.jpg,,,,,,,,, 1687.00,57.00,0
9Y7E7ET#ABF,"HP ProBook 460 G11 - 16""","8 Go RAM, SSD 256 Go, Intel Core Ultra 5, IPS, 16 pouces",Win 11 Pro - Anglais/Français,Oui,"1080p, Volet de discretion, Full HD",,ordinateurs,ordinateurs,HP,ProBook,"Avec la gamme de PC professionnels HP ProBook aux allures chic et trendy, le pro aussi se fait beau! Oublié le superflu, pour cette série, les experts HP ont misé sur un design sobre et épuré. Parce qu'après tout, le pro aussi a le droit d'être beau! L'esthétique raffinée de cette gamme n'enlève rien à ses fonctionnalités et à son efficacité.",8 Go,256 Go,SSD,Intel Core Ultra 5,IPS,1920 x 1200 pixels,,,300 cd/m²,16 pouces,Intel Graphics,"Wi-Fi 6E, Bluetooth 5.3","2 x USB-C 3.2 Gen 2x2 (supports DisplayPort 1.4 Alt Mode) (Power Delivery, Sleep & Charge)
USB 3.2 Gen 1 (charge)
USB 3.2 Gen 1 (alimenté)
HDMI
LAN (RJ-45)
Prise combo casque/microphone",,"Deux haut-parleurs stéréo, double tableau de microphone",35.94 cm x 25.11 cm x 1.7 cm,1.74 kg,ENERGY STAR,,Français (AZERTY),Garantie limitée - 1 an,,,Neuf,Argent de brochet,https://manystacks.s3.eu-west-3.amazonaws.com/Produits/Images/9Y7E7ET%23ABF.jpg,,,,,,,,, 824.00,28.00,0
9Y7F3ET#ABF,"HP ProBook 440 G11 - 14""","8 Go RAM, SSD 256 Go, Intel Core Ultra 5, IPS, 14 pouces",Windows 11 Pro - Anglais/Français,Oui,,,ordinateurs,ordinateurs,HP,ProBook,"Avec la gamme de PC professionnels HP ProBook aux allures chic et trendy, le pro aussi se fait beau! Oublié le superflu, pour cette série, les experts HP ont misé sur un design sobre et épuré. Parce qu'après tout, le pro aussi a le droit d'être beau! L'esthétique raffinée de cette gamme n'enlève rien à ses fonctionnalités et à son efficacité.",8 Go,256 Go,SSD,Intel Core Ultra 5,IPS,1920 x 1200 pixels,,60 Hz,300 cd/m²,14pouces,Intel Graphics,"Wi-Fi 6E, Bluetooth 5.3","2 x USB-C 3.2 Gen 2 (supports DisplayPort 1.4 Alt Mode) (Power Delivery, Sleep & Charge)
USB 3.2 Gen 1 (alimenté)","Tension de 100 à 240 V CA, Fréquence de 50 à 60 HZ","Deux haut-parleurs stéréo, double tableau de microphone",6.9 cm x 44.9 cm x 30.5 cm,1.39 kg,ENERGY STAR,,Français (AZERTY),Garantie limitée - 1 an,,,Neuf,Argent de brochet,https://manystacks.s3.eu-west-3.amazonaws.com/Produits/Images/9Y7F3ET%23ABF.jpg,,,,,,,,, 861.00,30.00,0
9M4D8AT#ABF,HP Dragonfly G4 Notebook,"16 Go RAM, SSD 512 Go , Intel Core i7, IPS, 13.5pouces",Win 11 Home - Anglais/Français,Oui,"Vue à 88°, HP Auto Frame, caméra IR, HP Camera Privacy Key",,ordinateurs,ordinateurs,HP,Notebook,"Dynamisez votre marque personnelle avec le HP Dragonfly. Ce PC magnifiquement conçu utilise le processeur Intel Core, offre des expériences audio et vidéo améliorées par HP Presence, des boîtiers fabriqués à partir de 90 pour cent de magnésium recyclé, et vous aide à vous protéger avec HP Wolf Security.",16 Go,512 Go,SSD,Intel Core i7,IPS,1920 x 1280pixels,,,400 cd/m²,13.5 pouces,Carte graphique Intel Iris Xe,"Wi-Fi 6E, Bluetooth 5.3","2 x USB4 (supports Thunderbolt 4, DisplayPort 1.4 Alt Mode) (Power Delivery)
USB 3.2 Gen 1 (charge)
HDMI
Prise combo casque/microphone",CA 100-240 V (50/60 Hz),"Deux tweeters, deux haut-parleurs",29.74 cm x 22.04 cm x 1.64 cm,990 g,ENERGY STAR,,Français (AZERTY),Garantie limitée - 1 an,,,Neuf,Bleu ardoise,https://manystacks.s3.eu-west-3.amazonaws.com/Produits/Images/9M4D8AT%23ABF.jpg,,,,,,,,, 1419.00,48.00,0
9Y7F6ET#ABF,"HP ProBook 465 G11 - 16""","8 Go RAM,SSD 512 Go , AMD Ryzen 5, IPS, 16pouces",Win 11 Pro - Anglais/Français,Oui,Volet de discretion,,ordinateurs,ordinateurs,HP,ProBook,"Avec la gamme de PC professionnels HP ProBook aux allures chic et trendy, le pro aussi se fait beau! Oublié le superflu, pour cette série, les experts HP ont misé sur un design sobre et épuré. Parce qu'après tout, le pro aussi a le droit d'être beau! L'esthétique raffinée de cette gamme n'enlève rien à ses fonctionnalités et à son efficacité.",8 Go,512 Go,SSD,AMD Ryzen 5,IPS,1920 x 1200 pixels,,60 Hz,300 cd/m²,16 pouces,AMD Radeon 660M,"Wi-Fi 6E, Bluetooth 5.3","2 x USB-C 3.2 Gen 2 (supports DisplayPort 1.4 Alt Mode) (Power Delivery)
USB 3.2 Gen 1 (Power Delivery)",CA 100-240 V (50/60 Hz),"Deux haut-parleurs stéréo, double tableau de microphone",35.94 cm x 25.1 cm x 1.7 cm,1.74 kg,ENERGY STAR,,Français (AZERTY),Garantie limitée - 1 an,,,Neuf,Plastique argent brochet,https://manystacks.s3.eu-west-3.amazonaws.com/Produits/Images/9Y7F6ET%23ABF.jpg,,,,,,,,, 776.00,27.00,0
9Y7E0ET#ABF,"HP EliteBook 660 G11 - 16""","16 Go RAM, SSD 512 Go, Intel Core Ultra 5, IPS , 16pouces",Win 11 Pro - Anglais/Français,Oui,Volet de discretion,,ordinateurs,ordinateurs,HP,EliteBook,"L'ordinateur portable HP EliteBook 660 G11 se distingue par son mélange de performances, de sécurité et de durabilité. Conçu pour les professionnels qui exigent fiabilité et puissance, il est équipé d'un processeur Intel Core Ultra 5 à 12 cœurs, garantissant un fonctionnement multitâche rapide et efficace. L'écran WUXGA IPS de 16 pouces, avec son rétroéclairage WLED, offre des images époustouflantes pour le travail et les loisirs. La sécurité est primordiale, avec des fonctions avancées telles que la persistance absolue du BIOS, HP DriveLock et une puce de sécurité TPM 2.0 pour protéger vos données. La connectivité est transparente, grâce à Intel Wi-Fi 6E AX 211 et Bluetooth 5.3, ainsi qu'à de nombreux ports dont USB4/Thunderbolt 4/DisplayPort 1.4. En outre, son engagement en faveur du développement durable est évident dans l'utilisation de plastiques provenant de l'océan, de métal recyclé et de plastique recyclé après consommation, ce qui fait de l'ordinateur portable HP EliteBook 660 G11 un choix idéal pour les utilisateurs soucieux de l'environnement à la recherche d'un ordinateur portable de haute performance.",16 Go,512 Go,SSD,Intel Core Ultra 5,IPS,1920 x 1200 pixels,,60 Hz,300 cd/m²,16 pouces,Intel Graphics,"Wi-Fi 6E, Bluetooth 5.3","2 x USB4 (supports Thunderbolt 4, DisplayPort 1.4 Alt Mode) (Power Delivery)
USB 3.2 Gen 1 (charge)",CA 100-240 V (50/60 Hz),"Deux haut-parleurs stéréo, double tableau de microphone",35.94 cm x 25.1 cm x 1.7 cm,1.74 kg,ENERGY STAR,,Français (AZERTY),Garantie limitée - 1 an,,,Neuf,Brochet argent aluminium,https://manystacks.s3.eu-west-3.amazonaws.com/Produits/Images/9Y7E0ET%23ABF.jpg,,,,,,,,, 1032.00,36.00,0
B23D9EA#ABF,"HP Laptop 17 - 17.3""","16 Go RAM, SSD 512 Go , AMD Ryzen 5, IPS, 17.3pouces",Win 11 Home - Anglais/Français,Oui,"HP TrueVision, Temporal Noise Reduction","Lecture vidéo: jusqu'à 11.5 heures
Utilisation classique: jusqu'à 7.25 heures",ordinateurs,ordinateurs,HP,Laptop,"L'ordinateur portable HP 17-cp2043nf est doté d'un écran Full HD de 17,3 pouces, offrant une expérience visuelle attrayante avec une résolution de 1920 x 1080. La technologie IPS garantit des angles de vision larges et des couleurs éclatantes, tandis que la fonction antireflet permet une utilisation confortable même dans des environnements lumineux. Avec un poids de 2,07 kg, cet ordinateur portable est portable mais robuste, ce qui le rend idéal pour une utilisation à la maison ou en déplacement. Dotée de la technologie HP TrueVision, la webcam intégrée prend en charge la résolution vidéo 720p et inclut la réduction du bruit temporel pour des images plus claires lors des appels vidéo. Le microphone à double réseau capture efficacement l'audio, garantissant que les utilisateurs sont entendus haut et fort pendant les réunions en ligne ou les discussions décontractées. Doté d'un processeur AMD Ryzen 5 cadencé à 4,3 GHz, complété par 16 Go de RAM LPDDR5, l'ordinateur portable gère le multitâche avec facilité. Le stockage SSD de 512 Go, utilisant l'interface PCIe NVMe, assure un accès rapide aux fichiers et aux applications tout en gardant le système réactif. La fonction HP Fast Charge permet une recharge rapide, améliorant ainsi la productivité. Cet appareil comprend également une variété d'options de connectivité avec deux ports USB 3.2 Gen 1, un port USB-C 3.2 Gen 1, un port HDMI et une prise combinée casque/microphone, assurant la polyvalence pour les besoins périphériques.",16 Go,512 Go,SSD,AMD Ryzen 5,IPS,1920 x 1280pixels,,,300 cd/m²,17.3pouces,AMD Radeon 610M,"802.11a/b/g/n/ac, Bluetooth 4.2","USB-C 3.2 Gen 1
2 x USB 3.2 Gen 1
HDMI
Prise combo casque/microphone",,"Deux haut-parleurs stéréo, double tableau de microphone",40.07 cm x 25.78 cm x 2.06 cm,2.07 kg,ENERGY STAR,,Français (AZERTY),Garantie limitée - 1 an,Oui,,Neuf,Argent naturel,https://manystacks.s3.eu-west-3.amazonaws.com/Produits/Images/B23D9EA%23ABF.jpg,,,,,,,,, 571.00,19.00,0
9Y108EA#ABF,"HP Laptop 15 - 15.6""","16 Go RAM, SSD 1 To, AMD Ryzen 5,15.6pouces",Win 11 Home - Anglais/Français,Oui,"HP TrueVision, Temporal Noise Reduction","Lecture vidéo: jusqu'à 9 heures
Longue autonomie: jusqu'à 9.5 heures",ordinateurs,ordinateurs,HP,Laptop,"Découvrez le HP Laptop 15s-eq2008nf, un ordinateur portable conçu pour répondre à vos exigences quotidiennes. Doté d'un processeur AMD Ryzen 5 5500U et équipé de 16 Go de RAM, il offre les performances dont vous avez besoin pour travailler et vous divertir. L'écran Full HD de 15,6 pouces garantit des visuels clairs et nets, tandis que le SSD NVMe de 1 To offre un vaste espace de stockage pour vos fichiers et un accès rapide aux données. Avec des fonctionnalités telles que HP Fast Charge et Modern Standby, vous bénéficiez de la commodité et de l'efficacité dans un seul package. Que vous travailliez à domicile, que vous étudiez ou que vous profitiez de votre multimédia préféré, cet ordinateur portable HP est conçu pour améliorer votre productivité et votre expérience de divertissement.",16 Go,1 To,SSD,AMD Ryzen 5,,1920 x 1080pixels,,,250 cd/m2,15.6pouces,AMD Radeon Graphics,"802.11a/b/g/n/ac, Bluetooth 5.0","USB-C 3.2 Gen 1 (données seulement)
2 x USB 3.2 Gen 1
HDMI
Prise combo casque/microphone",,"Deux haut-parleurs stéréo, double tableau de microphone",35.85 cm x 24.2 cm x 1.79 cm,210 g,ENERGY STAR,,Français (AZERTY),Garantie limitée - 1 an,,,Neuf,Argent naturel,https://manystacks.s3.eu-west-3.amazonaws.com/Produits/Images/9Y108EA%23ABF.jpg,,,,,,,,, 466.00,15.00,0
970S7ET#ABF,"HP EliteBook 860 G11 - 16""","16 Go RAM, SSD 512 Go,Intel Core Ultra 5 ,IPS , 16pouces",Win 11 Pro - Anglais/Français,Oui,"Volet de discretion, caméra IR",,ordinateurs,ordinateurs,HP,EliteBook,"L'ordinateur portable HP EliteBook 860 G11 est conçu pour les professionnels qui exigent sécurité, performance et connectivité. Doté d'un écran WUXGA IPS LED de 16 pouces, cet ordinateur portable offre des visuels époustouflants avec des angles de vision larges et une technologie antireflet, ce qui le rend parfait pour le travail et le divertissement. Le processeur Intel Core Ultra 5 avec technologie Turbo Boost garantit des performances élevées pour toutes les applications, avec l'appui de la mémoire SDRAM DDR5 pour un fonctionnement multitâche efficace. La sécurité est primordiale, avec des fonctions telles que HP Tamper Lock, un capteur de hall, un capteur thermique et la puce de sécurité Trusted Platform Module (TPM 2.0), offrant une protection solide contre les accès non autorisés. La connectivité est transparente, grâce à Intel Wi-Fi 6E AX 211, Bluetooth 5.3 et plusieurs interfaces USB4/Thunderbolt 4/DisplayPort 1.4, facilitant les connexions et les transferts de données à grande vitesse. En outre, la durabilité de l'ordinateur portable est assurée par un clavier résistant aux éclaboussures et la conformité à des normes environnementales strictes, y compris ENERGY STAR, ce qui en fait un choix fiable pour les professionnels exigeants.",16 Go,512 Go,SSD,Intel Core Ultra 5,IPS,1920 x 1200pixels,,60 Hz,1000 cd/m²,16 pouces,Intel Graphics,"Wi-Fi 6E, Bluetooth 5.3","2 x USB4 (supports Thunderbolt 4, DisplayPort 1.4 Alt Mode) (Power Delivery)
USB 3.2 Gen 1
HDMI
USB 3.2 Gen 1 (charge)
Prise combo casque/microphone","Tension de 100 à 240 V CA, Fréquence de 50 à 60 HZ","Deux haut-parleurs stéréo, double tableau de microphone",35.88 cm x 25.13 cm x 1.63 cm,1.72 kg,ENERGY STAR,,Français (AZERTY),Garantie limitée - 1 an,,,Neuf,Gris,https://manystacks.s3.eu-west-3.amazonaws.com/Produits/Images/970S7ET%23ABF.jpg,,,,,,,,, 1330.00,45.00,0
970S9ET#ABF,"HP EliteBook 860 G11 - 16""","16 Go RAM, SSD 512 Go , IPS , Intel Core Ultra 7, 16pouces",Win 11 Pro - Anglais/Français,Oui,"Volet de discretion, caméra IR",,ordinateurs,ordinateurs,HP,EliteBook,"L'ordinateur portable HP EliteBook 860 G11 combine des fonctions de sécurité avancées, une connectivité supérieure et des performances puissantes pour répondre aux besoins des professionnels. Avec son écran WUXGA de 16 pouces et son rétroéclairage WLED, les utilisateurs bénéficient d'une expérience visuelle immersive qui est encore améliorée par un son de haute qualité provenant de ses deux haut-parleurs stéréo et de ses amplificateurs discrets. La sécurité est une priorité absolue, avec HP Tamper Lock, BIOS Absolute Persistence, et une puce de sécurité Trusted Platform Module (TPM 2.0) garantissant la sécurité de vos données. Les options de connectivité sont nombreuses, y compris les interfaces USB4/Thunderbolt 4/DisplayPort 1.4 et Intel Wi-Fi 6E AX 211 pour un accès rapide et fiable à Internet. La conception durable de l'ordinateur portable, conforme à de nombreuses normes environnementales et de sécurité, en fait un choix fiable pour une utilisation quotidienne. Que ce soit pour le travail ou les loisirs, l'ordinateur portable HP EliteBook 860 G11 est conçu pour améliorer la productivité et fournir une expérience informatique de premier ordre.",16 Go,512 Go,SSD,Intel Core Ultra 7,IPS,1920 x 1200 pixels,,60 Hz,300 cd/m²,16 pouces,Intel Graphics,"Wi-Fi 6E, Bluetooth 5.3","2 x USB4 (supports Thunderbolt 4, DisplayPort 1.4 Alt Mode) (Power Delivery)
USB 3.2 Gen 1
HDMI
USB 3.2 Gen 1 (charge)
Prise combo casque/microphone","Tension de 100 à 240 V CA, Fréquence de 50 à 60 HZ","Deux haut-parleurs stéréo, double tableau de microphone",35.88 cm x 25.13 cm x 1.63 cm,1.72 kg,ENERGY STAR,180 kg carbon emissions,Français (AZERTY),Garantie limitée - 1 an,,,Neuf,Gris,https://manystacks.s3.eu-west-3.amazonaws.com/Produits/Images/970S9ET%23ABF.jpg,,,,,,,,, 1270.00,43.00,0
A27W4E8Q#ABF,"HP EliteBook 840 G5 - 14""","16 Go RAM, SSD 256 Go, Intel UHD Graphics 620, Intel Core i5-8250U, 14 pouces, Full HD",Win 10 Pro - Anglais/Français,,,,ordinateurs,ordinateurs,HP,EliteBook,"Incroyablement mince et léger, le HP EliteBook 840 permet aux utilisateurs de créer, de se connecter et de collaborer à l'aide de technologies performantes et d'améliorer leur productivité, aussi bien au bureau qu'en déplacement.
Idéal pour les professionnels mobiles qui ont besoin d'ordinateurs portables robustes haut de gamme avec des performances système et graphiques améliorées au sein d'un environnement informatique géré.",16 Go,256 Go,SSD,Intel Core i5,IPS,1920 x 1080 pixels,,60 Hz,,14 pouces,Intel UHD Graphics 620,"Wi-Fi 6E, Bluetooth 5.3",,,"Haut-parleurs stéréo, 3 micros multicouches",32.6 cm x 23.4 cm x 1.79 cm,1.48 kg,,180 kg carbon emissions,Français (AZERTY),Garantie limitée - 1 an,,,Neuf,Gris,https://manystacks.s3.eu-west-3.amazonaws.com/Produits/Images/A27W4E8Q%23ABF.jpg,,,,,,,,, 395.00,13.00,0
9R5A0E8Q#ABF,"HP EliteBook 840 G5+ - 14""","16 Go RAM, SSD 256 Go,HP EliteBook 840 G5 Notebook , Intel Core i5, IPS ,14 pouces",Win 10 Pro - Anglais/Français,,,,ordinateurs,ordinateurs,HP,EliteBook,"Incroyablement mince et léger, le HP EliteBook 840 permet aux utilisateurs de créer, de se connecter et de collaborer à l'aide de technologies performantes et d'améliorer leur productivité, aussi bien au bureau qu'en déplacement.
Idéal pour les professionnels mobiles qui ont besoin d'ordinateurs portables robustes haut de gamme avec des performances système et graphiques améliorées au sein d'un environnement informatique géré.",16 Go,256 Go,SSD,Intel Core i5,IPS,1920 x 1080 pixels,,120 Hz,700 cd/m²,14 pouces,Intel UHD Graphics 620,"Wi-Fi CERTIFIÉ, Bluetooth 4.2","USB 3.1 Gen 1
USB 3.1 Gen 1 (charge)
USB-C (supports Thunderbolt)
HDMI
LAN
Socle
Prise combo casque/microphone",,"Haut-parleurs stéréo, 3 micros multicouches",32.6 cm x 23.4 cm x 1.79 cm,1.48 kg,,,Français (AZERTY),Garantie limitée - 1 an,,,Neuf,Gris,https://manystacks.s3.eu-west-3.amazonaws.com/Produits/Images/9R5A0E8Q%23ABF.jpg,,,,,,,,, 419.00,14.00,0
PK92J,"Dell Latitude 3550 - 15.6""","8 Go RAM, SSD 512 Go, Intel Core i5, IPS, 15.6 pouces",Win 11 Pro - néerlandais / anglais / français / allemand / italien,Oui,"HDR (High Dynamic Range), volet de discretion, caméra RGB, Temporal Noise Reduction, 86,6 degrés (caméra IR), Express Sign-In, 80,2 degrés",,ordinateurs,ordinateurs,Dell,Latitude 3550,"Le Dell Latitude 3550 est doté d'un élégant écran LED antireflet de 15,6 pouces, offrant une expérience visuelle confortable tout en minimisant les reflets. Équipé d'un puissant processeur Intel Core i5 10 cœurs de 13e génération et de 12 Mo de mémoire cache, cet ordinateur portable est conçu pour un fonctionnement multitâche efficace et des performances fluides. Les fonctions de sécurité, notamment la puce de sécurité Trusted Platform Module (TPM) et la détection d'intrusion dans le châssis, garantissent la protection des informations sensibles. Pour un son de haute qualité, l'appareil comprend des microphones à double réseau et des haut-parleurs stéréo, conformes aux normes audio haute définition et à Wave MAXXAudio Pro. Avec son design léger et sa construction durable, le Dell Latitude 3550 convient aux professionnels en déplacement et offre des performances fiables, que ce soit au bureau ou en déplacement. Profitez d'un traitement rapide avec la mémoire SDRAM DDR5 et d'une connectivité améliorée avec plusieurs ports USB et HDMI, associés à la commodité des capacités Bluetooth et Wi-Fi 6E.",64 Go,512 Go,SSD,Intel Core i5,IPS,1920 x 1080 pixels,,60 Hz,250 cd/m²,15.6 pouces,Carte graphique Intel Iris Xe,"Wi-Fi 6E, Bluetooth","HDMI
USB4/DisplayPort (Power Delivery)
USB 3.2 Gen 1 (PowerShare)
2 x USB 3.2 Gen 1
LAN
Prise combo casque/microphone","Tension de 100 à 240 V CA, Fréquence de 50 à 60 HZ","Haut-parleurs stéréo, 2 microphones en réseau",35.9 cm x 23.969 cm x 2.04 cm,1.81 kg,ENERGY STAR,120 kg carbon emissions,Français (AZERTY),Garantie limitée - 1 an,,,Neuf,Gris,https://manystacks.s3.eu-west-3.amazonaws.com/Produits/Images/PK92J.jpg,,,,,,,,, 758.00,26.00,0
MV0RH,"Dell Latitude 7450 - 14""","16 Go RAM, SSD 512 Go, Intel Core Ultra 7, IPS , 14pouces",Windows 11 Pro - néerlandais / anglais / français / allemand / italien,,"HDR (High Dynamic Range), volet de discretion, caméra IR/RGB, Temporal Noise Reduction, 80 degrés, 86,6 degrés (caméra IR), Express Sign-In, Intelligent Privacy",,ordinateurs,ordinateurs,Dell,Latitude 7450,"Découvrez le Dell Latitude 7450, un ordinateur portable conçu pour les professionnels qui exigent sécurité, performances et connectivité. Grâce à sa puce de sécurité discrète TPM 2.0 (Trusted Platform Module) et à sa conformité à des normes de sécurité strictes, vos données restent protégées contre les menaces. Le processeur Intel Core Ultra 7 de l'ordinateur portable assure un multitâche fluide et des performances à grande vitesse, tandis que son écran LED IPS de 14 pouces offre des visuels époustouflants et des angles de vision étendus. La connectivité n'est jamais un problème, grâce aux interfaces USB4/Thunderbolt 4/DisplayPort 2.1 et à la capacité Wi-Fi 6 à double flux (2x2), ce qui vous permet d'être toujours connecté aux vitesses les plus rapides disponibles. En outre, l'engagement de l'appareil en faveur du développement durable est évident grâce à sa certification ENERGY STAR et à sa conformité EPEAT Gold, ce qui en fait un choix respectueux de l'environnement. Avec ces caractéristiques et bien d'autres encore, le Dell Latitude 7450 s'impose comme l'ordinateur portable idéal pour les professionnels.",16 Go,512 Go,SSD,Intel Core Ultra 7,IPS,1920 x 1200pixels,,60 Hz,250 cd/m²,14 pouces,Intel Graphics,,"HDMI
2 x USB4 (supports Thunderbolt 4, DisplayPort 2.1 Alt Mode) (Power Delivery)
USB 3.2 Gen 1 (PowerShare)
USB 3.2 Gen 1
Prise combo casque/microphone","Tension de 100 à 240 V CA, Fréquence de 50 à 60 HZ","Quatre haut-parleurs, double tableau de microphone",31.3 cm x 22.275 cm x 1.821 cm,1.33 kg,ENERGY STAR,110 kg carbon emissions,Français (AZERTY),Garantie limitée - 1 an,,,Neuf,Gris,https://manystacks.s3.eu-west-3.amazonaws.com/Produits/Images/MV0RH.jpg,,,,,,,,, 1564.00,52.00,0
RK25V,"Dell Latitude 3450 - 14""","16 Go RAM, SSD 512 Go, Intel Core i5, IPS , 14pouces",Win 11 Pro - néerlandais / anglais / français / allemand / italien,Oui,"HDR (High Dynamic Range), volet de discretion, caméra IR/RGB, Temporal Noise Reduction, 86,6 degrés (caméra IR), Express Sign-In, 80,2 degrés",,ordinateurs,ordinateurs,Dell,Latitude 3450,"Le Dell Latitude 3450 offre une expérience informatique puissante grâce à son écran antireflet de 14 pouces et à son processeur Intel Core i5 doté de 10 cœurs et 12 threads. Cet ordinateur portable est conçu pour de hautes performances, équipé de DDR5 SDRAM et d'un SSD pour un accès rapide aux données. L'ordinateur portable comprend des capacités audio avancées avec des fonctions conformes à l'audio haute définition, des microphones à double réseau et des haut-parleurs stéréo. La confidentialité est un élément clé avec une webcam intégrée équipée d'un obturateur de confidentialité, garantissant que les utilisateurs se sentent en sécurité pendant les appels vidéo. Avec des options de connectivité améliorées, notamment USB4, HDMI et Wi-Fi 6E, les utilisateurs peuvent profiter de la vitesse et de la fiabilité pour tous leurs besoins en matière de réseau.",16 Go,512 Go,SSD,Intel Core i5,IPS,1920 x 1080pixels,,60 Hz,250 cd/m²,14 pouces,Carte graphique Intel Iris Xe,"Wi-Fi 6E, Bluetooth","HDMI
USB4/DisplayPort (Power Delivery)
USB 3.2 Gen 1 (PowerShare)
2 x USB 3.2 Gen 1
LAN
Prise combo casque/microphone","Tension de 100 à 240 V CA, Fréquence de 50 à 60 HZ","Haut-parleurs stéréo, 2 microphones en réseau",32.217 cm x 21.943 cm x 1.934 cm,220 g,ENERGY STAR,111 kg carbon emissions,Français (AZERTY),Garantie limitée - 1 an,,,Neuf,Gris,https://manystacks.s3.eu-west-3.amazonaws.com/Produits/Images/RK25V.jpg,,,,,,,,, 755.00,26.00,0
RP5RM,"Dell Latitude 7350 - 13.3""","16 Go RAM, SSD 512 Go, Intel Core Ultra 7, IPS , 13.3pouces",Win 11 Pro - néerlandais / anglais / français / allemand / italien,Oui,"HDR (High Dynamic Range), volet de discretion, caméra IR/RGB, Temporal Noise Reduction, 82 degrés, Express Sign-In, Intelligent Privacy",,ordinateurs,ordinateurs,Dell,Latitude 7350,"L'ordinateur portable Dell Latitude 7350 associe des performances puissantes à une sécurité de haut niveau et à une connectivité exceptionnelle, ce qui en fait le choix idéal pour les professionnels en déplacement. Son cœur est constitué d'un processeur Intel Core Ultra 7 à 12 cœurs et de 16 Go de SDRAM LPDDR5X, garantissant un fonctionnement fluide et efficace des applications exigeantes. La sécurité est primordiale, avec un Trusted Platform Module (TPM 2.0) discret et un lecteur d'empreintes digitales qui garantissent la tranquillité d'esprit pour les données sensibles.
La connectivité est un jeu d'enfant grâce à la technologie Wi-Fi 6E, aux deux ports Thunderbolt 4/DisplayPort 1.4 et à l'interface USB 3.2 Gen 1, qui permettent un accès Internet à haut débit et une connexion aisée aux périphériques. L'écran LED de 13,3 pouces, doté de la technologie Wide Viewing Angle, offre des images éclatantes sous tous les angles, parfaites pour les présentations et le multimédia. En outre, sa certification ENERGY STAR et sa conformité EPEAT Gold soulignent l'engagement de Dell en matière de développement durable, ce qui fait du Latitude 7350 non seulement un choix intelligent pour vos besoins informatiques, mais aussi un choix respectueux de l'environnement.",16 Go,512 Go,SSD,Intel Core Ultra 7,IPS,1920 x 1200 pixels,,60 Hz,250 cd/m²,13.3pouces,Intel Graphics,"Bluetooth, 802.11a/b/g/n/ac/ax/be","HDMI
2 x USB4 (supports Thunderbolt 4, DisplayPort 1.4 Alt Mode) (Power Delivery)
USB 3.2 Gen 1 (PowerShare)
Prise combo casque/microphone","Tension de 100 à 240 V CA, Fréquence de 50 à 60 HZ","Quatre haut-parleurs, double tableau de microphone",29.9 cm x 21.316 cm x 1.775 cm,1.15 kg,ENERGY STAR,103 kg carbon emissions,Français (AZERTY),Garantie limitée - 1 an,,,Neuf,Gris,https://manystacks.s3.eu-west-3.amazonaws.com/Produits/Images/RP5RM.jpg,,,,,,,,, 1660.00,55.00,0
4WRTF,"Dell Latitude 5455 - 14""","16 Go RAM, SSD 512 Go, Snapdragon X Plus, 14pouces",Win 11 Pro (sur ARM),Oui,"Caméra IR, caméra RGB, Temporal Noise Reduction, 86,6 degrés (caméra IR), Express Sign-In, Intelligent Privacy, 80,2 degrés, obturateur de caméra",,ordinateurs,ordinateurs,Dell,Latitude 5455,"Le modèle Dell Latitude 5455 est conçu pour améliorer la productivité grâce à des fonctionnalités robustes et des performances fiables. Équipé d'un écran Full HD Plus de 14 pouces, il offre des images nettes et des angles de vision larges, ce qui le rend adapté aux présentations ou au travail à distance. Le microphone à double réseau et les haut-parleurs stéréo garantissent un son clair pour les appels vidéo, tandis que les caméras IR et RVB avancées, associées à des fonctions de confidentialité intelligentes, protègent les données de l'utilisateur et facilitent l'accès grâce aux fonctions d'ouverture de session express.
Cet appareil est équipé d'un puissant processeur Snapdragon X Plus cadencé à 3,4 GHz et d'une mémoire SDRAM LPDDR5X de 16 Go, garantissant la fluidité du multitâche et la réactivité de l'appareil. Avec un disque dur SSD de 512 Go et une interface PCIe 4.0, l'accès aux fichiers et aux applications est rapide. En outre, les capacités Wi-Fi 6 et Bluetooth intégrées garantissent une connexion stable, faisant du Dell Latitude 5455 un choix pour les professionnels à la recherche d'efficacité et de performance dans leurs tâches quotidiennes.",16 Go,512 Go,SSD,Qualcomm Snapdragon X Plus,,1920 x 1200 pixels,,60 Hz,300 cd/m²,14 pouces,Qualcomm Adreno,"Wi-Fi 7, Bluetooth, 802.11a/b/g/n/ac/ax/be","2 x USB4/DisplayPort (Power Delivery)
USB 3.2 Gen 1
Prise combo casque/microphone","Tension de 100 à 240 V CA, Fréquence de 50 à 60 HZ","Haut-parleurs stéréo, double tableau de microphone",31.4 cm x 22.375 cm x 1.79 cm,1.53 kg,ENERGY STAR EPEAT Gold,95.2 kg carbon emissions,Français (AZERTY),Garantie limitée - 1 an,,,Neuf,Gris,https://manystacks.s3.eu-west-3.amazonaws.com/Produits/Images/4WRTF.jpg,,,,,,,,, 1004.00,35.00,0
3YN41,"Dell Inspiron - 15.6""","16 Go RAM, SSD 1 To, Intel Core i5, IPS, 15.6 pouces",Win 11 Pro - Anglais /Français/Espagnol/Portugais/Italien,Oui,HD,,ordinateurs,ordinateurs,Dell,Dell Inspiron 15 3000,"Découvrez le Dell Inspiron 15 3000, un ordinateur portable conçu pour l'efficacité et la commodité. Cet appareil est doté d'un écran Full HD IPS de 15,6 pouces qui donne vie aux images avec une clarté étonnante et des angles de vision larges, complétés par un rétroéclairage LED et une technologie antireflet. Sous le capot, un processeur Intel de 12e génération fonctionne avec une mémoire vive DDR4 SDRAM pour offrir des performances fluides pour tous vos besoins multitâches.
La connectivité est transparente grâce à une gamme d'interfaces comprenant HDMI, USB 3.2 Gen 1 et Bluetooth, ce qui vous permet de vous connecter facilement à d'autres appareils et à Internet. Le boîtier en plastique de l'ordinateur portable est conçu pour durer, tandis que la technologie ExpressCharge permet de recharger rapidement la batterie, pour que vous restiez sous tension et prêt à partir. De plus, grâce aux haut-parleurs stéréo et au microphone intégré, vous profiterez d'un son haute définition, que vous participiez à des conférences téléphoniques, écoutiez de la musique ou visionniez des vidéos en streaming. Certifié ENERGY STAR et classé EPEAT Silver, l'ordinateur Dell Inspiron 15 3000 est non seulement puissant, mais également respectueux de l'environnement.",16 Go,1 To,SSD,Intel Core i5,IPS,1920 x 1080 pixels,,120 Hz,250 cd/m²,15.6 pouces,Carte graphique Intel Iris Xe,"Wi-Fi 5, 802.11a/b/g/n/ac, Bluetooth","HDMI
2 x USB 3.2 Gen 1
USB 2.0
Prise combo casque/microphone","Tension de 100 à 240 V CA, Fréquence de 50 à 60 HZ","Haut-parleurs stéréo, microphone",35.85 cm x 23.556 cm x 1.899 cm,1.66 kg,ENERGY STAR EPEAT Silver,,Français (AZERTY),Garantie limitée - 1 an,Oui,,Neuf,Noir de charbon,https://manystacks.s3.eu-west-3.amazonaws.com/Produits/Images/3YN41.jpg,,,,,,,,, 534.00,20.00,0
KR0MV,"Dell Inspiron - 15.6""","8 Go RAM, SSD 512 Go, Carte graphique Intel Iris Xe, IPS, 15.6 pouces",Win 11 Pro - néerlandais / anglais / français / allemand / italien,Oui,HD,,ordinateurs,ordinateurs,Dell,Inspiron 15 3530,"Découvrez le Dell Inspiron 15 3530, un ordinateur portable conçu pour l'efficacité et le multimédia. Cet appareil est doté d'un écran Full HD IPS LED de 15,6 pouces qui donne vie aux images avec des détails précis et des couleurs éclatantes, grâce à sa technologie antireflet et à son grand angle de vision. Des haut-parleurs stéréo haute définition complètent l'expérience visuelle avec un son clair et immersif.
L'ordinateur Dell Inspiron 15 3530 est doté d'une gamme d'interfaces, notamment HDMI et USB 3.2 Gen 1, offrant des options de connectivité polyvalentes pour tous vos périphériques. Le pavé tactile de précision et le pavé numérique améliorent la productivité en facilitant la navigation et la saisie de données. Alimenté par un processeur Intel et doté d'une mémoire SDRAM DDR4, cet ordinateur portable gère les tâches quotidiennes avec facilité, tandis que sa conception robuste garantit sa fiabilité dans diverses conditions d'utilisation. Que ce soit pour le travail ou les loisirs, le Dell Inspiron 15 3530 est un choix judicieux pour ceux qui apprécient les performances et la durabilité.",8 Go,512 Go,SSD,Intel Core i5,IPS,1920 x 1080 pixels,,120 Hz,250 cd/m²,15.6 pouces,Carte graphique Intel Iris Xe,"802.11a/b/g/n/ac/ax, Bluetooth, Wi-Fi 6","HDMI
USB-C 3.2 Gen 1
USB 3.2 Gen 1
USB 2.0
Prise combo casque/microphone","Tension de 100 à 240 V CA, Fréquence de 50 à 60 HZ","Haut-parleurs stéréo, microphone",35.85 cm x 23.556 cm x 1.899 cm,1.66 kg,,288 kg carbon emissions,Français (AZERTY),Garantie limitée - 1 an,,,Neuf,Noir de charbon,https://manystacks.s3.eu-west-3.amazonaws.com/Produits/Images/KR0MV.jpg,,,,,,,,, 581.00,21.00,0
HTRKW,"Dell Latitude 5440 - 14""","16 Go RAM, SSD 512 Go, Intel Core i5, IPS, 14 pouces",Win 11 Pro - néerlandais / anglais / français / allemand / italien,Oui,"Volet de discretion, caméra IR/RGB, Temporal Noise Reduction, 80 degrés, 86,6 degrés (caméra IR)",,ordinateurs,ordinateurs,Dell,Latitude 5440,"L'ordinateur portable Dell Latitude 5440 2-en-1 allie polyvalence, performances et sécurité, pour répondre aux besoins des professionnels modernes. Il passe en douceur d'un ordinateur portable puissant à une tablette dynamique, grâce à son design rabattable à 360°. L'écran tactile LED QHD+ de 14 pouces de l'appareil offre une clarté visuelle et un confort exceptionnels grâce à sa gamme de couleurs 100 % sRGB et à la technologie Dell ComfortView Plus, adaptée aux sessions de travail prolongées. Équipé d'un processeur Intel Core Ultra 7 et d'une technologie à 12 cœurs, il offre des performances fluides pour toutes les applications. La sécurité est renforcée par une puce de sécurité TPM 2.0 et un lecteur d'empreintes digitales, et sa certification EPEAT Gold souligne l'engagement de Dell en matière de durabilité environnementale, ce qui en fait un choix judicieux pour les consommateurs soucieux de l'environnement et à la recherche d'une solution informatique haute performance.",64 Go,512 Go,SSD,Intel Iris Xe,IPS,1920 x 1080 pixels,,60 Hz,250 cd/m²,14 pouces,Carte graphique Intel Iris Xe,"Wi-Fi 6E, Bluetooth","HDMI
2 x USB4 (supports Thunderbolt 4, DisplayPort 1.4 Alt Mode) (Power Delivery)
USB 3.2 Gen 1 (PowerShare)
USB 3.2 Gen 1
LAN
Prise combo casque/microphone","Tension de 100 à 240 V CA, Fréquence de 50 à 60 HZ","Haut-parleurs stéréo, double tableau de microphone",32.135 cm x 21.2 cm x 2.104 cm,1.39 kg,ENERGY STAR,290 kg d'émissions de carbone,Français (AZERTY),Garantie limitée - 1 an,,,Neuf,Gris,https://manystacks.s3.eu-west-3.amazonaws.com/Produits/Images/HTRKW.jpg,,,,,,,,, 776.00,28.00,0
WRNMC,"Dell Latitude 9450 - 14""","16 Go RAM, SSD 512 Go, Intel Core Ultra 7, IPS , 14 pouces",Win 11 Pro - néerlandais / anglais / français / allemand / italien,Oui,"Volet de discretion, caméra IR/RGB, Temporal Noise Reduction, Express Sign-In, Intelligent Privacy, 82,2 degrés, 78,1 degrés (caméra IR)",,ordinateurs,ordinateurs,Dell,Latitude 9450,"L'ordinateur portable Dell Latitude 9450 2-en-1 allie polyvalence, performances et sécurité, pour répondre aux besoins des professionnels modernes. Il passe en douceur d'un ordinateur portable puissant à une tablette dynamique, grâce à son design rabattable à 360°. L'écran tactile LED QHD+ de 14 pouces de l'appareil offre une clarté visuelle et un confort exceptionnels grâce à sa gamme de couleurs 100 % sRGB et à la technologie Dell ComfortView Plus, adaptée aux sessions de travail prolongées. Équipé d'un processeur Intel Core Ultra 7 et d'une technologie à 12 cœurs, il offre des performances fluides pour toutes les applications. La sécurité est renforcée par une puce de sécurité TPM 2.0 et un lecteur d'empreintes digitales, et sa certification EPEAT Gold souligne l'engagement de Dell en matière de durabilité environnementale, ce qui en fait un choix judicieux pour les consommateurs soucieux de l'environnement et à la recherche d'une solution informatique haute performance.",16 Go,512 Go,SSD,Intel Core Ultra 7,IPS,2560 x 1600 pixels,,60 Hz,500 cd/m²,14 pouces,Intel Graphics,"Bluetooth, 802.11a/b/g/n/ac/ax/be, Intel WI-FI 7 BE200","3 x USB4 (supports Thunderbolt 4, DisplayPort 2.1 Alt Mode) (Power Delivery)
Prise combo casque/microphone","Tension de 100 à 240 V CA, Fréquence de 50 à 60 HZ","Quatre haut-parleurs, double tableau de microphone",31.05 cm x 21.5 cm x 1.628 cm,1.53 kg,ENERGY STAR,120 kg carbon emissions,Français (AZERTY),Garantie limitée - 1 an,,,Neuf,Graphite,https://manystacks.s3.eu-west-3.amazonaws.com/Produits/Images/WRNMC.jpg,,,,,,,,, 2053.00,70.00,0
82YU00U8FR,"Lenovo V15 G4 AMN - 15,6""","8 Go RAM, SSD 512 Go, AMD Ryzen 5, 15.6pouces",Win 11 Home - français,Oui,"Volet de discretion, mise au point fixe",,ordinateurs,ordinateurs,Lenovo,V15 G4 AMN 82YU,"Le travail hybride est une composante importante de la main-d'œuvre moderne, et les entreprises doivent fournir les appareils nécessaires pour collaborer, contribuer et apprendre en toute transparence. L'ordinateur portable Lenovo V15 Gen 4 reste au cœur de cette évolution et est conçu avec des capacités qui peuvent stimuler les performances. Ses puissants processeurs mobiles, son stockage hybride et sa sécurité de niveau professionnel sont conçus pour offrir des performances de niveau professionnel sans sacrifier le style.",8 Go,512 Go,SSD,AMD Ryzen 5 7520U,,1920 x 1080pixels,,,250 cd/m²,15.6 pouces,AMD Radeon 610M,"Bluetooth 5.1,Wi-Fi 5","2 x USB 3.2 Gen 1
USB-C 3.2 Gen 1 (supports DisplayPort 1.2 Alt Mode) (Power Delivery)
HDMI
LAN
Prise combo casque/microphone","Tension de 100 à 240 V CA, Fréquence de 50 à 60 HZ","Haut-parleurs stéréo, double tableau de microphone",35.92 cm x 23.58 cm x 1.99 cm,1.65 kg,ENERGY STAR,227 kg d'émissions de carbone,Français (AZERTY),Garantie limitée - 1 an,,,Neuf,Noir business,https://manystacks.s3.eu-west-3.amazonaws.com/Produits/Images/82YU00U8FR.jpg,,,,,,,,, 521.00,18.00,0
83A100H2FR,"Lenovo V15 G4 IRU - 15,3""","8 Go RAM, SSD 512 Go , Intel Core i5, 15.6pouces",Win 11 Home - français,Oui,"Volet de discretion, mise au point fixe",Durée de lecture de la vidéo locale (1080p) (150 nits): jusqu'à 7.5 heure,ordinateurs,ordinateurs,Lenovo,V15 G4 IRU 83A1,"Donnez du pouvoir à votre personnel avec cet appareil ultra-puissant, conçu pour favoriser la collaboration et offrir des performances en tout lieu. Léger, le Lenovo V15 G4 IRU est équipé de processeurs Intel Core de la 13e génération et d'une grande capacité de stockage pour vous permettre de faire face aux journées de travail les plus chargées. De la modélisation 3D aux jeux et à l'édition vidéo, tirez le meilleur parti de la carte graphique Intel intégrée de l'appareil.
Travaillez, jouez et regardez vos émissions préférées grâce à l'écran FHD de 15,6 pouces, au format 16:9 et à l'affichage antireflet, qui rivalise avec la réalité. La puce audio HD, les haut-parleurs stéréo Dolby Audio 1,5 W x 2, la caméra HD 720p offrent une qualité audio et vidéo inégalée lors des réunions et événements virtuels. Avec des ports standard tels que USB 2.0 et USB-C 3.2 Gen 1, l'appareil facilite les transferts de données transparents et la connectivité avec les moniteurs et périphériques environnants. La batterie intégrée prend en charge la charge rapide et dure de nombreuses heures.",8 Go,512 Go,SSD,Intel Core i5,,1920 x 1080pixels,,60 Hz,250 cd/m²,15.6 pouces,Intel UHD Graphics,"Wi-Fi 5, Bluetooth 5.1, Gigabit Ethernet","USB 3.2 Gen 1
USB-C 3.2 Gen 1 (supports DisplayPort 1.2 Alt Mode) (Power Delivery 3.0)
HDMI
LAN
Prise combo casque/microphone
USB 2.0","Tension de 100 à 240 V CA, Fréquence de 50 à 60 HZ","Haut-parleurs stéréo, double tableau de microphone",35.92 cm x 23.58 cm x 1.99 cm,1.65 kg,ENERGY STAR,274 kg d'émissions de carbone,Français (AZERTY),Garantie limitée - 1 an,,,Neuf,Noir business,https://manystacks.s3.eu-west-3.amazonaws.com/Produits/Images/83A100H2FR.jpg,,,,,,,,, 527.00,18.00,0
21KH00QYFR,"Lenovo ThinkBook 16 G6 - 16""","16 Go RAM, SSD 512 Go , IPS ,Intel Core i5,16pouces",Win 11 Pro - français,Oui,"Volet de discretion, Windows Hello, mise au point fixe, caméra hybride FHD/IR",Jusqu'à 17.72 heures,ordinateurs,ordinateurs,Lenovo,ThinkBook 16 G6 IRL 21KH,"""Le Lenovo ThinkBook 16 G6 IRL allie performances, sécurité et durabilité dans un boîtier élégant, ce qui en fait le choix idéal pour les professionnels en déplacement. Son écran WUXGA de 16 pouces doté de la technologie IPS offre des angles de vision larges et des couleurs vives, tandis que les technologies antireflet et de réduction de la lumière bleue garantissent une expérience visuelle confortable, même pendant les longues sessions de travail. Sous le capot, l'ordinateur portable est équipé d'un processeur Intel de 14ème génération et d'une mémoire DDR5, offrant la vitesse et l'efficacité requises pour le multitâche et les applications exigeantes.
La connectivité est un jeu d'enfant avec Bluetooth 5.3 et Wi-Fi 6E, ainsi qu'une variété de ports, notamment Thunderbolt 4 et USB-C 3.2 Gen 2, vous assurant de pouvoir connecter tous vos périphériques en toute simplicité. La sécurité est également une priorité, avec des fonctionnalités telles qu'une puce de sécurité TPM 2.0 micrologicielle, un lecteur d'empreintes digitales et un BIOS auto-réparateur pour protéger vos données. Toutes ces fonctionnalités sont intégrées dans une conception durable, testée selon les normes MIL-STD-810H et dotée d'un toit en aluminium, ce qui fait du Lenovo ThinkBook 16 G7 IML un ordinateur non seulement puissant, mais aussi robuste et prêt à relever tous les défis.""",16 Go,512 Go,SSD,Intel Core i5,IPS,1920 x 1200pixels,,60 Hz,300 cd/m²,16pouces,Intel UHD Graphics,"Wi-Fi 6, Bluetooth 5.2","USB4 (supports Thunderbolt 4, DisplayPort 1.4 Alt Mode) (Power Delivery 3.0)
HDMI (prise en charge de 4K)
LAN
Prise combo casque/microphone","Tension de 100 à 240 V CA, Fréquence de 50 à 60 HZ","Haut-parleurs stéréo, double tableau de microphone",35.6 cm x 25.35 cm x 1.75 cm,1.7 kg,ENERGY STAR,301 kg d'émissions de carbone,Français (AZERTY),Garantie limitée - 1 an,,,Neuf,Double ton gris arctique,https://manystacks.s3.eu-west-3.amazonaws.com/Produits/Images/21KH00QYFR.jpg,,,,,,,,, 871.00,32.00,0
21MA001YFR,"Lenovo ThinkPad E16 - 16""","16 Go RAM, SSD 512 Go,IPS ,Intel Core Ultra 5,16pouces",Win 11 Pro - français,Oui,"Volet de discretion, Windows Hello, mise au point fixe, caméra hybride FHD/IR",,ordinateurs,ordinateurs,Lenovo,ThinkPad E16 Gen 2 21MA,"Le Lenovo ThinkPad E16 Gen 2 se distingue sur le marché encombré des ordinateurs portables par son mélange de performances, de sécurité et de fonctionnalités de connectivité. Conçu pour les professionnels qui exigent fiabilité et hautes performances informatiques, cet ordinateur portable est équipé d'un écran WUXGA de 16 pouces qui offre des images éclatantes sans fatiguer les yeux, grâce à sa technologie antireflet et à sa technologie de réduction de la lumière bleue. L'expérience audio immersive est assurée par les technologies audio Dolby Atmos et Harman Kardon, garantissant un son cristallin pour les réunions et le multimédia.
La sécurité est primordiale, et le Lenovo ThinkPad E16 Gen 2 l'assure avec une puce TPM 2.0 discrète, un lecteur d'empreintes digitales et un BIOS auto-réparateur. La connectivité est transparente grâce aux normes Wi-Fi 6E et Bluetooth 5.3, ainsi qu'à de nombreux ports pour tous les périphériques. Les performances robustes de l'ordinateur portable sont soutenues par une mémoire DDR5 et un disque SSD ultra-rapide, ce qui rend le multitâche et l'accès aux données rapides et efficaces. Grâce à sa construction durable et à la technologie RapidCharge, cet ordinateur portable est un excellent choix pour les professionnels occupés qui ont besoin d'un appareil fiable en déplacement.",16 Go,512 Go,SSD,Intel Core Ultra 5,IPS,1920 x 1200 pixels,,60 Hz,300 cd/m²,16pouces,Intel Graphics,"Wi-Fi 6E, Bluetooth 5.3","1 x M.2 (PCI Express 4.0 x4) (1 gratuit), USB 3.2 Gen 1
USB 3.2 Gen 2 (Always On)
USB-C 3.2 Gen 2x2 (supports DisplayPort 1.4 Alt Mode) (Power Delivery 3.0)
USB4 (supports Thunderbolt 4, DisplayPort 2.1 Alt Mode) (Power Delivery 3.0)
HDMI (prise en charge de 4K)
LAN
Prise combo casque/microphone","Tension de 100 à 240 V CA, Fréquence de 50 à 60 HZ","Haut-parleurs stéréo, double tableau de microphone",35.61 cm x 24.77 cm x 1.985 cm,1.81 kg,ENERGY STAR EPEAT Gold,214 kg d'émissions de carbone,Français (AZERTY),Garantie limitée - 1 an,,,Neuf,Noir graphite,https://manystacks.s3.eu-west-3.amazonaws.com/Produits/Images/21MA001YFR.jpg,,,,,,,,, 929.00,34.00,0
21M7002NFR,"Lenovo ThinkPad E14 - 14""","16 Go RAM, SSD 512 Go, Intel Core Ultra 5, IPS, 14 pouces",Win 11 Pro - français,Oui,"Volet de discretion, Windows Hello, mise au point fixe, caméra hybride FHD/IR, 1080p",,ordinateurs,ordinateurs,Lenovo,ThinkPad E14 Gen 6 21M7,"Le Lenovo ThinkPad E14 Gen 6 est un ordinateur portable hautes performances conçu pour les professionnels qui exigent sécurité, connectivité et durabilité sans compromettre la portabilité. Cet ordinateur portable est équipé d'un écran WUXGA IPS de 14 pouces qui offre des couleurs vives et des détails précis pour une expérience visuelle exceptionnelle, même dans des conditions lumineuses grâce à sa technologie antireflet. L'audio est tout aussi impressionnant, avec des haut-parleurs stéréo compatibles Dolby Atmos alimentés par la technologie audio Harman Kardon, garantissant un son clair et immersif pour les réunions et le multimédia.
La sécurité est primordiale, et le Lenovo ThinkPad E14 Gen 6 y répond avec une série de fonctionnalités, notamment une puce TPM 2.0 discrète, un lecteur d'empreintes digitales et un BIOS auto-réparateur. Les options de connectivité sont nombreuses, avec Bluetooth 5.3, Gigabit Ethernet et Wi-Fi 6, ce qui vous permet de rester connecté où que vous alliez. Les performances de l'ordinateur portable sont alimentées par un SSD NVMe à grande vitesse et 16 Go de RAM DDR5, rendant le multitâche et la productivité transparents. Conçu avec un boîtier en aluminium durable et un clavier résistant aux éclaboussures, il est conçu pour résister aux rigueurs de l'utilisation quotidienne tout en restant suffisamment léger pour une mobilité aisée. Que ce soit pour le travail ou les loisirs, le Lenovo ThinkPad E14 Gen 6 est conçu pour dépasser les attentes.",16 Go,512 Go,SSD,Intel Core Ultra 5,,1920 x 1200 pixels,,60 Hz,300 cd/m²,14 pouces,Intel Graphics,"Wi-Fi 6E, Bluetooth 5.3","1 x M.2 (PCI Express 4.0 x4) (1 gratuit), USB 3.2 Gen 1
USB 3.2 Gen 2 (Always On)
USB-C 3.2 Gen 2x2 (supports DisplayPort 1.4 Alt Mode) (Power Delivery 3.0)
USB4 (supports Thunderbolt 4, DisplayPort 2.1 Alt Mode) (Power Delivery 3.0)
HDMI (prise en charge de 4K)
LAN
Prise combo casque/microphone","Tension de 100 à 240 V CA, Fréquence de 50 à 60 HZ","Haut-parleurs stéréo, double tableau de microphone",31.3 cm x 21.93 cm x 1.799 cm,1.44 kg,ENERGY STAR,209 kg carbon emissions,Français (AZERTY),Garantie limitée - 1 an,,,Neuf,Noir graphite,https://manystacks.s3.eu-west-3.amazonaws.com/Produits/Images/21M7002NFR.jpg,,,,,,,,, 930.00,34.00,0
21HH007BFR,"Lenovo ThinkPad T16 - 16""","8 Go RAM, SSD 256 Go, Intel Core i5, IPS, 16 pouces",Win 11 Pro - français,Oui,"Volet de discretion, Windows Hello, mise au point fixe, caméra hybride FHD/IR, détection ultrasonique de présence humaine",,ordinateurs,ordinateurs,Lenovo,ThinkPad T16 Gen 2 21HH,"L'ordinateur portable ThinkPad T16 Gen 2 comporte un certain nombre de composants durables, notamment du plastique recyclé après consommation dans les boîtiers du haut-parleur, de la batterie et de l'adaptateur secteur. L'emballage est exempt de plastique, avec 90 % de contenu recyclé et/ou durable, et le processus de fabrication utilise des soudures à basse température.",8 Go,256 Go,SSD,Intel Core i5,IPS,1920 x 1200 pixels,,60 Hz,300 cd/m²,16 pouces,Carte graphique Intel Iris Xe,"Wi-Fi 6E, Bluetooth 5.3","USB 3.2 Gen 1 (Always On)
USB 3.2 Gen 1
2 x USB4 (supports Thunderbolt 4, DisplayPort 1.4 Alt Mode) (Power Delivery 3.0)
HDMI (prise en charge de 4K)
LAN
Prise combo casque/microphone","Tension de 100 à 240 V CA, Fréquence de 50 à 60 HZ","Haut-parleurs stéréo, double tableau de microphone",36.19 cm x 25.55 cm x 2.05 cm,1.68 kg,ENERGY STAR,,Français (AZERTY),Garantie limitée - 1 an,Oui,,Neuf,Noir tonnerre,https://manystacks.s3.eu-west-3.amazonaws.com/Produits/Images/21HH007BFR.jpg,,,,,,,,, 916.00,33.00,0
21MS0047FR,"Lenovo ThinkBook 16 G7 - 16""","16 Go RAM, SSD 512 Go, Intel Core Ultra 5, IPS, 16 pouces",Win 11 Pro - français,Oui,"Volet de discretion, Windows Hello, mise au point fixe, caméra hybride FHD/IR, 1080p","Jusqu'à 16.73 heures, Durée de lecture de la vidéo locale (1080p) (150 nits): jusqu'à 16.73 heures",ordinateurs,ordinateurs,Lenovo,ThinkBook 16 G7 IML 21MS,"Le Lenovo ThinkBook 16 G7 IML allie performances, sécurité et durabilité dans un boîtier élégant, ce qui en fait le choix idéal pour les professionnels en déplacement. Son écran WUXGA de 16 pouces doté de la technologie IPS offre des angles de vision larges et des couleurs vives, tandis que les technologies antireflet et de réduction de la lumière bleue garantissent une expérience visuelle confortable, même pendant les longues sessions de travail. Sous le capot, l'ordinateur portable est équipé d'un processeur Intel de 14ème génération et d'une mémoire DDR5, offrant la vitesse et l'efficacité requises pour le multitâche et les applications exigeantes.
La connectivité est un jeu d'enfant avec Bluetooth 5.3 et Wi-Fi 6E, ainsi qu'une variété de ports, notamment Thunderbolt 4 et USB-C 3.2 Gen 2, vous assurant de pouvoir connecter tous vos périphériques en toute simplicité. La sécurité est également une priorité, avec des fonctionnalités telles qu'une puce de sécurité TPM 2.0 micrologicielle, un lecteur d'empreintes digitales et un BIOS auto-réparateur pour protéger vos données. Toutes ces fonctionnalités sont intégrées dans une conception durable, testée selon les normes MIL-STD-810H et dotée d'un toit en aluminium, ce qui fait du Lenovo ThinkBook 16 G7 IML un ordinateur non seulement puissant, mais aussi robuste et prêt à relever tous les défis.",16 Go,256 Go,SSD,Intel Core Ultra 5,IPS,1920 x 1200 pixels,,60 Hz,300 cd/m²,16 pouces,Intel Graphics,"Wi-Fi 6E, Bluetooth 5.3","USB 3.2 Gen 1
USB 3.2 Gen 1 (Always On)
USB-C 3.2 Gen 2 (supports DisplayPort 1.4 Alt Mode) (Power Delivery 3.0)
Thunderbolt 4 (supports DisplayPort 1.4) (Power Delivery 3.0)
HDMI (prise en charge de 4K)
Prise combo casque/microphone
LAN","Tension de 100 à 240 V CA, Fréquence de 50 à 60 HZ","Haut-parleurs stéréo, double tableau de microphone",35.6 cm x 25.35 cm x 1.75 cm,1.7 kg,ENERGY STAR,,Français (AZERTY),Garantie limitée - 1 an,,,Neuf,Double ton gris arctique,https://manystacks.s3.eu-west-3.amazonaws.com/Produits/Images/21MS0047FR.jpg,,,,,,,,, 894.00,33.00,0
21MV0020FR,"Lenovo ThinkBook 14 G7 - 14""","16 Go RAM, SSD 512 Go, AMD Ryzen 7, IPS , 14pouces",Win 11 Pro - français,Oui,"Volet de discretion, Windows Hello, mise au point fixe, caméra hybride FHD/IR",Jusqu'à 14.85 heures,ordinateurs,ordinateurs,Lenovo,ThinkBook 14 G7 ARP 21MV,"Le Lenovo ThinkBook 14 G7 ARP est conçu pour les professionnels qui exigent sécurité, performances et durabilité. Doté d'un boîtier robuste en aluminium qui a passé les tests MIL-STD-810H, cet ordinateur portable est conçu pour durer. La sécurité est une priorité absolue, avec une puce de sécurité TPM 2.0 et un lecteur d'empreintes digitales garantissant la protection de vos données. Les performances ne sont pas compromises, grâce à un processeur AMD et à 16 Go de RAM DDR5, ce qui facilite le multitâche et l'exécution d'applications exigeantes. L'écran WUXGA IPS LED de 14 pouces, avec technologie antireflet et faible lumière bleue, offre une expérience visuelle confortable et immersive. Grâce à un large éventail d'options de connectivité, notamment USB4/DisplayPort 1.4 avec prise en charge 4K et Bluetooth 5.3, vous resterez connecté à ce qui compte le plus. Que vous travailliez au bureau, à la maison ou en déplacement, le Lenovo ThinkBook 14 G7 ARP est le compagnon idéal pour l'environnement professionnel dynamique d'aujourd'hui.",16 Go,512 Go,SSD,AMD Ryzen 7 7735HS,IPS,1920 x 1200pixels,,60 Hz,300 cd/m²,14 pouces,AMD Radeon 680M,"Wi-Fi 6E, Bluetooth 5.3, Gigabit Ethernet","USB 3.2 Gen 1
USB 3.2 Gen 1 (Always On)
USB-C 3.2 Gen 2 (supports DisplayPort 1.4 Alt Mode) (Power Delivery 3.0)
USB4/DisplayPort 1.4 (Power Delivery 3.0)
HDMI (prise en charge de 4K)
LAN
Prise combo casque/microphone","Tension de 100 à 240 V CA, Fréquence de 50 à 60 HZ","Haut-parleurs stéréo, double tableau de microphone",31.35 cm x 22.4 cm x 1.69 cm,1.38 kg,ENERGY STAR,,Français (AZERTY),Garantie limitée - 1 an,,,Neuf,Double ton gris arctique,https://manystacks.s3.eu-west-3.amazonaws.com/Produits/Images/21MV0020FR.jpg,,,,,,,,, 1081.00,38.00,0
21KE0061FR,"Lenovo ThinkPad X1 - 14""","16 Go RAM, SSD 512 Go, Intel Core Ultra 7, IPS , 14pouces",Win 11 Pro - français,Oui,"Volet de discretion, Windows Hello, mise au point fixe, caméra hybride FHD/IR, 1080p",,ordinateurs,ordinateurs,Lenovo,ThinkPad X1 2-in-1 Gen 9 21KE,"Le Lenovo ThinkPad X1 2-en-1 Gen 9 est conçu pour les professionnels qui exigent performances et flexibilité. Avec son processeur Intel à 12 cœurs, cet appareil exécute des applications exigeantes, ce qui le rend parfait pour le multitâche. L'écran de 14 pouces au format 16:10, équipé d'un écran tactile multipoint 10 points et d'un cadre avant plat, offre des images éclatantes et un contrôle tactile réactif, améliorant ainsi votre productivité et votre expérience de divertissement.
La sécurité est primordiale, et grâce à la puce de sécurité discrète TPM 2.0 associée à un lecteur d'empreintes digitales, vos données sont protégées contre tout accès non autorisé. Les options de connectivité complètes de l'appareil, notamment les ports HDMI et USB-C ainsi que les protocoles sans fil avancés, garantissent que vous êtes toujours connecté, que ce soit à la maison ou en déplacement. En outre, les personnes soucieuses de l'environnement apprécieront la conformité RoHS, qui fait de cet appareil un choix responsable. Avec un clavier rétroéclairé et un pavé tactile multi-touch, travailler dans n'importe quelle condition d'éclairage est un jeu d'enfant, assurant confort et productivité.",16 Go,512 Go,SSD,Intel Core Ultra 7,IPS,1920 x 1200pixels,,60 Hz,400 cd/m²,14 pouces,Intel Graphics,"Wi-Fi 6E, Bluetooth 5.3","2 x USB4 (supports Thunderbolt 4, DisplayPort 2.1 Alt Mode) (Power Delivery 3.0)
HDMI (prise en charge de 4K)
Prise combo casque/microphone","Tension de 100 à 240 V CA, Fréquence de 50 à 60 HZ","Haut-parleurs stéréo, double tableau de microphone",31.28 cm x 21.765 cm x 1.549 cm,1.35 kg,ENERGY STAR,179 kg d'émissions de carbone,Français (AZERTY),Garantie limitée - 1 an,,,Neuf,Gris,https://manystacks.s3.eu-west-3.amazonaws.com/Produits/Images/21KE0061FR.jpg,,,,,,,,, 2022.00,68.00,0
21KC005BFR,"Lenovo ThinkPad X1 - 14""","16 Go RAM, SSD 512 Go ,IPS , Intel Core Ultra 5, 14pouces",Win 11 Pro - français,Oui,"Volet de discretion, Windows Hello, mise au point fixe, caméra hybride FHD/IR, 1080p",,ordinateurs,ordinateurs,Lenovo,ThinkPad X1 Carbon Gen 12 21KC,"Découvrez le Lenovo ThinkPad X1 Carbon Gen 12, un ordinateur portable conçu pour les professionnels qui exigent performances et portabilité. Cet appareil est doté d'un écran antireflet de 14 pouces avec la technologie Eyesafe, pour que les longues heures de travail ou de jeu soient agréables pour les yeux. L'expérience audio est rehaussée par les haut-parleurs stéréo Dolby Voice et Dolby Atmos, qui rendent chaque réunion et chaque contenu multimédia plus attrayants.
La sécurité est primordiale, et le ThinkPad X1 Carbon Gen 12 est doté d'une puce de sécurité discrète TPM 2.0 (Trusted Platform Module), d'un lecteur d'empreintes digitales et d'une série de mesures de mot de passe et d'authentification pour protéger vos données. La connectivité est polyvalente, avec USB4/Thunderbolt 4, HDMI, et plus encore, facilitant l'intégration transparente dans votre espace de travail. Conçu pour durer, sa construction en fibre de carbone et en aluminium est conforme aux normes MIL-STD-810H, ce qui garantit sa durabilité dans n'importe quel environnement, tout en respectant des normes environnementales strictes. Avec ces caractéristiques et bien d'autres encore, le Lenovo ThinkPad X1 Carbon Gen 12 s'impose comme un choix judicieux pour les professionnels.",16 Go,512 Go,SSD,Intel Core Ultra 5,IPS,1920 x 1200pixels,,60 Hz,400 cd/m²,14 pouces,Intel Graphics,"Wi-Fi 6E, Bluetooth 5.3","2 x USB4 (supports Thunderbolt 4, DisplayPort 2.1 Alt Mode) (Power Delivery 3.0)
HDMI (prise en charge de 4K)
Prise combo casque/microphone","Tension de 100 à 240 V CA, Fréquence de 50 à 60 HZ","Haut-parleurs stéréo, double tableau de microphone",31.28 cm x 21.475 cm x 1.496 cm,1.08 kg,ENERGY STAR,191 kg carbon emissions,Français (AZERTY),Garantie limitée - 1 an,,,Neuf,Peinture noire,https://manystacks.s3.eu-west-3.amazonaws.com/Produits/Images/21KC005BFR.jpg,,,,,,,,, 1821.00,62.00,0
ZDR-00022,"Microsoft Surface Pro 10 - 13""","8 Go RAM, SSD 256 Go , Intel Core Ultra 5, 13pouces",Win 11 Pro,Oui,,,ordinateurs,ordinateurs,Microsoft,Surface Pro 10 for Business,"La Microsoft Surface Pro 10 for Business améliore la productivité et le divertissement grâce à ses fonctionnalités avancées. Elle est équipée d'un écran PixelSense Flow de 13 pouces qui présente des visuels aux couleurs vives et aux détails nets, grâce à sa résolution de 2880 x 1920, à la technologie Adaptive Color et à la technologie Dolby Vision IQ. L'appareil est équipé d'un processeur Intel Core Ultra 5, doté d'une architecture à 12 cœurs et de l'Intel AI Boost NPU, ce qui lui permet de gérer efficacement les tâches intensives. Les graphiques sont rendus de manière fluide par Intel Arc Graphics, ce qui garantit une expérience visuelle sans faille.
La connectivité se fait sans effort avec deux ports USB4/Thunderbolt 4/DisplayPort 2.1, ainsi que les interfaces SurfaceConnect et Surface Keyboard, offrant une flexibilité pour tous les besoins professionnels. Les capacités audio et vidéo sont améliorées avec des haut-parleurs stéréo compatibles Dolby Atmos, des microphones à double réseau et des caméras haute résolution équipées de Windows Hello pour des connexions sécurisées et pratiques. Toutes ces fonctionnalités sont regroupées dans un design élégant et léger, ce qui fait de la Surface Pro 10 for Business un excellent choix pour les professionnels à la recherche d'un appareil puissant, portable et sécurisé.",8 Go,256 Go,SSD,Intel Core Ultra 5,,2880 x 1920pixels,,60 Hz,600 cd/m²,13 pouces,Intel Arc Graphics,"Wi-Fi 6E, Bluetooth 5.3","2 x USB4 (supports Thunderbolt 4, DisplayPort 2.1 Alt Mode) (Type C)
SurfaceConnect
Surface Keyboard","Tension de 100 à 240 V CA, Fréquence de 50 à 60 HZ","Haut-parleurs stéréo, double tableau de microphone",28.7 cm x 20.86 cm x 0.93 cm,879 g,ENERGY STAR,,Français (AZERTY),Garantie limitée - 1 an,,,Neuf,Noir,https://manystacks.s3.eu-west-3.amazonaws.com/Produits/Images/ZDR-00022.jpg,,,,,,,,, 1223.00,42.00,0
NH.QP0EF.003,"Acer Nitro V 16 - 16""","16 Go RAM, SSD 512 Go, AMD Ryzen 7, 16 pouces",Win 11 Home,Oui,Temporal Noise Reduction,Jusqu'à 7 heures,ordinateurs,ordinateurs,Acer,Nitro V 16 ANV16-41,"L'Acer Nitro V 16, modèle ANV16-41, redéfinit le jeu et le travail créatif grâce à son impressionnante suite de fonctionnalités conçues pour la performance et les expériences immersives. Au cœur de cet ordinateur portable se trouvent le puissant processeur AMD Ryzen 7, capable d'atteindre des vitesses turbo allant jusqu'à 5,1 GHz, et la carte graphique NVIDIA GeForce RTX 4060, garantissant un gameplay fluide et un multitâche efficace. L'écran WUXGA de 16 pouces, avec une gamme de couleurs 100% sRGB et un taux de rafraîchissement élevé de 165 Hz, offre des visuels époustouflants et des mouvements fluides, complétés par la technologie IPS pour des angles de vision larges.
La gestion thermique avancée est assurée par le double système de ventilation, les quatre ports d'évacuation et la technologie NitroSense d'Acer, ce qui permet de maintenir le système au frais pendant les sessions de jeu intenses. La connectivité est polyvalente, avec des options telles que HDMI, USB 3.2 Gen 2 et USB-C 3.2 Gen 2/DisplayPort, répondant à tous vos besoins en matière de périphériques. L'ordinateur portable est également doté de la technologie audio DTS:X Ultra, offrant un son haute fidélité pour une expérience audio immersive. Avec ces caractéristiques et bien plus encore, l'Acer Nitro V 16 se distingue comme un choix pour les joueurs et les professionnels créatifs.",16 Go,512 Go,SSD,AMD Ryzen 7 8845HS,,1920 x 1200 pixels,,165 Hz,300 cd/m²,16 pouces,NVIDIA GeForce RTX 4060,"802.11a/b/g/n/ac/ax (Wi-Fi 6E), Bluetooth","HDMI
USB 3.2 Gen 2 (charge avec alimentation coupée)
USB 3.2 Gen 2
USB-C 3.2 Gen 2 (supports DisplayPort Alt Mode) (CC-in combiné, distribution de puissance)
LAN
Prise combo casque/microphone",,"Haut-parleurs stéréo, trois microphones",36.124 cm x 27.84 cm x 2.695 cm,2.5 kg,,,Français (AZERTY),Garantie limitée - 1 an,,,Neuf,Noir vitreux,https://manystacks.s3.eu-west-3.amazonaws.com/Produits/Images/NH.QP0EF.003.jpg,,,,,,,,, 1146.00,38.00,0
NX.B9XEF.001,"Acer TravelMate P2 - 15.6""","8 Go RAM, SSD 512 Go, Intel Core i5, Full HD, 15.6 pouces",Carte graphique Intel Iris Xe,Oui,"Temporal Noise Reduction, volet de discretion, HDR (High Dynamic Range)",,ordinateurs,ordinateurs,Acer,TravelMate P2 TMP215-54,"Le TravelMate P2 est un ordinateur portable avantageux pour les petites entreprises. Ce compagnon professionnel durable contient du plastique récupéré dans l'océan, est équipé d'un processeur Intel Core et bénéficie d'une résistance à toute épreuve ainsi que d'une sécurité optimale.",8 Go,512 Go,SSD,Intel Core i5,,1920 x 1080 pixels,,50 Wh,,15.6 pouces,Carte graphique Intel Iris Xe,"Wi-Fi 6, 802.11a/b/g/n/ac/ax, Bluetooth 5.2, Gigabit Ethernet","HDMI
USB-C 3.2 Gen 2 (supports Thunderbolt 4, DisplayPort Alt Mode) (CC-in combiné, distribution de puissance)
USB 3.2 Gen 1 (charge avec alimentation coupée)
2 x USB 3.2 Gen 1
LAN
Prise combo casque/microphone",,"Haut-parleurs stéréo, deux microphones",35.97 cm x 24.425 cm x 2.07 cm,1.9 kg,EPEAT Gold,324 kg d'émissions de carbone,Français (AZERTY),Garantie limitée - 1 an,Oui,,Neuf,Schiste noir,https://manystacks.s3.eu-west-3.amazonaws.com/Produits/Images/NX.B9XEF.001.jpg,,,,,,,,, 587.00,21.00,0
NX.B9CEF.002,"Acer TravelMate P2 - 14""","8 Go RAM, SSD 512 Go, Intel Core 5, 14 pouces",Win 11 Pro,Oui,"Temporal Noise Reduction, volet de discretion",Jusqu'à 29 heures,ordinateurs,ordinateurs,Acer,TravelMate P2 14 TMP214-55-G2-TCO,"L'Acer TravelMate P2 14, un ordinateur portable conçu pour les professionnels et les utilisateurs occasionnels, offre un mélange de performances, de sécurité et de durabilité. Son écran WUXGA IPS LED de 14 pouces offre des visuels éclatants avec une finition mate antireflet et un design à bords étroits, adapté à des heures de visionnage confortable. Sous le capot, un processeur Intel Core 5 à 10 cœurs et une mémoire SDRAM DDR5 de 16 Go garantissent un fonctionnement multitâche fluide et une gestion efficace des applications exigeantes. La qualité audio est claire, grâce à la réduction du bruit AI et à la technologie Acer TrueHarmony. Les fonctions de sécurité, y compris une solution TPM discrète et un lecteur d'empreintes digitales, offrent une protection accrue de vos données. De plus, l'engagement de l'ordinateur portable en faveur du développement durable est évident dans ses composants sans mercure et son empreinte carbone réduite, ce qui en fait un choix idéal pour les utilisateurs soucieux de l'environnement à la recherche d'une solution informatique fiable.",8 Go,512 Go,SSD,Intel Core i5,,1920 x 1200 pixels,,60 Hz,300 cd/m²,14 pouces,Intel Graphics,"Wi-Fi 6E, Bluetooth 5.3","HDMI
2 x USB4 (supports Thunderbolt 4, DisplayPort Alt Mode) (CC-in combiné, distribution de puissance)
USB 3.2 Gen 1 (charge avec alimentation coupée)
USB 3.2 Gen 1
LAN
Prise combo casque/microphone",,"Haut-parleurs stéréo, deux microphones",31.99 cm x 24.54 cm x 2.295 cm,1.46 kg,,281 kg carbon emissions,Français (AZERTY),Garantie limitée - 1 an,,,Neuf,Gris acier,https://manystacks.s3.eu-west-3.amazonaws.com/Produits/Images/NX.B9CEF.002.jpg,,,,,,,,, 703.00,25.00,0
NX.B5LEF.001,"Acer TravelMate P6 - 14""","16 Go RAM, SSD 512 Go, Intel Core Ultra 5, 14 pouces",Win 11 Pro,Oui,"Full HD, Volet de discretion, caméra IR, Windows Hello, Temporal Noise Reduction",Jusqu'à 12 heures,ordinateurs,ordinateurs,Acer,TravelMate P6 14 TMP614-73-TCO,"L'Acer TravelMate P6 14, modèle TMP614-73-TCO, redéfinit les normes de l'informatique mobile grâce à son mélange de performances, de sécurité et de design. Au cœur de cet ordinateur portable se trouve le processeur Intel Core Ultra 5, complété par 16 Go de mémoire vive, ce qui rend le multitâche transparent et efficace. Son écran OLED de 14 pouces, d'une résolution de 2 880 x 1 800 et d'un format 16:10, offre des images à couper le souffle, tandis que la technologie de réduction du bruit AI garantit la clarté de vos communications, même dans les environnements bruyants.
La durabilité n'a pas été négligée, puisque cet appareil répond aux normes MIL-STD-810H et est doté d'un boîtier en alliage de magnésium et d'aluminium, ce qui lui permet de résister aux rigueurs d'une utilisation quotidienne. Des fonctions de sécurité telles que la puce discrète TPM 2.0 et le lecteur d'empreintes digitales garantissent la tranquillité d'esprit pour les données sensibles. De plus, sa conception légère, associée à un ensemble robuste d'options de connectivité, notamment Thunderbolt 4 et Wi-Fi 6, en fait un choix idéal pour les professionnels en déplacement. Adoptez l'avenir de la productivité avec l'Acer TravelMate P6 14.",16 Go,512 Go,SSD,Intel Core Ultra 5,100% sRGB,1920 x 1200 pixels,,60 Hz,400 cd/m²,14 pouces,Intel Arc Graphics,"Wi-Fi 7, Bluetooth","HDMI
2 x USB-C (supports Thunderbolt 4, DisplayPort Alt Mode) (Power Delivery)
USB 3.2 Gen 1
Prise combo casque/microphone
LAN (sur adaptateur fourni)",,"Haut-parleurs stéréo, deux microphones",31.34 cm x 22.65 cm x 1.79 cm,1.1 kg,,,Français (AZERTY),Garantie limitée - 1 an,,,Neuf,Noir galactique,https://manystacks.s3.eu-west-3.amazonaws.com/Produits/Images/NX.B5LEF.001.jpg,,,,,,,,, 1325.00,44.00,0
6N6E9AA#ABB,"HP E24 G5 - 23.8""",HP E24 G5 - E-Series - écran LED - Full HD (1080p) - 23.8 pouces,,,,,accessoires,ecrans,HP,E24 G5,"Éliminez les barrières entre vous et l'image. L'écran FHD E24 G5 HP offre une qualité d'image et une flexibilité hors pair, ainsi qu'un confort ultra-personnalisable. Aussi élégant qu'écoresponsable, cet écran est votre compagnon parfait pour le bureau et la maison.",,,,,IPS,1920 x 1080 pixels,5 ms (gris à gris avec Overdrive),75 Hz,250 cd/m²,23.8 pouces,,,"HDMI, DisplayPort, Activation du concentrateur USB-B","Tension de 100 à 240 V CA, Fréquence de 50 à 60 HZ",,53.94 cm x 21.1 cm x 50.7 cm,5.4 kg,"TCO Certified Edge Displays, TCO Certified Displays 9, ENERGY STAR EPEAT Gold",,,Garantie limitée - 3 an,,,Neuf,Noir,https://manystacks.s3.eu-west-3.amazonaws.com/Produits/Images/6N6E9AA%23ABB.jpg,,,,,,,,, 155.00,6.00,0
64W41AA#ABB,"HP P27h G5 - 27""","HP P27h G5, P-Series, écran LED, Full HD (1080p) , 27 pouces",,,,,accessoires,ecrans,HP,P27h G5,"Élargissez votre champ de vision et votre productivité avec ce moniteur FHD d'une diagonale, lorsque vous travaillez à la maison ou au bureau. Ce moniteur élégant rend le travail hybride facile et complet grâce à un écran net et fluide, un son intégré et un design simple, afin que vous puissiez en faire plus tous les jours.",,,,,IPS,1920 x 1080 pixels,5 ms (gris à gris avec Overdrive),75 Hz,250 cd/m²,27 pouces,,,"HDMI, VGA, DisplayPort","Tension de 100 à 240 V CA, Fréquence de 50 à 60 HZ",,61.1 cm x 20.23 cm x 50.97 cm,5.75 kg,"TCO Certified Edge Displays, TCO Certified Displays 9, ENERGY STAR EPEAT Gold",,,Garantie de 3 ans,,,Neuf,Noir,https://manystacks.s3.eu-west-3.amazonaws.com/Produits/Images/64W41AA%23ABB.jpg,,,,,,,,, 149.00,6.00,0
8Y2R2AA#ABB,"HP 740pm - 40""","HP 740pm ,Series 7 Pro, écran LED , incurvé ,40 pouces",,,,,accessoires,ecrans,HP,740pm,"Le moniteur HP 740pm est conçu pour répondre aux besoins des professionnels et des passionnés, offrant un mélange de performances et de fonctions pratiques. Son écran de 40 pouces avec un rapport d'aspect 21:9 offre une vaste toile pour le multitâche, les jeux et la consommation multimédia. La haute résolution native de 5120 x 2160 garantit que chaque détail est net et clair, tandis que le rapport de contraste dynamique de 10000000:1 offre des noirs profonds et des couleurs éclatantes.
Les fonctions de réglage telles que la hauteur et l'inclinaison permettent aux utilisateurs de personnaliser leur angle de vision pour un confort optimal, réduisant ainsi le risque de fatigue lors d'une utilisation prolongée. De plus, l'inclusion des interfaces DisplayPort et Thunderbolt 3 offre des options de connectivité flexibles pour un flux de travail fluide. Que ce soit pour un usage professionnel, pour le divertissement ou pour tout autre usage, le moniteur HP 740pm est un choix convaincant pour ceux qui recherchent une expérience visuelle de haute qualité.",,,,,IPS,5120 x 2160 pixels,5 ms (gris à gris avec Overdrive),60 Hz,300 cd/m²,40 pouces,,,"DisplayPort (HDCP)
Sortie DisplayPort (HDCP)
HDMI (HDCP)
4 x USB 3.2 descendant de génération 1 (1 charge)
2 x Thunderbolt 3/USB-C 3.2 de 1ère génération en amont/mode Art DisplayPort 1.4 (DisplayPort Alt Mode, données, puissance jusqu'à 100 W)
Réseau (RJ-45)","Tension de 100 à 240 V CA, Fréquence de 50 à 60 HZ",Haut-parleurs,94.74 cm x 29.25 cm x 64.48 cm,14.2 kg,ENERGY STAR,,,Garantie de 3 ans,,,Neuf,Noir,https://manystacks.s3.eu-west-3.amazonaws.com/Produits/Images/8Y2R2AA%23ABB.jpg,,,,,,,,, 1714.00,57.00,0
XU2493HS-B6,"iiyama ProLite XU2493HS-B6 - 24""","iiyama ProLite XU2493HS-B6, écran LED, Full HD (1080p), IPS, 24 pouces",,,,,accessoires,ecrans,iiyama,ProLite XU2493HS-B6,"Découvrez le mélange parfait de performance et d'excellence visuelle avec le moniteur iiyama ProLite XU2493HS-B6. Conçu pour les activités professionnelles et de loisirs, ce moniteur Full HD de 24 pouces offre des visuels époustouflants grâce à sa gamme de couleurs sRGB de 96% et à son rapport de contraste dynamique de 80000000:1. Que vous jouiez, regardiez des films ou travailliez sur des projets sensibles aux couleurs, les couleurs vibrantes et précises donnent vie à votre contenu.
L'écran iiyama ProLite XU2493HS-B6 ne se contente pas d'impressionner par ses images. Il est équipé de la technologie Adaptive-Sync et d'un temps de réponse rapide de 0,5 ms, garantissant une expérience visuelle fluide et ininterrompue. L'intégration de la fonction de réduction de la lumière bleue et de la technologie anti-scintillement signifie également que vous pouvez profiter confortablement de ces images pendant de longues périodes. Grâce à sa conception économe en énergie et à sa conformité aux principales normes environnementales, ce moniteur constitue un choix judicieux pour les utilisateurs soucieux de l'environnement et à la recherche d'une solution d'affichage performante.",,,,,IPS,1920 x 1080 pixels,0.5 ms (MPRT),100 Hz,250 cd/m²,24 pouces,,,"HDMI
DisplayPort
Casque","Tension de 100 à 240 V CA, Fréquence de 50 à 60 HZ",Haut-parleurs - stéreo,53.95 cm x 21.1 cm x 39.3 cm,3.5 kg,,,,,,,Neuf,Noir mat,https://manystacks.s3.eu-west-3.amazonaws.com/Produits/Images/XU2493HS-B6.jpg,,,,,,,,, 96.00,3.00,0
XUB2493HSU-B6,"iiyama ProLite XUB2493HSU-B6 - 24""","iiyama ProLite XUB2493HSU-B6, écran LED, Full HD (1080p), IPS,
24 pouces",,,,,accessoires,ecrans,iiyama,ProLite XUB2493HSU-B6,"Découvrez le mélange parfait de performance et de confort avec le moniteur iiyama ProLite XUB2493HSU-B6. Conçu pour les professionnels et les joueurs, ce moniteur Full HD 24 pouces associe une clarté d'image éclatante à un design ergonomique pour assurer un confort maximal pendant de longues heures d'utilisation. Avec un rapport de contraste dynamique de 80 000 000:1 et la prise en charge de 16,7 millions de couleurs, il offre une qualité d'image exceptionnelle et des couleurs réalistes. Le support réglable en hauteur, en pivot, en rotation et en inclinaison vous permet de trouver l'angle de vue idéal. Les options de connectivité avancées, notamment HDMI, DisplayPort et un hub USB 2.0 intégré, facilitent la connexion de tous vos appareils. Des fonctions de confort oculaire, telles que la technologie Flicker-Free et une fonction de réduction de la lumière bleue, minimisent la fatigue oculaire lors d'une utilisation prolongée. Que vous travailliez, jouiez ou profitiez du multimédia, l'écran iiyama ProLite XUB2493HSU-B6 est conçu pour améliorer votre expérience.",,,,,IPS,1920 x 1080 pixels,1 ms (MPRT),100 Hz,250 cd/m²,24 pouces,,,"1 x câble USB
1 x câble HDMI
1 x câble d'alimentation","Tension de 100 à 240 V CA, Fréquence de 50 à 60 HZ",Haut-parleurs - stéreo,53.85 cm x 20.95 cm x 35 cm,4.6 kg,,,,Garantie limitée - 3 ans - sur site,,,Neuf,Noir mat,https://manystacks.s3.eu-west-3.amazonaws.com/Produits/Images/XUB2493HSU-B6.jpg,,,,,,,,, 133.00,5.00,0
XUB3293UHSN-B5,"iiyama ProLite XUB3293UHSN-B5 - 32""","iiyama ProLite XUB3293UHSN-B5, écran LED, 4K, IPS, 32 pouces",,,,,accessoires,ecrans,iiyama,ProLite XUB3293UHSN-B5,"Équipé du commutateur KVM, le XUB3293UHSN vous permet de connecter plusieurs ordinateurs qui peuvent être utilisés sur une seule console (moniteur, clavier, souris). La station d'accueil USB-C offre un espace de travail propre et pratique en utilisant un seul câble pour à la fois envoyer le signal de votre ordinateur portable vers votre moniteur et alimenter et charger l'ordinateur portable depuis le moniteur. En outre, si votre moniteur est connecté à Internet à l'aide d'un câble LAN, votre ordinateur portable sera automatiquement connecté au réseau également. Le panneau IPS garantit des angles de vision larges et des couleurs naturelles et très précises.",,,,,IPS,3840 x 2160 pixels,4 ms (gris à gris),60 Hz,350 cd/m²,32 pouces,,,"1 x Câble DisplayPort
1 x câble HDMI
1 x câble USB
1 x câble USB-C","Tension de 100 à 240 V CA, Fréquence de 50 à 60 HZ",Haut-parleurs - stéreo,71.4 cm x 23.95 cm x 45.2 cm,9.9 kg,,,,Garantie de 3 ans,,,Neuf,Noir mat,https://manystacks.s3.eu-west-3.amazonaws.com/Produits/Images/XUB3293UHSN-B5.jpg,,,,,,,,, 429.00,14.00,0
T2754MSC-B1AG,"iiyama ProLite T2754MSC-B1AG - 27""","iyama ProLite T2754MSC-B1AG, écran LED, Full HD (1080p), 27 pouces",,,,,accessoires,ecrans,iiyama,ProLite T2754MSC-B1AG,"Le ProLite T2754MSC-B1AG Full HD (1920x1080) en technologie capacitive projetée à 10 points tactiles avec résolution fournit une solution tactile précise et homogène. Equipé de la technologie d'écran LCD IPS, il offre une reproduction exceptionnelle des couleurs et des angles de vision larges, ce qui en fait un choix parfait pour une vaste gamme d'applications interactives.
Le revêtement antireflet permet d'éviter les problèmes de reflets et de sources de lumière externes affectant la reproduction des couleurs, le contraste et la netteté. Son support flexible peut être positionné sous plusieurs angles créant une expérience ergonomique et confortable pour l'utilisateur. Le ProLite T2754MSC est une solution idéale pour l'affichage interactif, les boutiques, les points de vente et les présentations interactives.",,,,,Full HD,1920 x 1080 pixels,4 ms (gris à gris),60 Hz,300 cd/m²,27 pouces,,,"VGA
HDMI
2 x aval USB 3.0 (Type A)
Amont USB 3.0 (Type B)
Entrée de ligne audio (mini-prise)","Tension de 100 à 240 V CA, Fréquence de 50 à 60 HZ",Haut-parleurs - stéreo,61.2 cm x 12.1 cm x 41.85 cm,6.6 kg,,,,Garantie de 2 ans,,,Neuf,Noir mat,https://manystacks.s3.eu-west-3.amazonaws.com/Produits/Images/T2754MSC-B1AG.jpg,,,,,,,,, 439.00,14.00,0
24B3HA2,"Écran AOC Basic-line 24B3HA2 - 24""","AOC Basic-line 24B3HA2 - écran LED, Full HD (1080p), IPS
, 24 pouces",,,,,accessoires,ecrans,AOC,Basic-line 24B3HA2,"Découvrez le moniteur AOC Basic-line 24B3HA2, conçu pour les professionnels et les passionnés. Ce moniteur Full HD de 24 pouces offre des images époustouflantes avec une large gamme de couleurs, dont 95,2 % de couverture sRGB et 73,8 % de couverture DCI-P3, garantissant des couleurs précises et éclatantes. La technologie AMD Adaptive-Sync élimine les déchirures et les bégaiements de l'image pour une expérience visuelle fluide lors des scènes rapides. Avec son design élégant, ses bords ultra-fins et son écran antireflet, l'AOC Basic-line 24B3HA2 minimise la fatigue oculaire lors d'une utilisation prolongée, grâce à la technologie Flicker-Free. Les options de connectivité polyvalentes, y compris les ports HDMI et VGA, permettent une installation facile et une compatibilité avec une large gamme d'appareils. Que vous travailliez sur des projets de conception graphique détaillés, que vous regardiez vos films préférés ou que vous dominiez les jeux, ce moniteur est conçu pour améliorer chaque instant.",,,,,IPS- Full HD,1920 x 1080 pixels,"14 ms (gris à gris), 1 ms (MPRT), 4 ms (gris à gris avec overdrive)",100 Hz,250 cd/m²,24 pouces,,,"HDMI
VGA
Sortie de ligne audio","Tension de 100 à 240 V CA, Fréquence de 50 à 60 HZ",Haut-parleurs - stéreo,54.24 cm x 20.23 cm x 41.21 cm,2.97 kg,,,,Garantie de 3 ans,,,Neuf,Noir,https://manystacks.s3.eu-west-3.amazonaws.com/Produits/Images/24B3HA2.jpg,,,,,,,,, 72.00,3.00,0
24P2QM,"Écran AOC Pro-line 24P2QM - 24""","AOC Pro-line 24P2QM - P2 Series, écran LED, Full HD (1080p), 24 pouces",,,,,accessoires,ecrans,AOC,Pro-line 24P2QM,"L'AOC 242P2QM est un panneau VA de 23,8 pouces, avec une résolution FHD et des détails nets et profonds, maintenu dans un châssis sans cadre à trois côtés que vous pouvez régler, pivoter et incliner selon vos besoins de confort au cours de longues heures de travail. Agréable à œil avec l'anti-éblouissement, le mode faible lumière bleue et Adaptive-Sync pour éviter le flou. Connectivité essentielle mais complète.",,,,,Full HD,1920 x 1080 pixels,4 ms (gris à gris),75 Hz,300 cd/m²,24 pouces,,,"HDMI, DVI, DisplayPort, VGA","Tension de 100 à 240 V CA, Fréquence de 50 à 60 HZ","Hauteur, pivot (rotation), pivotant, inclinaison",54.02 cm x 20.1 cm x 51.3 cm,4.75 kg,TCO Certified Displays 9,,,Garantie de 3 ans,,,Neuf,Noir,https://manystacks.s3.eu-west-3.amazonaws.com/Produits/Images/24P2QM.jpg,,,,,,,,, 131.00,5.00,0
U32G3X/BK,"Écran AOC Gaming U32G3X/BK - 32""","2xDisplayPort, 2xHDMI, Écran LED, IPS, 32pouces",,,,,accessoires,ecrans,AOC,Gaming U32G3X/BK,"Faites passer vos aventures de jeu à la vitesse supérieure avec le moniteur compatible G-sync U32G3X/BK, qui offre un écran impressionnant de 31,5 pouces avec une résolution 4K UHD de 3840 x 2160.",,,,,IPS,3840 x 2160pixels,"1 ms (gris à gris), 1 ms (MPRT)",144 Hz,144 Hz,32 pouces,,,"2 x HDMI
2 x DisplayPort 1.4
Casque","Tension de 100 à 240 V CA, Fréquence de 50 à 60 HZ",Haut-parleurs,71.53 cm x 25.88 cm x 58.71 cm,7.79 kg,,,,Garantie de 3 ans,,,Neuf,Noir,https://manystacks.s3.eu-west-3.amazonaws.com/Produits/Images/U32G3X%3ABK.jpg,,,,,,,,, 586.00,19.00,0
27B3HA2,"Écran AOC Basic-line 27B3HA2 - 27""","VGA, HDMI, écran LED, IPS, 1 ms, 27 pouces",,,,,accessoires,ecrans,AOC,Basic-line 27B3HA2,"Le moniteur AOC 27B3HA2 de la série Basic-line est un moniteur qui allie performance et prix abordable. Ce moniteur LCD rétroéclairé par LED de 27 pouces est conçu pour les activités professionnelles et de loisirs. Il offre une résolution Full HD et une dalle IPS pour des angles de vision larges et une précision des couleurs supérieure. Grâce à la technologie AMD Adaptive-Sync, il garantit des sessions de jeu fluides et immersives, sans déchirure de l'écran. La large gamme de couleurs, comprenant 96,5 % de sRGB et 76,9 % de DCI-P3, en fait un choix idéal pour les professionnels de la création à la recherche d'une représentation précise des couleurs. En outre, le moniteur est équipé de fonctions telles que la technologie Flicker-Free et un pied réglable en inclinaison pour un meilleur confort lors d'une utilisation prolongée. Sa conception écologique, caractérisée par une faible consommation d'énergie, en fait un choix judicieux pour les utilisateurs soucieux de l'environnement. Que ce soit pour le travail, les loisirs ou toute autre activité, l'écran AOC 27B3HA2 offre un mélange convaincant de fonctionnalités pour améliorer votre expérience numérique.",,,,,IPS,1920 x 1080pixels,"4 ms (gris à gris), 1 ms (MPRT)",100 Hz,250 cd/m²,27pouces,,,"HDMI (HDCP 1.4)
VGA
Sortie de ligne audio",,Haut-parleurs - stéreo,61.66 cm x 22.95 cm x 45.29 cm,6.37 kg,,,,Garantie de 3 ans,,,Neuf,Noir,https://manystacks.s3.eu-west-3.amazonaws.com/Produits/Images/27B3HA2.jpg,,,,,,,,, 84.00,3.00,0
24P3CW,"Écran AOC Pro-line 24P3CW - 24""","2xDisplayPort, HDMI, USB-C, IPS, Écran LED, 24pouces",,Oui,5 mégapixels,,accessoires,ecrans,AOC,Pro-line 24P3CW,"L'AOC 24P3CW est un moniteur IPS à écran plat de 23,8 pouces avec une conception de cadre à trois côtés qui a tout ce dont vous avez besoin pour tirer le meilleur parti de votre journée de travail. Profitez d'une qualité d'image vive et réaliste grâce à la résolution Full HD (1 920 x 1 080) améliorée, associée à une luminosité de 300 nits et à des angles de vision généreux de 178/178°. Pour assurer une collaboration à distance fluide, ce moniteur est doté de deux haut-parleurs 5 W + 5 W intégrés pour un son de haute qualité et d'une webcam intégrée 5MP prenant en charge Windows Hello. Le moniteur 24P3CW est prêt à augmenter votre productivité avec USB-C prenant en charge l'alimentation jusqu'à 65 W, le transfert de données et le mode DP-alt. La connectivité de ce moniteur est améliorée par un hub USB, une sortie RJ-45 et une sortie DP. Pour garantir la consommation d'énergie la plus efficace, un éventail de certifications environnementales, notamment EPA, TCO et EPEAT, complète ce moniteur.",,,,,IPS,1920 x 1080pixels,4 ms (gris à gris),75 Hz,300 cd/m²,24 pouces,,,"HDMI
2 x DisplayPort 1.2
USB-C 3.2 (DisplayPort Alt Mode, données,","Tension de 100 à 240 V CA, Fréquence de 50 à 60 HZ",Haut-parleurs - stéreo,,"8,42 KG",TCO Certified Displays 9,,,Garantie de 3 ans,,,Neuf,Noir,https://manystacks.s3.eu-west-3.amazonaws.com/Produits/Images/24P3CW.jpg,,,,,,,,, 262.00,9.00,0
U32U3CV,"Écran AOC U32U3CV - 32""","AOC U32U3CV - Graphic Pro Series - écran LED , 4K, 32 pouce,HDR",,,,,accessoires,ecrans,AOC,U32U3CV,"Le moniteur AOC U32U3CV de la série Graphic Pro est conçu pour les professionnels qui exigent précision et exactitude des couleurs dans leur travail. Avec un écran 4K de 32 pouces alimenté par la technologie Nano IPS, il offre de larges angles de vision et une couverture complète des couleurs, notamment 135,3 % sRGB et 100,3 % Adobe RGB. La technologie HDR donne vie à vos visuels avec la certification VESA DisplayHDR 400, améliorant la plage dynamique de votre contenu pour une expérience visuelle plus immersive.
La connectivité est facile avec les interfaces HDMI, DisplayPort et USB-C, complétées par un hub USB-C intégré qui prend en charge la fourniture d'énergie jusqu'à 96 W, ce qui vous permet de charger vos appareils directement à partir du moniteur. La conception ergonomique comprend un écran sans cadre sur 4 côtés et un support réglable, offrant un confort pour de longues heures de travail. Que vous soyez un professionnel créatif ou un passionné de technologie, l'AOC U32U3CV offre les performances et les fonctionnalités nécessaires pour répondre à vos besoins.",,,,,Nano IPS,3840 x 2160 pixels,4 ms (gris à gris),60 Hz,400 cd/m²,32 pouces,,,"2 x HDMI (HDCP 2.2)
DisplayPort 1.4 (HDCP 2.2)
Flux montant USB-C 3,2 Gen 2 (DisplayPort Alt Mode, données, puissance jusqu'à 96 W)
Flux montant USB-C 3,2 Gen 2
Réseau (RJ-45)
USB-C 3.2 de génération 2 en aval (alimentation jusqu'à 15 W)
4 x USB 3.2 Gen 2 (Type A)
Sortie de ligne audio (mini-prise)","Tension de 100 à 240 V CA, Fréquence de 50 à 60 HZ",Haut-parleurs - stéreo,71.44 cm x 5.25 cm x 42.23 cm,6.34 kg,,,,Garantie limitée - 3 ans,,,Neuf,Noir,https://manystacks.s3.eu-west-3.amazonaws.com/Produits/Images/U32U3CV.jpg,,,,,,,,, 577.00,19.00,0
XU2793HS-B6,"iiyama ProLite XU2793HS-B6 - 27""","iiyama ProLite XU2793HS-B6 , écran LED, Full HD (1080p) , IPS, 27 pouces",,,,,accessoires,ecrans,iiyama,ProLite XU2793HS-B6,"Découvrez le mélange parfait de performance et de confort avec le moniteur iiyama ProLite XU2793HS-B6. Conçu pour les activités professionnelles et de loisirs, ce moniteur Full HD 27 pouces donne vie à votre monde numérique avec une clarté étonnante et des couleurs éclatantes, grâce à son impressionnant rapport de contraste dynamique et à la couverture d'une large gamme de couleurs. Que vous jouiez, travailliez ou profitiez du multimédia, la technologie AMD FreeSync et le temps de réponse rapide de 1 ms garantissent des images fluides, vous permettant de vous immerger dans chaque instant.
Conçu de manière ergonomique pour améliorer votre expérience visuelle, le moniteur offre des réglages d'inclinaison pratiques et un design élégant, sans cadre sur trois côtés, qui s'intègre parfaitement à tout espace de travail. Les technologies avancées de protection des yeux, notamment Flicker-Free et Blue Light Reducer, minimisent la fatigue oculaire lors d'une utilisation prolongée, ce qui en fait un choix idéal pour les longues heures passées devant l'écran. De plus, grâce à son engagement en faveur de la durabilité environnementale, avec le mode Eco et la conformité aux principales normes écologiques, l'écran iiyama ProLite XU2793HS-B6 n'est pas seulement un choix intelligent pour vos besoins de visualisation, mais aussi pour la planète.",,,,,IPS,1920 x 1080 pixels,1 ms (MPRT),100 Hz,250 cd/m²,27 pouces,,,"HDMI
DisplayPort
Prise pour casque d'écoute","Tension de 100 à 240 V CA, Fréquence de 50 à 60 HZ",Haut-parleurs - stéreo,61.15 cm x 18.9 cm x 43.5 cm,4.6 kg,,,,Garantie limitée - 3 ans,,,Neuf,Noir mat,https://manystacks.s3.eu-west-3.amazonaws.com/Produits/Images/XU2793HS-B6.jpg,,,,,,,,, 110.00,4.00,0
XU2293HSU-B6,"iiyama ProLite XU2293HSU-B6 - 22""","iiyama ProLite XU2293HSU-B6, écran LED - Full HD (1080p) - IPS, 22 pouces",,,,,accessoires,ecrans,iiyama,ProLite XU2293HSU-B6,"Découvrez le mélange parfait de performance et de style avec le moniteur iiyama ProLite XU2293HSU-B6. Conçu pour les environnements professionnels et de jeu, ce moniteur Full HD de 22 pouces offre des visuels éclatants et des images claires et nettes grâce à sa gamme de couleurs sRGB de 96 % et ses 16,7 millions de couleurs. La technologie AMD FreeSync, associée à un temps de réponse rapide de 1 ms et à un taux de rafraîchissement de 100 Hz, garantit des scènes d'action fluides et sans larmes, ce qui en fait un choix idéal pour les joueurs à la recherche d'un avantage concurrentiel.
Ergonomique, le moniteur offre des réglages d'inclinaison et présente un design sans cadre sur trois côtés, ce qui optimise l'espace de l'écran et améliore votre expérience visuelle. La connectivité est un jeu d'enfant grâce aux entrées HDMI et DisplayPort, ainsi qu'au hub USB 2.0 intégré pour la connexion des périphériques. De plus, le confort oculaire est une priorité grâce à la technologie Flicker-Free et à la fonction Blue Light Reducer, qui réduisent la fatigue oculaire lors d'une utilisation prolongée. Que ce soit pour le travail, les loisirs ou toute autre activité, le ProLite XU2293HSU-B6 d'IIYAMA est conçu pour répondre à vos besoins.",,,,,IPS,1920 x 1080 pixels,1 ms (MPRT),100 Hz,250 cd/m²,22 pouces,,,"HDMI
DisplayPort
Prise pour casque d'écoute
Amont USB 2.0
2 x aval USB 2.0",,Haut-parleurs - stéreo,49.2 cm x 17.8 cm x 35.9 cm,2.6 kg,,,,Garantie de 3 ans,,,Neuf,Noir mat,https://manystacks.s3.eu-west-3.amazonaws.com/Produits/Images/XU2293HSU-B6.jpg,,,,,,,,, 96.00,3.00,0
XUB2763HSU-B1,"iiyama ProLite XUB2763HSU-B1 - 27""","iiyama ProLite XUB2763HSU-B1 , écran LED - Full HD (1080p) - 27pouces",,,,,accessoires,ecrans,iiyama,ProLite Eco Green XUB2763HSU-B1,"Découvrez le mélange parfait de performance et de confort avec le moniteur iiyama ProLite XUB2763HSU-B1. Conçu pour les professionnels et les particuliers, ce moniteur Full HD de 27 pouces offre une qualité d'image exceptionnelle grâce à son rapport de contraste dynamique de 80 000 000:1 et à sa gamme de couleurs sRGB de 96%, garantissant des couleurs vives et des noirs profonds. La conception ergonomique permet de régler la hauteur, le pivot, le pivotement et l'inclinaison, ce qui offre des angles de vue optimaux et un grand confort pendant de longues heures d'utilisation.
Les options de connectivité avancées, notamment les interfaces HDMI et DisplayPort ainsi qu'un hub USB 3.2 Gen 1 intégré, facilitent la connexion de tous vos appareils, garantissant un flux de travail fluide et productif. Les fonctions de confort oculaire telles que la technologie Flicker-Free et la fonction de réduction de la lumière bleue minimisent la fatigue oculaire pour une expérience visuelle plus confortable. De plus, son classement EPEAT Silver et sa conformité à de nombreux standards environnementaux font du iiyama ProLite XUB2763HSU-B1 un choix écologique pour les utilisateurs soucieux de leur impact sur l'environnement.",,,,,IPS,1920 x 1080 pixels,3 ms (gris à gris),100 Hz,250 cd/m²,27 pouces,,,"HDMI
DisplayPort
USB 3.2 montant de génération 1
2 x USB 3.2 descendant de génération 1
Prise pour casque d'écoute","Tension de 100 à 240 V CA, Fréquence de 50 à 60 HZ",Haut-parleurs - stéreo,61.2 cm x 20.95 cm x 38.75 cm,5.8 kg,EPEAT Silver,,,Garantie de 3 ans,,,Neuf,Noir mat,https://manystacks.s3.eu-west-3.amazonaws.com/Produits/Images/XUB2763HSU-B1.jpg,,,,,,,,, 152.00,5.00,0
MMYW3FN/A,"Apple Studio Display Nano-Texture 5K - 27""","Studio Display Nano-texture glass , écran LCD, 5K , 27pouces","Apple macOS Monterey 12.3 ou supérieur, Apple iPadOS 15.4 ou ultérieur",Oui,12 mégapixels (ultra large),,accessoires,ecrans,Apple,Studio Display Nano-texture glass,"Fenêtre grande ouverte sur de nouveaux horizons, le Studio Display captive au premier regard. Son design tout écran, tout en finesse, invite à puiser dans un ensemble de fonctionnalités phénoménal. Tout ce que vous faites prend vie là, sous vos yeux, dans une explosion de couleurs et de détails spectaculaires.",,,,,Écran LCD,5120 x 2880pixels,,,600 cd/m²,27 pouces,,,"Thunderbolt 3 / USB-C (alimentation jusqu'à 96 W)
3 x USB-C","Tension de 100 à 240 V CA, Fréquence de 50 à 60 HZ",Haut-parleurs avec subwoofer - stéréo avec caisson de basse,62.3 cm x 16.8 cm x 47.8 cm,6.3 kg,ENERGY STAR,,,"Garantie limitée - 1 an
Support technique - conseil - 90 jours
""",,,Neuf,Gris sidéral,https://manystacks.s3.eu-west-3.amazonaws.com/Produits/Images/MMYW3FN%3AA.jpg,,,,,,,,, 1982.00,63.00,0
MXK93Z/A,Apple Magic Trackpad,Apple Magic Trackpad - pavé tactile - Bluetooth - blanc,"Apple MacOS X 10.11 ou plus récent, Apple iPadOS 13.4 ou ultérieur",,,,accessoires,claviers,Apple,Magic Trackpad,"Le Magic Trackpad est le premier trackpad Multi-Touch conçu pour fonctionner avec votre ordinateur de bureau Mac. Il utilise la même technologie Multi-Touch que vous aimez tant sur MacBook Pro. Il gère également un ensemble complet de mouvements, révolutionnant ainsi votre manière de contrôler et d'interagir avec ce qui se trouve sur votre écran. Balayez les pages en ligne comme si vous feuilletiez les pages d'un livre ou d'un magazine. De plus, grâce au défilement à inertie, il n'a jamais été aussi simple de faire défiler une page de haut en bas. Le Magic Trackpad se connecte à votre Mac grâce à la technologie sans fil Bluetooth. Il peut remplacer la souris ou être utilisé conjointement avec celle-ci.",,,,,Pavé tactile,,,,,,,Bluetooth,1 x USB-C - 24 pin USB-C,,,16 cm x 11.49 cm x 1.09 cm,230 g,,,,Garantie limitée - 1 an,,,Neuf,Blanc,https://manystacks.s3.eu-west-3.amazonaws.com/Produits/Images/MXK93Z%3AA.jpg,,,,,,,,, 139.00,5.00,0
MXK73F/A,Apple Magic Keyboard (USB-C) avec pavé numérique et Touch ID,Magic Keyboard with Touch ID and Numeric Keypad - clavier - USB-C (AZERTY) Français,Apple macOS Big Sur 11.4 ou ultérieur,,,,accessoires,claviers,Apple,Magic Keyboard with Touch ID and Numeric Keypad,"Le Magic Keyboard est maintenant offert avec Touch ID - un mode d'authentification rapide et facile pour les connexions et les achats sécurisés.
Le clavier Magic Keyboard avec Touch ID et pavé numérique offre un confort et une précision remarquables. Il propose un format étendu, des commandes de navigation rapide dans les documents et des touches fléchées pleine taille, parfaites pour les jeux. Son pavé numérique est idéal pour travailler dans les feuilles de calcul et les apps comptables. Sans fil et rechargeable, il intègre une batterie ultra-longue durée. Comme il se connecte automatiquement à votre Mac, vous pouvez vous mettre à l'œuvre sans attendre.",,,,,,,,,,,,Bluetooth,USB-C (pour câble détachable),,,41.87 cm x 11.49 cm x 1.09 cm,369 g,,,Français (AZERTY),Garantie limitée - 1 an,,,Neuf,Clés blanches,https://manystacks.s3.eu-west-3.amazonaws.com/Produits/Images/MXK73F%3AA.jpg,,,,,,,,, 199.00,7.00,0
MXK83F/A,Apple Magic Keyboard (USB-C) avec pavé numérique et Touch ID,"Magic Keyboard with Touch ID and Numeric Keypad , clavier , USB-C ,AZERTY ,Français",Apple macOS Big Sur 11.4 ou ultérieur,,,,accessoires,claviers,Apple,Magic Keyboard with Touch ID and Numeric Keypad,"Le Magic Keyboard est maintenant offert avec Touch ID - un mode d'authentification rapide et facile pour les connexions et les achats sécurisés.
Le clavier Magic Keyboard avec Touch ID et pavé numérique offre un confort et une précision remarquables. Il propose un format étendu, des commandes de navigation rapide dans les documents et des touches fléchées pleine taille, parfaites pour les jeux. Son pavé numérique est idéal pour travailler dans les feuilles de calcul et les apps comptables. Sans fil et rechargeable, il intègre une batterie ultra-longue durée. Comme il se connecte automatiquement à votre Mac, vous pouvez vous mettre à l'œuvre sans attendre.",,,,,,,,,,,,Bluetooth,USB-C (pour câble détachable),,,41.87 cm x 11.49 cm x 1.09 cm,369 g,,,Français (AZERTY),Garantie limitée - 1 an,,,Neuf,Clés noires,https://manystacks.s3.eu-west-3.amazonaws.com/Produits/Images/MXK83F%3AA.jpg,,,,,,,,, 228.00,8.00,0
MXCL3F/A,Apple Magic Keyboard (USB-C),"Apple Magic Keyboard, Clavier, USB-C, sans fil, Bluetooth,","Apple iOS 14.5 ou version ultérieure, Apple iPadOS 14.5 ou ultérieur, Apple MacOS 11.3 ou plus récent",,,,accessoires,claviers,Apple,Magic Keyboard with Touch ID and Numeric Keypad,"Le Magic Keyboard est maintenant offert avec Touch ID - un mode d'authentification rapide et facile pour les connexions et les achats sécurisés.
Le clavier Magic Keyboard avec Touch ID et pavé numérique offre un confort et une précision remarquables. Il propose un format étendu, des commandes de navigation rapide dans les documents et des touches fléchées pleine taille, parfaites pour les jeux. Son pavé numérique est idéal pour travailler dans les feuilles de calcul et les apps comptables. Sans fil et rechargeable, il intègre une batterie ultra-longue durée. Comme il se connecte automatiquement à votre Mac, vous pouvez vous mettre à l'œuvre sans attendre.",,,,,,,,,,,,Bluetooth,USB-C,,,27.89 cm x 11.49 cm x 1.09 cm,"0,42 KG",,,Français (AZERTY),Garantie limitée - 3 ans,,,Neuf,Blanc,https://manystacks.s3.eu-west-3.amazonaws.com/Produits/Images/MXCL3F%3AA.jpg,,,,,,,,, 119.00,4.00,0
920-007907,Logitech MK235,"Ensemble clavier et souris, sans fil, 2.4 GHz,","Linux, Google Chrome OS, Apple OS X 10.8 Mountain Lion, Microsoft Windows 7 / 8 / 10",,,,accessoires,claviers,Logitech,MK235,"Clavier de taille standard, souris ambidextre, entièrement sans fil. Ce duo offre toutes les fonctionnalités dont vous avez besoin dans une conception confortable et durable, facile à utiliser et qui permet de garder votre espace propre et agréable. Construit selon les standards de qualité reconnus de Logitech, l'ensemble MK235 est conçu pour durer.",,,,,,,,,,,,,Récepteur sans fil USB,,,"Clavier: 43.55 cm x 13.75 cm x 2.05 cm / 475 g
Souris: 6.15 cm x 9.77 cm x 3.52 cm / 70.5 g
Récepteur sans fil: 1.87 cm x 1.44 cm x 0.66 cm / 2 g","0,62 KG",,,Français (AZERTY),Garantie limitée - 2 ans,,,Neuf,Noir,https://manystacks.s3.eu-west-3.amazonaws.com/Produits/Images/920-007907.jpg,,,,,,,,, 32.00,1.00,0
920-009190,Logitech MK470,"Ensemble clavier et souris, sans fil, 2.4 GHz",Microsoft Windows 7 / 8 / 10,,,,accessoires,claviers,Logitech,Slim Wireless Combo MK470,"Transformez n'importe quel espace en un endroit minimaliste, moderne et silencieux avec l'ensemble sans fil ultra-fin MK470 qui comprend un clavier et une souris au design -mince, compact et avant-gardiste, parfait pour travailler efficacement.",,,,,,,,,,,,,Nano récepteur sans fil USB,,,"Clavier: 37.35 cm x 14.39 cm x 2.13 cm / 558 g
Souris: 5.9 cm x 10.7 cm x 2.65 cm / 100 g
Récepteur sans fil: 1.87 cm x 0.61 cm x 1.44 cm / 1.8 g","0,86 KG",,,Français (AZERTY),Garantie de 2 ans,,,Neuf,Graphite,https://manystacks.s3.eu-west-3.amazonaws.com/Produits/Images/920-009190.jpg,,,,,,,,, 48.00,2.00,0
920-002515,Logitech K120,"Clavier, USB, version OEM","Linux Kernel 2.6 ou versions supérieures, Microsoft Windows Vista / XP / 7",,,,accessoires,claviers,Logitech,K120,Son design bien ajusté permet à ce clavier d'être complet. C'est un partenaire fiable et durable équipé d'un pavé numérique avec une conception facile à utiliser qui fonctionne directement dès sa sortie de la boîte. Il suffit de brancher ce clavier filaire via USB.,,,,,,,,,,,,,USB,,,45 cm x 15.5 cm x 2.4 cm,0.55 kg,,,Français (AZERTY),,,,Neuf,Noir,https://manystacks.s3.eu-west-3.amazonaws.com/Produits/Images/920-002515.jpg,,,,,,,,, 13.00,1.00,0
MXK53Z/A,Apple Magic Mouse (USB-C),"Magic Mouse , souris , Bluetooth , blanc","Apple MacOS X 10.11 ou plus récent, Apple iPadOS 13.4 ou ultérieur",,,,accessoires,souris,Apple,Magic Mouse,"Avec son profil fuselé et sa coque supérieure sans raccord, Magic Mouse est si épurée et tellement différente qu'elle change complètement la façon dont vous naviguez sur votre Mac. Vous ne pourrez pas vous empêcher de vous émerveiller devant son aspect lisse, sans bouton. Puis dès que vous la toucherez, vous appréciez à quel point elle est agréable à tenir en main. Mais c'est seulement quand vous commencerez à l'utiliser que Magic Mouse sera pour vous une révélation. La zone Multi-Touch occupe la totalité de la surface supérieure de la souris qui elle-même fait office de bouton. Faites défiler dans n'importe quelle direction d'un seul doigt, balayez avec deux doigts pour passer d'une page web ou d'une photo à l'autre et cliquez ou double-cliquez de n'importe où. À l'intérieur de Magic Mouse se trouve une puce qui lui indique exactement ce que vous voulez faire. Ainsi, Magic Mouse ne confondra pas un défilement avec un balayage. Elle sait même quand vous ne faites que reposer votre main sur elle.
Magic Mouse utilise un système laser puissant bien plus sensible et réactif qu'un système optique traditionnel. Son suivi est d'une absolue précision sur presque toutes les surfaces - que ce soit sur le comptoir d'un café, sur la table de votre cuisine ou sur votre bureau. Tout cela sans qu'il soit besoin de tapis.
Magic Mouse se connecte sans fil à votre Mac via Bluetooth, pas de soucis de câble ou d'adaptateur. Associez Magic Mouse à votre Mac équipé de Bluetooth et profitez d'une connexion fiable et sûre jusqu'à 10 m. Ajoutez le clavier sans fil Apple et profitez d'un espace de travail libéré de câbles encombrants. Comme Magic Mouse n'a pas de fil, elle peut s'aventurer au-delà des confins de votre bureau. Donnez une pichenette sur le bouton marche/arrêt pour conserver l'énergie de sa batterie tandis que Magic Mouse reste blottie dans votre sac. Même quand elle est allumée, cette souris magique gère efficacement l'énergie, détectant automatiquement vos périodes d'inactivité.
La technologie Multi-Touch d'iPhone et d'iPod touch a révolutionné votre façon d'interagir avec le contenu. Magic Mouse, avec sa surface Multi-Touch, fait la même chose pour votre Mac. Lorsque vous utilisez les gestes, c'est comme si vous agissiez directement sur l'écran. Par exemple, le balayage des pages web dans Safari vous donne l'impression de feuilleter les pages d'un magazine. Même le défilement avec Magic Mouse ne ressemble pas au défilement habituel. Elle prend en charge le défilement dynamique (comme sur iPhone et iPod touch); la vitesse de défilement est déterminée par l'intensité de votre geste.",,,,,,,,,,,,Bluetooth,1 x USB-C - 24 pin USB-C,,,5.71 cm x 11.35 cm x 2.16 cm,99 g,,,,Garantie limitée - 1 an,,,Neuf,Blanc,https://manystacks.s3.eu-west-3.amazonaws.com/Produits/Images/MXK53Z%3AA.jpg,,,,,,,,, 85.00,3.00,0
910-002238,Logitech M185,"Souris, sans fil, 2.4 GHz, récepteur sans fil USB","Linux Kernel 2.6 ou versions supérieures, Microsoft Windows Vista / XP / 7, Apple MacOS X 10.5 ou version ultérieure",,,1 année,accessoires,souris,Logitech,M185,Votre souris M185 est toujours prête. Branchez simplement le récepteur dans le port USB de votre dispositif et le tour est joué. La taille compacte et le contrôle fluide du curseur en font la souris idéale pour les espaces de travail limités et les bureaux encombrés.,,,,,,,,,,,,,1 x USB - USB de type A 4 broches,,,,"0,13 KG",,,,Garantie limitée - 3 ans,,,Neuf,Gris,https://manystacks.s3.eu-west-3.amazonaws.com/Produits/Images/910-002238.jpg,,,,,,,,, 15.00,1.00,0
MXK63Z/A,Apple Magic Mouse (USB-C),"Souris, multitactile, sans fil, Bluetooth","Apple MacOS X 10.11 ou plus récent, Apple iPadOS 13.4 ou ultérieur",,,1 mois,accessoires,souris,Apple,Magic Mouse,"Avec son profil fuselé et sa coque supérieure sans raccord, Magic Mouse est si épurée et tellement différente qu'elle change complètement la façon dont vous naviguez sur votre Mac. Vous ne pourrez pas vous empêcher de vous émerveiller devant son aspect lisse, sans bouton. Puis dès que vous la toucherez, vous appréciez à quel point elle est agréable à tenir en main. Mais c'est seulement quand vous commencerez à l'utiliser que Magic Mouse sera pour vous une révélation. La zone Multi-Touch occupe la totalité de la surface supérieure de la souris qui elle-même fait office de bouton. Faites défiler dans n'importe quelle direction d'un seul doigt, balayez avec deux doigts pour passer d'une page web ou d'une photo à l'autre et cliquez ou double-cliquez de n'importe où. À l'intérieur de Magic Mouse se trouve une puce qui lui indique exactement ce que vous voulez faire. Ainsi, Magic Mouse ne confondra pas un défilement avec un balayage. Elle sait même quand vous ne faites que reposer votre main sur elle.
Magic Mouse utilise un système laser puissant bien plus sensible et réactif qu'un système optique traditionnel. Son suivi est d'une absolue précision sur presque toutes les surfaces - que ce soit sur le comptoir d'un café, sur la table de votre cuisine ou sur votre bureau. Tout cela sans qu'il soit besoin de tapis.
Magic Mouse se connecte sans fil à votre Mac via Bluetooth, pas de soucis de câble ou d'adaptateur. Associez Magic Mouse à votre Mac équipé de Bluetooth et profitez d'une connexion fiable et sûre jusqu'à 10 m. Ajoutez le clavier sans fil Apple et profitez d'un espace de travail libéré de câbles encombrants. Comme Magic Mouse n'a pas de fil, elle peut s'aventurer au-delà des confins de votre bureau. Donnez une pichenette sur le bouton marche/arrêt pour conserver l'énergie de sa batterie tandis que Magic Mouse reste blottie dans votre sac. Même quand elle est allumée, cette souris magique gère efficacement l'énergie, détectant automatiquement vos périodes d'inactivité.
La technologie Multi-Touch d'iPhone et d'iPod touch a révolutionné votre façon d'interagir avec le contenu. Magic Mouse, avec sa surface Multi-Touch, fait la même chose pour votre Mac. Lorsque vous utilisez les gestes, c'est comme si vous agissiez directement sur l'écran. Par exemple, le balayage des pages web dans Safari vous donne l'impression de feuilleter les pages d'un magazine. Même le défilement avec Magic Mouse ne ressemble pas au défilement habituel. Elle prend en charge le défilement dynamique (comme sur iPhone et iPod touch); la vitesse de défilement est déterminée par l'intensité de votre geste.",,,,,,,,,,,,Bluetooth,1 x USB-C - 24 pin USB-C,,,5.71 cm x 11.35 cm x 2.16 cm,"0,24 KG",,,,Garantie limitée - 1 an,,,Neuf,noir,https://manystacks.s3.eu-west-3.amazonaws.com/Produits/Images/MXK63Z%3AA.jpg,,,,,,,,, 119.00,4.00,0
910-004424,Logitech M171,"Souris, droitiers et gauchers, sans fil, 2.4 GHz","Apple MacOS X 10.8 ou ultérieur, Google Chrome OS, Linux Kernel 2.6 ou versions supérieures, Microsoft Windows 7 / 8 / 10 or later",,,12 mois,accessoires,souris,Logitech,M171,Votre souris M171 est utilisable à tout moment. Branchez simplement le récepteur dans le port USB de votre dispositif et le tour est joué. La taille compacte et le contrôle fluide du curseur en font la souris idéale pour les espaces de travail limités et les bureaux encombrés. Profitez de l'univers du sans fil!,,,,,,,,,,,,,Récepteur sans fil USB,,,6.15 cm x 9.77 cm x 3.52 cm,"0,12 KG",,,,Garantie de 2 ans,,,Neuf,noir,https://manystacks.s3.eu-west-3.amazonaws.com/Produits/Images/910-004424.jpg,,,,,,,,, 13.00,1.00,0
K75501EU,Kensington Pro Fit Ergo Vertical,"Souris verticale, sans fil, pour droitiers, 2.4 GHz",,,,6 mois,accessoires,souris,Kensington,Pro Fit Ergo Vertical Wireless Mouse,,,,,,,,,,,,,,1 x USB - USB de type A 4 broches,,,7.6 cmx7.1 cmx11.2 cm,"0,24 KG",,,,Garantie limitée - 3 ans,,,Neuf,noir,https://manystacks.s3.eu-west-3.amazonaws.com/Produits/Images/K75501EU.jpg,,,,,,,,, 36.00,2.00,0
DOCK423EU,Targus Universal,"Targus , station d'accueil , USB-C / Thunderbolt 3 , 2 x HDMI , 1GbE","Microsoft Windows, Apple MacOS, Google Chrome OS, Apple iPadOS, Linux",,,,accessoires,adaptateurs,Targus,Universal USB-C® Dual HDMI 4K Travel Docking Station with 100W Power Delivery Pass-Thru,,,,,,,,,,,,,,"2 x affichage / vidéo - HDMI - HDMI de 19 broches de type A
1 x USB 3.2 de génération 1 avec charge de batterie 1.2 - USB 9 broches type A
1 x USB 3.2 Gen 1 - USB 9 broches type A
1 x USB-C 3.2 de 2ème génération avec",,,10 cmx3 cmx15 cm,"0,16 KG",,,,Garantie de 2 ans,,,Neuf,Argent,https://manystacks.s3.eu-west-3.amazonaws.com/Produits/Images/DOCK423EU.jpg,,,,,,,,, 69.00,3.00,0
40AY0090EU,Lenovo ThinkPad Universal,"Lenovo ThinkPad Universal USB-C Dock, station d'accueil, USB-C, HDMI, 2 x DP, 1GbE",Microsoft Windows 7 / 10,,,,accessoires,adaptateurs,Lenovo,ThinkPad Universal USB-C Dock,Les stations d'accueil USB-C et Lenovo sont compatibles avec les ordinateurs portables prenant en charge les protocoles du mode alternatif USB-C grâce à leur port de type C.,,,,,,,,,,,,"USB 3.2 Gen 2 avec charge en permanence
2 x USB 3.2 Gen 2
1 x USB-C - 24 pin USB-C
1 x réseau - 10Base-T/100Base-TX/1000Base-T - RJ-45
2 x audio / vidéo - DisplayPort - DisplayPort 20 broches
1 x audio / vidéo - HDMI - HDMI de 19 broches de type A
1 x audio - casque/microphone - mini-phone 3,5 mm 4 pôles
2 x USB 2.0 - USB de type A 4 broches",1 x câble USB-C vers USB-C - externe,,,17.1 cm x 8 cm x 3.075 cm,340 g,,,,Garantie de 3 ans,,,Neuf,Noir,https://manystacks.s3.eu-west-3.amazonaws.com/Produits/Images/40AY0090EU.jpg,,,,,,,,, 199.00,7.00,0
4J0G4AA#ABB,HP Thunderbolt Dock G4,"HP Thunderbolt Dock G4 - station d'accueil - USB-C / Thunderbolt 4 - 2 x DP, Thunderbolt, USB-C, HDMI , 1GbE, 2.5GbE","Apple MacOS, Google Chrome OS, Microsoft Windows 10 / 11",,,,accessoires,adaptateurs,HP,Thunderbolt Dock G4,,,,,,,,,,,,,"4 x USB 3.2 Gen 1
1 x USB-C 3.2 Gen 2
1 x Thunderbolt 4
1 x réseau - 2.5GBase-T - RJ-45
1 x USB-C / DisplayPort
1 x audio / vidéo - HDMI - HDMI de 19 broches de type A
2 x audio / vidéo - DisplayPort - DisplayPort 20 broches",1 x câble Thunderbolt 4 - 80 cm,CA 120/230 V (50/60 Hz),,27.5 cmx14.3 cmx14.85 cm,"2,00 KG",,,,Garantie limitée - 1 an,,,Neuf,Noir,https://manystacks.s3.eu-west-3.amazonaws.com/Produits/Images/4J0G4AA%23ABB.jpg,,,,,,,,, 299.00,10.00,0
DELL-WD19S180W,Dell WD19S 180,"Dell WD19S , station d'accueil , USB-C , HDMI, 2 x DP, USB-C , 1GbE","Red Hat Enterprise Linux, Windows 10, Ubuntu 18.04",,,,accessoires,adaptateurs,Dell,WD19S,"Optimisez la puissance de votre ordinateur sur la station d'accueil modulaire puissante, avec une conception prête pour l'avenir.
La station d'accueil WD19S offre la meilleure compatibilité avec les ordinateurs portables professionnels Dell. Elle est également compatible avec les ordinateurs portables d'autres fabricants, qui prennent en charge les stations d'accueil USB-C standard.",,,,,,5120 x 2880pixels,,60 Hz,,,,"2 x affichage / vidéo - DisplayPort - DisplayPort 20 broches
1 x affichage / vidéo - HDMI - HDMI de 19 broches de type A
1 x USB-C
3 x USB 3.1 Gen 1 - USB 9 broches type A
2 x USB-C 3.1 Gen 2
1 x réseau - Ethernet 1000 - RJ-45",1 x câble USB-C - 80 cm,CA 120/230 V (50/60 Hz),,20.5 cm x 9 cm x 2.9 cm,"1,60 KG",,,,Garantie limitée - 3 ans,,,Neuf,Noir,https://manystacks.s3.eu-west-3.amazonaws.com/Produits/Images/DELL-WD19S180W.jpg,,,,,,,,, 201.00,7.00,0
26D32AA#ABB,HP USB-C G5 Dock,"HP USB,C Dock G5 , station d'accueil ,USB-C , 1GbE","Windows 10, Microsoft Windows 7, Google Chrome OS, Apple MacOS",,,,accessoires,adaptateurs,HP,USB-C G5 Dock,,,,,,,,,,,,,"1 x PoweredUSB 3.0
1 x USB-C (port d'alimentation)
USB-C
1 x audio
1 x SuperSpeed USB 3.0
1 x réseau
2 x affichage / vidéo - DisplayPort
1 x affichage / vidéo - HDMI","1 x câble d'alimentation
1 x adaptateur secteur
1 x câble USB-C - 1 m",100 Watt,,12.2 cmx12.2 cmx4.5 cm,"1,13 KG",,,,Garantie limitée - 1 an,,,Neuf,Noir,https://manystacks.s3.eu-west-3.amazonaws.com/Produits/Images/26D32AA%23ABB.jpg,,,,,,,,, 167.00,6.00,0
50H55UT,HP Universal USB-C Multiport Hub,"HP Universal USB-C Multiport Hub , station d'accueil , USB-C , HDMI, DP","Microsoft Windows 10 / 11, Apple MacOS, Google Chrome OS",,,,accessoires,adaptateurs,HP,Universal USB-C Multiport Hub,,,,,,,,,,,,,"2 x USB 3.2 Gen 1
1 x USB-C 3.2 Gen 1
1 x affichage / vidéo - HDMI
1 x affichage / vidéo - DisplayPort
1 x réseau - Ethernet - RJ-45
1 x USB-C (port d'alimentation)",,,,5.5 cmX15 cmX2.15 cm,"0,17 KG",,,,Garantie limitée - 1 an,,,Neuf,Noir,https://manystacks.s3.eu-west-3.amazonaws.com/Produits/Images/50H55UT.jpg,,,,,,,,, 62.00,2.00,0
INC004BTSGY,Station d'accueil Belkin 11-en-1,"Belkin Câble HDMI 2.1, M/M, 2M,",,,,,accessoires,adaptateurs,Belkin,Câble HDMI 2.1 4K Ultra HD,,,,,,,,,,,,,HDMI de 19 broches de type A - mâle,HDMI de 19 broches de type A - mâle,,,,"0,14 KG",,,,,,,Neuf,Noir,https://manystacks.s3.eu-west-3.amazonaws.com/Produits/Images/INC004BTSGY.jpg,,,,,,,,, 16.00,1.00,0
SM-X216BZAAEUB,"Samsung Galaxy Tab A9+ - 11""","Samsung Galaxy Tab A9+ , tablette -,Android 13 , stockage 64 Go - 11pouces,3G, 4G, 5G",Android 13,Oui,"Caméra arrière : 8 mégapixels mise au point : automatique
Caméra avant : 5 mégapixels",,tablettes,tablettes,Samsung,Galaxy Tab A9+,"Élégante avec une touche de fraîcheur, la Galaxy Tab A9+ présente un design épuré et un corps en métal lisse. Appréciez le design caractéristique des tablettes Samsung, chaque teinte mettant en valeur un charme sans effort.",4 Go,64 Go,,Qualcomm Snapdragon 695,TFT,1920 x 1200 pixels,,,,11pouces,,"Wi-Fi Direct, Bluetooth 5.1
Miniprise pour casque (3,5 mm)","1 x microSDXC, USB-C/USB 2.0
Miniprise pour casque (3,5 mm)",,,16.87 cm x 0.69 cm x 25.71 cm,491 g,,,,Garantie de 2 ans,,,Neuf,Graphite,https://manystacks.s3.eu-west-3.amazonaws.com/Produits/Images/SM-X216BZAAEUB.jpg,,,,,,,,, 226.00,8.00,0
SM-X110NZAAEUB,"Samsung Galaxy Tab A9 - 8.7""","Samsung Galaxy Tab A9, tablette - Android, 64 Go - 8.7 pouces",Android 13,Oui,"Caméra avant: 2 mégapixels, Caméra arrière: Automatique , 8 mégapixels",,tablettes,tablettes,Samsung,"Galaxy Tab A9 8.7"" 4GB_64GB WIFI ANTHRACITE","Élégante avec une touche de fraîcheur, la Galaxy Tab A9 est dotée d'un design épuré et d'un corps en métal lisse.",4 Go,64 Go,,Qualcomm Snapdragon 695,TFT,1340 x 800 pixels,,,,8.7 pouces,,"Wi-Fi Direct, Bluetooth 5.3","1 x microSDXC, USB-C/USB 2.0
Miniprise pour casque (3,5 mm)",,"Microphone, two speakers",12.47 cm x 0.8 cm x 21.1 cm,332 g,,,,Garantie de 2 ans,,,Neuf,Graphite,https://manystacks.s3.eu-west-3.amazonaws.com/Produits/Images/SM-X110NZAAEUB.jpg,,,,,,,,, 129.00,5.00,0
SM-X210NDBAEUB,"Samsung Galaxy Tab A9+ - 11""","Android 13, stockage 64 Go, RAM 4 Go, 11 pouces",Android 13,Oui,"Caméra avant: 5 mégapixels, Caméra arrière: Automatique, 8 mégapixels",,tablettes,tablettes,Samsung,"Galaxy Tab A9+ 11"" 4GB_64GB WIFI BLEU MARINE","Élégante avec une touche de fraîcheur, la Galaxy Tab A9+ présente un design épuré et un corps en métal lisse. Appréciez le design caractéristique des tablettes Samsung, chaque teinte mettant en valeur un charme sans effort.",4 Go,64 Go,,Qualcomm Snapdragon 695,TFT,1920 x 1080 pixels,,,,11 pouces,,"Wi-Fi Direct, Bluetooth 5.1
Miniprise pour casque (3,5 mm)","1 x microSDXC, USB-C/USB 2.0
Miniprise pour casque (3,5 mm)",,"Microphone, quatre hauts parleurs",16.87 cm x 0.69 cm x 25.71 cm,480 g,,,,Garantie de 2 ans,,,Neuf,Marine,https://manystacks.s3.eu-west-3.amazonaws.com/Produits/Images/SM-X210NDBAEUB.jpg,,,,,,,,, 178.00,6.00,0
NT.LH8EF.003,"Acer ICONIA Tab A10 - 10.1""","Android 14, 128 Go eMMC, 4 Go Ram, Logement microSD, 10.1 pouces",Android 14,Oui,Caméra avant: 5 mégapixels et Caméra arrière : 8 mégapixels,Jusqu'à 10 heures,tablettes,tablettes,Acer,ICONIA Tab A10 A10-21,"L'Acer ICONIA Tab A10 est une tablette polyvalente conçue pour répondre aux besoins de productivité et de divertissement. Avec son écran IPS de 10,1 pouces, elle offre des visuels éclatants et des détails précis, ce qui la rend parfaite pour regarder des vidéos, naviguer sur le web et travailler sur des documents. La tablette est équipée d'un processeur à 8 cœurs et de 4 Go de mémoire vive, ce qui garantit un fonctionnement multitâche fluide et des performances efficaces pour toutes les applications.
Le stockage est abondant avec 128 Go de mémoire flash MultiMediaCard intégrée, offrant suffisamment d'espace pour vos fichiers, vos photos et vos applications. L'appareil est également doté d'une gamme d'options de connectivité, notamment Bluetooth 5.4 et Wi-Fi 6, permettant des connexions rapides et fiables à Internet et aux appareils. L'Acer ICONIA Tab A10 a été conçu dans un souci de portabilité et de durabilité, avec un boîtier métallique élégant et conforme aux normes environnementales. Que ce soit pour le travail ou les loisirs, l'Acer ICONIA Tab A10 offre un mélange convaincant de performances, de commodité et de qualité.",4 Go,128 Go,eMMC,Qualcomm Snapdragon 695,TFT,1280 x 800 pixels,,,,11 pouces,ARM Mali-G57 MC1,"Wi-Fi Direct, Bluetooth 5.1
Miniprise pour casque (3,5 mm)","1 x microSDXC, USB-C/USB 2.0
Miniprise pour casque (3,5 mm)",,"Microphone, quatre hauts parleurs",16.87 cm x 0.69 cm x 25.71 cm,480 g,,,,Garantie de 2 ans,,,Neuf,Marine,https://manystacks.s3.eu-west-3.amazonaws.com/Produits/Images/NT.LH8EF.003.jpg,,,,,,,,, 178.00,6.00,0
SM-X216BZAEEUB,"Samsung Galaxy Tab A9+ - 11""","Android 13, stockage128 Go, 8 Go Ram, Logement microSD, 11 pouce TFT",Android 13,Oui,"Caméra avant: 5 mégapixels , Caméra arrière: Automatique , 8 mégapixels",,tablettes,tablettes,Samsung,"Galaxy Tab A9+ 11"" 8GB_128GB 5G ANTHRACITE","Élégante avec une touche de fraîcheur, la Galaxy Tab A9+ présente un design épuré et un corps en métal lisse. Appréciez le design caractéristique des tablettes Samsung, chaque teinte mettant en valeur un charme sans effort.",8 Go,128 Go,,Qualcomm Snapdragon 695,TFT,1920 x 1200 pixels,,,,11 pouces,,"Wi-Fi Direct, Bluetooth 5.1
Miniprise pour casque (3,5 mm)","MP3, M4A, 3GA, AAC, OGG, OGA, WAV, AMR, AWB, FLAC, MID, MIDI, XMF, MXMF, IMY, RTTTL, RTX, OTA, Dolby Atmos",,"Microphone, quatre hauts parleurs",16.87 cm x 0.69 cm x 25.71 cm,491 g,,,,Garantie de 2 ans,,,Neuf,Graphite,https://manystacks.s3.eu-west-3.amazonaws.com/Produits/Images/SM-X216BZAEEUB.jpg,,,,,,,,, 317.00,10.00,0
SM-X306BZGAEEB,Samsung Galaxy Tab Active5 - 83,"Android 14, stockage 128 Go, 8 pouces, TFT",Android 14,Oui,"Caméra avant: 5 mégapixels, Caméra arrière: Automatique, 13 mégapixels",Jusqu'à 16 heures,tablettes,tablettes,Samsung,Galaxy Tab Active5 6/128Go EE 5G,"Avec la Galaxy Tab Active 5, il est plus facile d'en faire plus. Avec un stockage externe important et une puissance de traitement octa-core, vous pouvez faire du multitâche même avec des applications et des fichiers lourds.",6 Go,128 Go,,Exynos 1380,TFT,1920 x 1200 pixels,,,,8 pouces,,"Wi-Fi Direct, Bluetooth 5.3, NFC, 802.11a/b/g/n/ac/ax","1 x microSD, 1 x USB-C 2.0
1 x broche POGO
1 x miniprise pour casque (3,5 mm)",,"Microphone, haut-parleur",12.68 cm x 1.01 cm x 21.38 cm,433 g,,,,Garantie de 3 ans,,,Neuf,Vert,https://manystacks.s3.eu-west-3.amazonaws.com/Produits/Images/SM-X306BZGAEEB.jpg,,,,,,,,, 518.00,17.00,0
SM-X115NZAAEUB,"Samsung Galaxy Tab A9 - 8.7""","Android, stockage 64 Go, RAM 4 Go, 8.7 pouces, TFT",Android,Oui,"Caméra avant: 2 mégapixels, Caméra arrière: Automatique, 8 mégapixels",,tablettes,tablettes,Samsung,"Galaxy Tab A9 8.7"" 4GB_64GB 4G ANTHRACITE","Élégante avec une touche de fraîcheur, la Galaxy Tab A9 est dotée d'un design épuré et d'un corps en métal lisse.",4 Go,64 Go,,MediaTek Helio G99,TFT,1340 x 800 pixels,,,,8.7 pouces,,"Wi-Fi Direct, Bluetooth 5.3, NFC, 802.11a/b/g/n/ac/ax","1 x microSDXC, USB-C/USB 2.0
Miniprise pour casque (3,5 mm)",,"Microphone, two speakers",12.47 cm x 0.8 cm x 21.1 cm,333 g,,,,Garantie de 2 ans,,,Neuf,Graphite,https://manystacks.s3.eu-west-3.amazonaws.com/Produits/Images/SM-X115NZAAEUB.jpg,,,,,,,,, 200.00,7.00,0
ZADA0134SE,"Lenovo Tab M11 - 11""","Android 13 ou versions plus récentes, 128 Go eMMC, Ram 4 Go , 11 pouces , IPS",Android 13 ou versions plus récentes,Oui,"Caméra avant: 8 mégapixels, Caméra arrière: Automatique, 8 mégapixels",,tablettes,tablettes,Lenovo,Tab M11 ZADA,"Découvrez la Lenovo Tab M11, une tablette conçue pour améliorer votre expérience multimédia et votre productivité. Avec ses quatre haut-parleurs, elle offre une expérience audio immersive, parfaite pour tous vos besoins en matière de divertissement et de communication. La puissante batterie de 7040 mAh vous permet de profiter de longues heures d'utilisation, que ce soit pour naviguer sur Internet ou pour regarder vos émissions préférées, sans avoir à la recharger constamment.
La Lenovo Tab M11 est dotée d'un écran IPS de 11 pouces qui donne vie à vos contenus avec des couleurs vives et des détails précis, avec un taux de rafraîchissement de 90 Hz pour des interactions fluides. Que vous lisiez, jouiez ou regardiez des vidéos, les fonctions anti-traces de doigts et multi-touch 10 points garantissent une expérience propre et réactive. La connectivité est transparente grâce au Bluetooth 5.1 et à la prise en charge Wi-Fi complète, ce qui vous permet de rester connecté où que vous alliez.
Capturez les moments forts de la vie ou passez des appels vidéo grâce à la configuration à double caméra, comprenant une caméra frontale de 8 mégapixels avec reconnaissance faciale et une caméra arrière de 8 mégapixels avec mise au point automatique. La Lenovo Tab M11 n'est pas seulement une tablette ; c'est votre porte d'entrée vers un monde de divertissement, de productivité et de connectivité.",4 Go,128 Go,eMMC,MediaTek Helio G88,IPS,1920 x 1200 pixels,,,,11 pouces,Mali-G52 MC2,"Wi-Fi Direct, 802.11a/b/g/n/ac, Bluetooth 5.1","1 x microSD, 1 x USB-C 2.0
1 x mini câble de connexion pour casque (3,5 mm)",,"Lecture vidéo: jusqu'à 10 heure(s)
Navigation sur le Web: jusqu'à 10 heure(s)",16.631 cm x 0.715 cm x 25.526 cm,465 g,,,,Garantie de 2 ans,,,Neuf,Gris luna,https://manystacks.s3.eu-west-3.amazonaws.com/Produits/Images/ZADA0134SE.jpg,,,,,,,,, 183.00,6.00,0
MCM74NF/A,"Apple iPad - 10.9""","Apple 10.9-inch iPad Wi-Fi, stockage 64 Go,",Apple iPadOS 18,Oui,"Stabilisation vidéo Cinematic, Focus Pixels, Stabilisation d'image automatique, Zoom lecture, marquage géographique, stabilisation d'image vidéo, vidéo à mise au point continue, Vidéo en accéléré avec stabilisation, Panorama (jusque 63MP), capture d'image HEIF, Gamme dynamique étendue pour la vidéo à 30 fps, capture d'images JPEG","Navigation Web via WiFi: jusqu'à 10 heure(s)
Lecture vidéo: jusqu'à 10 heure(s)",tablettes,tablettes,Apple,10.9-inch iPad Wi-Fi,"Apple iPad dote d'un design à affichage intégral avec écran Liquid Retina de 10,9 po. Sa puce A14 Bionic lui confère des performances encore plus rapides et une incroyable efficacité énergétique pour les tâches exigeantes, sans compromettre l'autonomie. L'appareil arbore une caméra avant ultra grand-angle 12Mpx en orientation paysage, plus pratique pour les vidéoconférences, ainsi qu'une caméra arrière 12Mpx repensée pour réaliser des photos nettes aux couleurs éclatantes et des vidéos 4K. Le port USB-C prend en charge une vaste gamme d'accessoires, le Wi-Fi 6 accélère encore la vitesse de connexion.",,64 Go,,Apple A14 Bionic,IPS,2360 x 1640 pixels,,,,10.9 pouces,Apple A14 Bionic 4 coeurs,"Wi-Fi, 802.11a/b/g/n/ac/ax, Bluetooth 5.2","1 x USB-C/DisplayPort
1 x Smart Connector",,"2 micros, haut-parleurs stéréo",17.95 cm x 0.7 cm x 24.86 cm,477 g,,,,1 an de garantie,,,Neuf,Argent,https://manystacks.s3.eu-west-3.amazonaws.com/Produits/Images/MCM74NF%3AA.jpg,,,,,,,,, 370.00,12.00,0
MVX23NF/A,"Apple iPad Pro M4 - 13""","Apple M4 (9 cœurs),stockae 256 Go, Ram 8 Go, 13 pouces , Tandem OLED",Apple iPadOS 17,Oui,"Panorama (jusque 63MP), protection de l'objectif en cristal de saphir, Focus Pixels, correction yeux rouges avancée, marquage géographique, Stabilisation d'image automatique, capture d'image HEIF, capture d'images JPEG, zoom audio, Vidéo en accéléré avec stabilisation, Gamme dynamique étendue pour la vidéo à 30 fps, stabilisation vidéo Cinematic, vidéo à mise au point continue, Zoom lecture, enregistrement stéréo","Jusqu'à 10 heures, Navigation Web via WiFi: jusqu'à 10 heure(s)
Lecture vidéo: jusqu'à 10 heure(s)",tablettes,tablettes,Apple,13-inch iPad Pro Wi-Fi,"Découvrez l'Apple iPad Pro 13 pouces, conçu pour ceux qui recherchent performances et qualité. Avec son écran Ultra Retina XDR de 13 pouces, vous profiterez d'une incroyable résolution de 2 752 x 2 064 et d'une luminosité maximale de 1 600 cd/m2 pour les contenus HDR. L'écran est également doté de la technologie ProMotion, qui garantit des images fluides et réactives, que vous naviguiez ou jouiez.
Au cœur de l'iPad Pro se trouve le processeur Apple M4, équipé d'un moteur neuronal à 16 cœurs qui gère efficacement toutes les tâches, des applications gourmandes en ressources graphiques au multitâche. Associé à une batterie de 38,99 Wh, il fournit la puissance nécessaire pour une utilisation tout au long de la journée. Pour les créateurs et les amateurs de photographie, l'iPad Pro offre une configuration d'appareils photo arrière et avant de 12 mégapixels, avec Smart HDR 4 et des capacités d'enregistrement vidéo 4K, ce qui permet de créer des contenus de haute qualité.
Avec le Wi-Fi 6E et le Bluetooth 5.3, la connectivité est rapide et fiable. Les ports Thunderbolt 3/DisplayPort/USB4 offrent des options de connectivité polyvalentes, facilitant la connexion à divers appareils et écrans. L'Apple iPad Pro 13 pouces est conçu pour améliorer votre expérience, ce qui en fait un choix idéal pour ceux qui exigent l'excellence.",8 Go,256 Go,,Apple M4,Tandem OLED,2752 x 2064 pixels,,,,13 pouces,Apple M4 10-core,Wi-Fi 6E et Bluetooth 5.3,"1 x Thunderbolt 3/DisplayPort/USB4
1 x Smart Connector
1 x connecteur magnétique",,"Réseau de 4 microphones, quatre hauts parleurs",21.55 cm x 0.51 cm x 28.16 cm,579 g,ENERGY STAR,107 kg d'émissions de carbone,,1 an de garantie,,,Neuf,Noir spatial,https://manystacks.s3.eu-west-3.amazonaws.com/Produits/Images/MVX23NF%3AA.jpg,,,,,,,,, 1452.00,51.00,0
MCM84NF/A,"Apple iPad - 10.9""","Apple 10.9-inch iPad Wi-Fi, 10ème génération, Stockage S64 Go, IPS, 10.9 pouces","Windows 10 ou supérieur, Apple macOS Catalina 10.15 ou ultérieur, Apple macOS High Sierra 10.13 - Apple macOS Mojave 10.14.6",Oui,"Stabilisation vidéo Cinematic, Focus Pixels, Stabilisation d'image automatique, Zoom lecture, marquage géographique, stabilisation d'image vidéo, vidéo à mise au point continue, Vidéo en accéléré avec stabilisation, Panorama (jusque 63MP), capture d'image HEIF, Gamme dynamique étendue pour la vidéo à 30 fps, capture d'images JPEG","Jusqu'à 10 heures, Navigation Web via WiFi: jusqu'à 10 heure(s)
Lecture vidéo: jusqu'à 10 heure(s)",tablettes,tablettes,Apple,10.9-inch iPad Wi-Fi,"Apple iPad dote d'un design à affichage intégral avec écran Liquid Retina de 10,9 po. Sa puce A14 Bionic lui confère des performances encore plus rapides et une incroyable efficacité énergétique pour les tâches exigeantes, sans compromettre l'autonomie. L'appareil arbore une caméra avant ultra grand-angle 12Mpx en orientation paysage, plus pratique pour les vidéoconférences, ainsi qu'une caméra arrière 12Mpx repensée pour réaliser des photos nettes aux couleurs éclatantes et des vidéos 4K. Le port USB-C prend en charge une vaste gamme d'accessoires, le Wi-Fi 6 accélère encore la vitesse de connexion.",,64 Go,,Apple A14 Bionic,IPS,2360 x 1640 pixels,,,,10.9 pouces,Apple A14 Bionic 4 coeurs,"Wi-Fi, 802.11a/b/g/n/ac/ax, Bluetooth 5.2, Technologie MIMO","1 x USB-C/DisplayPort
1 x Smart Connector",,"2 micros, haut-parleurs stéréo",17.95 cm x 0.7 cm x 24.86 cm,477 g,ENERGY STAR,,,1 an de garantie,,,Neuf,Bleu,https://manystacks.s3.eu-west-3.amazonaws.com/Produits/Images/MCM84NF%3AA.jpg,,,,,,,,, 370.00,15.00,0
MUWE3NF/A,"Apple iPad Air - 11""","Apple 11-inch iPad Air Wi-Fi, stockage 128 Go, IPS, 11 pouces
,","Windows 10 ou supérieur, Apple macOS 10.13 High Sierra ou ultérieur",Oui,"Focus Pixels, Panorama (jusque 63MP), marquage géographique, Stabilisation d'image automatique, capture d'image HEIF, capture d'images JPEG, Vidéo en accéléré avec stabilisation, Gamme dynamique étendue pour la vidéo à 30 fps, stabilisation vidéo Cinematic, vidéo à mise au point continue, Zoom lecture","Jusqu'à 10 heures, Navigation Web via WiFi: jusqu'à 10 heure(s)
Lecture vidéo: jusqu'à 10 heure(s)",tablettes,tablettes,Apple,11-inch iPad Air Wi-Fi,"Découvrez l'iPad Air 11 pouces d'Apple, une merveille de technologie conçue pour ceux qui recherchent à la fois puissance et portabilité. Avec son superbe écran Liquid Retina de 11 pouces, chaque image prend vie dans les moindres détails, grâce aux technologies True Tone et P3 Wide Color Gamut, pour une expérience visuelle fidèle au monde qui vous entoure. Au cœur de l'appareil se trouve la puce Apple M2, qui offre performances et efficacité, pour une navigation fluide et réactive, qu'il s'agisse d'une navigation occasionnelle ou d'une conception graphique intensive.
Les amateurs de photographie apprécieront le système d'appareil photo avancé, qui comprend un appareil photo arrière et un appareil photo avant de 12 mégapixels équipés de Smart HDR 4, garantissant que vos photos et vidéos sont impressionnantes. Que vous passiez des appels vidéo ou que vous capturiez des moments de la vie, vous serez à votre avantage. La connectivité est un jeu d'enfant grâce au Wi-Fi 6E et au Bluetooth 5.3, qui offrent des connexions rapides et stables à Internet et à vos appareils. De plus, le capteur Touch ID offre un accès sécurisé et pratique à votre appareil, ce qui facilite le déverrouillage, les achats ou la connexion aux applications. Profitez de la productivité et du divertissement avec l'iPad Air 11 pouces d'Apple.",8 Go,128 Go,,Apple M2,IPS,2360 x 1640 pixels,,,,11 pouces,Apple M2 9-core,"Wi-Fi, 802.11a/b/g/n/ac/ax (Wi-Fi 6E), Bluetooth 5.3","1 x USB-C/DisplayPort
1 x Smart Connector
1 x connecteur magnétique",,"Deux microphones, haut-parleurs stéréo pour le paysage",17.85 cm x 0.61 cm x 24.76 cm,462 g,ENERGY STAR,75 kg d'émissions de carbone,,1 an de garantie,,,Neuf,Lumière des étoiles,https://manystacks.s3.eu-west-3.amazonaws.com/Produits/Images/MUWE3NF%3AA.jpg,,,,,,,,, 657.00,24.00,0
MUWH3NF/A,"Apple iPad Air - 11""","Apple 11-inch iPad Air Wi-Fi, stockage 256 Go, RAM 8 Go, IPS, 11 pouces","Windows 10 ou supérieur, Apple macOS 10.13 High Sierra ou ultérieur",Oui,"Focus Pixels, Panorama (jusque 63MP), marquage géographique, Stabilisation d'image automatique, capture d'image HEIF, capture d'images JPEG, Vidéo en accéléré avec stabilisation, Gamme dynamique étendue pour la vidéo à 30 fps, stabilisation vidéo Cinematic, vidéo à mise au point continue, Zoom lecture","Jusqu'à 10 heures, Navigation Web via WiFi: jusqu'à 10 heure(s)
Lecture vidéo: jusqu'à 10 heure(s)",tablettes,tablettes,Apple,11-inch iPad Air Wi-Fi,"Découvrez l'iPad Air 11 pouces d'Apple, une merveille de technologie conçue pour ceux qui recherchent à la fois puissance et portabilité. Avec son superbe écran Liquid Retina de 11 pouces, chaque image prend vie dans les moindres détails, grâce aux technologies True Tone et P3 Wide Color Gamut, pour une expérience visuelle fidèle au monde qui vous entoure. Au cœur de l'appareil se trouve la puce Apple M2, qui offre performances et efficacité, pour une navigation fluide et réactive, qu'il s'agisse d'une navigation occasionnelle ou d'une conception graphique intensive.
Les amateurs de photographie apprécieront le système d'appareil photo avancé, qui comprend un appareil photo arrière et un appareil photo avant de 12 mégapixels équipés de Smart HDR 4, garantissant que vos photos et vidéos sont impressionnantes. Que vous passiez des appels vidéo ou que vous capturiez des moments de la vie, vous serez à votre avantage. La connectivité est un jeu d'enfant grâce au Wi-Fi 6E et au Bluetooth 5.3, qui offrent des connexions rapides et stables à Internet et à vos appareils. De plus, le capteur Touch ID offre un accès sécurisé et pratique à votre appareil, ce qui facilite le déverrouillage, les achats ou la connexion aux applications. Profitez de la productivité et du divertissement avec l'iPad Air 11 pouces d'Apple.",8 Go,256 Go,,Apple M2,IPS,2360 x 1640 pixels,,,,11 pouces,Apple M2 9-core,"Wi-Fi, 802.11a/b/g/n/ac/ax (Wi-Fi 6E), Bluetooth 5.3, Technologie MIMO","1 x USB-C/DisplayPort
1 x Smart Connector
1 x connecteur magnétique",,"Deux microphones, haut-parleurs stéréo pour le paysage",17.85 cm x 0.61 cm x 24.76 cm,462 g,ENERGY STAR,82 kg d'émissions de carbone,,1 an de garantie,,,Neuf,Bleu,https://manystacks.s3.eu-west-3.amazonaws.com/Produits/Images/MUWH3NF%3AA.jpg,,,,,,,,, 779.00,28.00,0
MVXR3NF/A,"Apple iPad Pro M4 Cellular - 13""","Apple 13-inch iPad Pro Wi-Fi + Cellular, stockage 256 Go, Ram 8 Go, Tandem OLED, 13 pouces","Windows 10 ou supérieur, Apple macOS 10.13 High Sierra ou ultérieur",Oui,"Jusqu'à 10 heures
, Panorama (jusque 63MP), protection de l'objectif en cristal de saphir, Focus Pixels, correction yeux rouges avancée, marquage géographique, Stabilisation d'image automatique, capture d'image HEIF, capture d'images JPEG, zoom audio, Vidéo en accéléré avec stabilisation, Gamme dynamique étendue pour la vidéo à 30 fps, stabilisation vidéo Cinematic, vidéo à mise au point continue, Zoom lecture, enregistrement stéréo","Navigation Web via WiFi: jusqu'à 10 heure(s)
Lecture vidéo: jusqu'à 10 heure(s)
Navigation Internet sur réseau de données cellulaires: jusqu'à 9 heure(s)",tablettes,tablettes,Apple,13-inch iPad Pro Wi-Fi + Cellular,"Découvrez l'iPad Pro Wi-Fi + Cellulaire 11 pouces d'Apple, un concentré de créativité et de connectivité. Cette tablette est conçue pour vous permettre de rester productif et de vous divertir, où que vous soyez. Avec son écran Ultra Retina XDR de 11 pouces, vous profiterez d'une expérience visuelle immersive qui donnera vie à vos contenus avec une clarté et une précision des couleurs époustouflantes. La technologie ProMotion garantit un défilement et une réactivité fluides, ce qui en fait un outil de travail et de loisirs très agréable à utiliser.
Sous le capot, le processeur Apple M4 avec son moteur neuronal à 16 cœurs offre des performances rapides et un multitâche efficace, capable de tout gérer, des applications de conception de niveau professionnel aux jeux à haute cadence. Associé à la connectivité 5G NR et Wi-Fi 6E, il vous garantit un accès rapide et fiable à Internet, ce qui rend le streaming, le téléchargement et les appels vidéo plus fluides que jamais.
Les amateurs de photographie et de vidéo apprécieront le système d'appareil photo avancé, qui comprend des caméras avant et arrière de 12 mégapixels, Smart HDR 4 et une série de modes de prise de vue. Que vous preniez des photos de qualité, tourniez des vidéos 4K ou fassiez des vidéoconférences, vous aurez un look et un son exceptionnels. De plus, grâce à Face ID et à des fonctionnalités d'accessibilité complètes, l'iPad Pro est sécurisé et accessible aux utilisateurs ayant des besoins variés, garantissant ainsi une expérience personnalisée et inclusive.",8 Go,256 Go,,Apple M4,Tandem OLED,2752 x 2064 pixels,,,,13 pouces,Apple M4 10-core,"802.11a/b/g/n/ac/ax (Wi-Fi 6E), Bluetooth 5.3","1 x Thunderbolt 3/DisplayPort/USB4
1 x Smart Connector
1 x connecteur magnétique",,"Réseau de 4 microphones, quatre hauts parleurs",21.55 cm x 0.51 cm x 28.16 cm,582 g,ENERGY STAR,107 kg d'émissions de carbone,,1 an de garantie,,,Neuf,Noir spatial,https://manystacks.s3.eu-west-3.amazonaws.com/Produits/Images/MVXR3NF%3AA.jpg,,,,,,,,, 1686.00,58.00,0
MUWD3NF/A,"Apple iPad Air - 11""","Apple 11-inch iPad Air Wi-Fi, stockage 128 Go, Ram 8 Go, IPS , 11 pouces","Windows 10 ou supérieur, Apple macOS 10.13 High Sierra ou ultérieur",Oui,"Focus Pixels, Panorama (jusque 63MP), marquage géographique, Stabilisation d'image automatique, capture d'image HEIF, capture d'images JPEG, Vidéo en accéléré avec stabilisation, Gamme dynamique étendue pour la vidéo à 30 fps, stabilisation vidéo Cinematic, vidéo à mise au point continue, Zoom lecture","Jusqu'à 10 heures, Navigation Web via WiFi: jusqu'à 10 heure(s)
Lecture vidéo: jusqu'à 10 heure(s)",tablettes,tablettes,Apple,11-inch iPad Air Wi-Fi,"Découvrez l'iPad Air 11 pouces d'Apple, une merveille de technologie conçue pour ceux qui recherchent à la fois puissance et portabilité. Avec son superbe écran Liquid Retina de 11 pouces, chaque image prend vie dans les moindres détails, grâce aux technologies True Tone et P3 Wide Color Gamut, pour une expérience visuelle fidèle au monde qui vous entoure. Au cœur de l'appareil se trouve la puce Apple M2, qui offre performances et efficacité, pour une navigation fluide et réactive, qu'il s'agisse d'une navigation occasionnelle ou d'une conception graphique intensive.
Les amateurs de photographie apprécieront le système d'appareil photo avancé, qui comprend un appareil photo arrière et un appareil photo avant de 12 mégapixels équipés de Smart HDR 4, garantissant que vos photos et vidéos sont impressionnantes. Que vous passiez des appels vidéo ou que vous capturiez des moments de la vie, vous serez à votre avantage. La connectivité est un jeu d'enfant grâce au Wi-Fi 6E et au Bluetooth 5.3, qui offrent des connexions rapides et stables à Internet et à vos appareils. De plus, le capteur Touch ID offre un accès sécurisé et pratique à votre appareil, ce qui facilite le déverrouillage, les achats ou la connexion aux applications. Profitez de la productivité et du divertissement avec l'iPad Air 11 pouces d'Apple.",8 Go,128 Go,,Apple M2,IPS,2360 x 1640 pixels,,,,11 pouces,Apple M2 9-core,"802.11a/b/g/n/ac/ax (Wi-Fi 6E), Bluetooth 5.3","1 x USB-C/DisplayPort
1 x Smart Connector
1 x connecteur magnétique",,"Deux microphones, haut-parleurs stéréo pour le paysage",17.85 cm x 0.61 cm x 24.76 cm,462 g,ENERGY STAR,75 kg d'émissions de carbone,,1 an de garantie,,,Neuf,Bleu,https://manystacks.s3.eu-west-3.amazonaws.com/Produits/Images/MUWD3NF%3AA.jpg,,,,,,,,, 657.00,24.00,0
MVW13NF/A,"Apple iPad Air Cellular - 11""","Apple 11-inch iPad Pro Wi-Fi + Cellular, stockage 256 Go, Ram 8 Go, Tandem OLED, 11 pouces","Windows 10 ou supérieur, Apple macOS 10.13 High Sierra ou ultérieur",Oui,"Panorama (jusque 63MP), protection de l'objectif en cristal de saphir, Focus Pixels, correction yeux rouges avancée, marquage géographique, Stabilisation d'image automatique, capture d'image HEIF, capture d'images JPEG, zoom audio, Vidéo en accéléré avec stabilisation, Gamme dynamique étendue pour la vidéo à 30 fps, stabilisation vidéo Cinematic, vidéo à mise au point continue, Zoom lecture, enregistrement stéréo","Jusqu'à 10 heures, Navigation Web via WiFi: jusqu'à 10 heure(s)
Lecture vidéo: jusqu'à 10 heure(s)
Navigation Internet sur réseau de données cellulaires: jusqu'à 9 heure(s)",tablettes,tablettes,Apple,11-inch iPad Pro Wi-Fi + Cellular,"Découvrez l'iPad Pro Wi-Fi + Cellulaire 11 pouces d'Apple, un concentré de créativité et de connectivité. Cette tablette est conçue pour vous permettre de rester productif et de vous divertir, où que vous soyez. Avec son écran Ultra Retina XDR de 11 pouces, vous profiterez d'une expérience visuelle immersive qui donnera vie à vos contenus avec une clarté et une précision des couleurs époustouflantes. La technologie ProMotion garantit un défilement et une réactivité fluides, ce qui en fait un outil de travail et de loisirs très agréable à utiliser.
Sous le capot, le processeur Apple M4 avec son moteur neuronal à 16 cœurs offre des performances rapides et un multitâche efficace, capable de tout gérer, des applications de conception de niveau professionnel aux jeux à haute cadence. Associé à la connectivité 5G NR et Wi-Fi 6E, il vous garantit un accès rapide et fiable à Internet, ce qui rend le streaming, le téléchargement et les appels vidéo plus fluides que jamais.
Les amateurs de photographie et de vidéo apprécieront le système d'appareil photo avancé, qui comprend des caméras avant et arrière de 12 mégapixels, Smart HDR 4 et une série de modes de prise de vue. Que vous preniez des photos de qualité, tourniez des vidéos 4K ou fassiez des vidéoconférences, vous aurez un look et un son exceptionnels. De plus, grâce à Face ID et à des fonctionnalités d'accessibilité complètes, l'iPad Pro est sécurisé et accessible aux utilisateurs ayant des besoins variés, garantissant ainsi une expérience personnalisée et inclusive.",8 Go,256 Go,,Apple M4,Tandem OLED,2420 x 1668 pixels,,,,11 pouces,Apple M4 10-core,"802.11a/b/g/n/ac/ax (Wi-Fi 6E), Bluetooth 5.3","1 x Thunderbolt 3/DisplayPort/USB4
1 x Smart Connector
1 x connecteur magnétique",,"Réseau de 4 microphones, quatre hauts parleurs",17.75 cm x 0.53 cm x 24.97 cm,446 g,ENERGY STAR,93 kg d'émissions de carbone,,1 an de garantie,,,Neuf,Noir spatial,https://manystacks.s3.eu-west-3.amazonaws.com/Produits/Images/MVW13NF%3AA.jpg,,,,,,,,, 1359.00,48.00,0
MV283NF/A,"Apple iPad Air - 13""","Apple 13-inch iPad Air Wi-Fi, stockage 128 Go, Ram 8 Go, IPS, 13 pouces","Windows 10 ou supérieur, Apple macOS 10.13 High Sierra ou ultérieur",Oui,"Focus Pixels, Panorama (jusque 63MP), marquage géographique, Stabilisation d'image automatique, capture d'image HEIF, capture d'images JPEG, Vidéo en accéléré avec stabilisation, Gamme dynamique étendue pour la vidéo à 30 fps, stabilisation vidéo Cinematic, vidéo à mise au point continue, Zoom lecture","Jusqu'à 10 heures, Navigation Web via WiFi: jusqu'à 10 heure(s)
Lecture vidéo: jusqu'à 10 heure(s)",tablettes,tablettes,Apple,13-inch iPad Air Wi-Fi,"Découvrez l'iPad Air 13 pouces d'Apple, conçu pour ceux qui recherchent à la fois puissance et portabilité. Avec son superbe écran Liquid Retina de 13 pouces, chaque détail prend vie dans des couleurs vives et une résolution claire et nette. Alimenté par la puce Apple M2, il offre des performances incroyables pour tout ce qui concerne les applications de conception de niveau professionnel et les jeux immersifs. Le système d'appareil photo avancé, doté d'une caméra arrière de 12 mégapixels et d'une caméra avant avec Center Stage, transforme vos photos et vos appels vidéo en productions de haute qualité. De plus, grâce à la connectivité Wi-Fi 6E et Bluetooth 5.3, vous êtes toujours connecté au monde numérique en constante évolution. L'iPad Air donne également la priorité à la sécurité grâce à Touch ID, qui garantit la protection de vos données personnelles. Que ce soit pour le travail, la créativité ou le divertissement, l'iPad Air 13 pouces d'Apple est le compagnon idéal.",8 Go,128 Go,,Apple M2,IPS,2732 x 2048 pixels,,,,13 pouces,Apple M2 (8 cœurs),"802.11a/b/g/n/ac/ax (Wi-Fi 6E), Bluetooth 5.3","1 x USB-C/DisplayPort
1 x Smart Connector
1 x connecteur magnétique",,"Deux microphones, haut-parleurs stéréo pour le paysage",21.49 cm x 0.61 cm x 28.06 cm,617 g,ENERGY STAR,91 kg d'émissions de carbone,,1 an de garantie,,,Neuf,Bleu,https://manystacks.s3.eu-west-3.amazonaws.com/Produits/Images/MV283NF%3AA.jpg,,,,,,,,, 891.00,32.00,0
MVW33NF/A,"Apple iPad Pro M4 Cellular - 11""","Apple 11-inch iPad Pro Wi-Fi + Cellular, stockage 512 Go, Ram 8 Go, Tandem OLED, 11 pouces","Windows 10 ou supérieur, Apple macOS 10.13 High Sierra ou ultérieur",Oui,"Panorama (jusque 63MP), protection de l'objectif en cristal de saphir, Focus Pixels, correction yeux rouges avancée, marquage géographique, Stabilisation d'image automatique, capture d'image HEIF, capture d'images JPEG, zoom audio, Vidéo en accéléré avec stabilisation, Gamme dynamique étendue pour la vidéo à 30 fps, stabilisation vidéo Cinematic, vidéo à mise au point continue, Zoom lecture, enregistrement stéréo","Jusqu'à 10 heures, Navigation Web via WiFi: jusqu'à 10 heure(s)
Lecture vidéo: jusqu'à 10 heure(s)
Navigation Internet sur réseau de données cellulaires: jusqu'à 9 heure(s)",tablettes,tablettes,Apple,11-inch iPad Pro Wi-Fi + Cellular,"Découvrez l'iPad Pro Wi-Fi + Cellulaire 11 pouces d'Apple, un concentré de créativité et de connectivité. Cette tablette est conçue pour vous permettre de rester productif et de vous divertir, où que vous soyez. Avec son écran Ultra Retina XDR de 11 pouces, vous profiterez d'une expérience visuelle immersive qui donnera vie à vos contenus avec une clarté et une précision des couleurs époustouflantes. La technologie ProMotion garantit un défilement et une réactivité fluides, ce qui en fait un outil de travail et de loisirs très agréable à utiliser.
Sous le capot, le processeur Apple M4 avec son moteur neuronal à 16 cœurs offre des performances rapides et un multitâche efficace, capable de tout gérer, des applications de conception de niveau professionnel aux jeux à haute cadence. Associé à la connectivité 5G NR et Wi-Fi 6E, il vous garantit un accès rapide et fiable à Internet, ce qui rend le streaming, le téléchargement et les appels vidéo plus fluides que jamais.
Les amateurs de photographie et de vidéo apprécieront le système d'appareil photo avancé, qui comprend des caméras avant et arrière de 12 mégapixels, Smart HDR 4 et une série de modes de prise de vue. Que vous preniez des photos de qualité, tourniez des vidéos 4K ou fassiez des vidéoconférences, vous aurez un look et un son exceptionnels. De plus, grâce à Face ID et à des fonctionnalités d'accessibilité complètes, l'iPad Pro est sécurisé et accessible aux utilisateurs ayant des besoins variés, garantissant ainsi une expérience personnalisée et inclusive.",8 Go,512 Go,,Apple M4,Tandem OLED,2420 x 1668 pixels,,,,11 pouces,Apple M4 10-core,"802.11a/b/g/n/ac/ax (Wi-Fi 6E), Bluetooth 5.3","1 x Thunderbolt 3/DisplayPort/USB4
1 x Smart Connector
1 x connecteur magnétique",,"Réseau de 4 microphones, quatre hauts parleurs",17.75 cm x 0.53 cm x 24.97 cm,446 g,ENERGY STAR,107 kg d'émissions de carbone,,1 an de garantie,,,Neuf,Noir spatial,https://manystacks.s3.eu-west-3.amazonaws.com/Produits/Images/MVW33NF%3AA.jpg,,,,,,,,, 1593.00,55.00,0
MVX43NF/A,"Apple iPad Pro M4 - 13""","Apple 13-inch iPad Pro Wi-Fi, stockage 512 Go, Ram 8 Go, Tandem OLED, 13 pouces","Windows 10 ou supérieur, Apple macOS 10.13 High Sierra ou ultérieur",Oui,"Panorama (jusque 63MP), protection de l'objectif en cristal de saphir, Focus Pixels, correction yeux rouges avancée, marquage géographique, Stabilisation d'image automatique, capture d'image HEIF, capture d'images JPEG, zoom audio, Vidéo en accéléré avec stabilisation, Gamme dynamique étendue pour la vidéo à 30 fps, stabilisation vidéo Cinematic, vidéo à mise au point continue, Zoom lecture, enregistrement stéréo","Jusqu'à 10 heures, Navigation Web via WiFi: jusqu'à 10 heure(s)
Lecture vidéo: jusqu'à 10 heure(s)",tablettes,tablettes,Apple,13-inch iPad Pro Wi-Fi,"Découvrez l'Apple iPad Pro 13 pouces, conçu pour ceux qui recherchent performances et qualité. Avec son écran Ultra Retina XDR de 13 pouces, vous profiterez d'une incroyable résolution de 2 752 x 2 064 et d'une luminosité maximale de 1 600 cd/m2 pour les contenus HDR. L'écran est également doté de la technologie ProMotion, qui garantit des images fluides et réactives, que vous naviguiez ou jouiez.
Au cœur de l'iPad Pro se trouve le processeur Apple M4, équipé d'un moteur neuronal à 16 cœurs qui gère efficacement toutes les tâches, des applications gourmandes en ressources graphiques au multitâche. Associé à une batterie de 38,99 Wh, il fournit la puissance nécessaire pour une utilisation tout au long de la journée. Pour les créateurs et les amateurs de photographie, l'iPad Pro offre une configuration d'appareils photo arrière et avant de 12 mégapixels, avec Smart HDR 4 et des capacités d'enregistrement vidéo 4K, ce qui permet de créer des contenus de haute qualité.
Avec le Wi-Fi 6E et le Bluetooth 5.3, la connectivité est rapide et fiable. Les ports Thunderbolt 3/DisplayPort/USB4 offrent des options de connectivité polyvalentes, facilitant la connexion à divers appareils et écrans. L'Apple iPad Pro 13 pouces est conçu pour améliorer votre expérience, ce qui en fait un choix idéal pour ceux qui exigent l'excellence.",8 Go,512 Go,,Apple M4,Tandem OLED,2752 x 2064 pixels,,,,13 pouces,Apple M4 10-core,"802.11a/b/g/n/ac/ax (Wi-Fi 6E), Bluetooth 5.3","1 x Thunderbolt 3/DisplayPort/USB4
1 x Smart Connector
1 x connecteur magnétique",,"Réseau de 4 microphones, quatre hauts parleurs",21.55 cm x 0.51 cm x 28.16 cm,579 g,ENERGY STAR,120 kg d'émissions de carbone,,1 an de garantie,,,Neuf,Noir spatial,https://manystacks.s3.eu-west-3.amazonaws.com/Produits/Images/MVX43NF%3AA.jpg,,,,,,,,, 1686.00,58.00,0
MVXU3NF/A,"Apple iPad Pro M4 - 13""","Apple 13-inch iPad Pro Wi-Fi, stockage 512 Go, Ram 8 Go, Tandem OLED , 13 pouces","Windows 10 ou supérieur, Apple macOS 10.13 High Sierra ou ultérieur",Oui,"Panorama (jusque 63MP), protection de l'objectif en cristal de saphir, Focus Pixels, correction yeux rouges avancée, marquage géographique, Stabilisation d'image automatique, capture d'image HEIF, capture d'images JPEG, zoom audio, Vidéo en accéléré avec stabilisation, Gamme dynamique étendue pour la vidéo à 30 fps, stabilisation vidéo Cinematic, vidéo à mise au point continue, Zoom lecture, enregistrement stéréo","Jusqu'à 10 heures, Navigation Web via WiFi: jusqu'à 10 heure(s)
Lecture vidéo: jusqu'à 10 heure(s)",tablettes,tablettes,Apple,13-inch iPad Pro Wi-Fi,"Découvrez l'Apple iPad Pro 13 pouces, conçu pour ceux qui recherchent performances et qualité. Avec son écran Ultra Retina XDR de 13 pouces, vous profiterez d'une incroyable résolution de 2 752 x 2 064 et d'une luminosité maximale de 1 600 cd/m2 pour les contenus HDR. L'écran est également doté de la technologie ProMotion, qui garantit des images fluides et réactives, que vous naviguiez ou jouiez.
Au cœur de l'iPad Pro se trouve le processeur Apple M4, équipé d'un moteur neuronal à 16 cœurs qui gère efficacement toutes les tâches, des applications gourmandes en ressources graphiques au multitâche. Associé à une batterie de 38,99 Wh, il fournit la puissance nécessaire pour une utilisation tout au long de la journée. Pour les créateurs et les amateurs de photographie, l'iPad Pro offre une configuration d'appareils photo arrière et avant de 12 mégapixels, avec Smart HDR 4 et des capacités d'enregistrement vidéo 4K, ce qui permet de créer des contenus de haute qualité.
Avec le Wi-Fi 6E et le Bluetooth 5.3, la connectivité est rapide et fiable. Les ports Thunderbolt 3/DisplayPort/USB4 offrent des options de connectivité polyvalentes, facilitant la connexion à divers appareils et écrans. L'Apple iPad Pro 13 pouces est conçu pour améliorer votre expérience, ce qui en fait un choix idéal pour ceux qui exigent l'excellence.",8 Go,512 Go,,Apple M4,Tandem OLED,2752 x 2064 pixels,,,,13 pouces,Apple M4 10-core,"802.11a/b/g/n/ac/ax (Wi-Fi 6E), Bluetooth 5.3","1 x Thunderbolt 3/DisplayPort/USB4
1 x Smart Connector
1 x connecteur magnétique",,"Réseau de 4 microphones, quatre hauts parleurs",21.55 cm x 0.51 cm x 28.16 cm,579 g,ENERGY STAR,120 kg d'émissions de carbone,,1 an de garantie,,,Neuf,Noir spatial,https://manystacks.s3.eu-west-3.amazonaws.com/Produits/Images/MVXU3NF%3AA.jpg,,,,,,,,, 1686.00,53.00,0
HBV65UF,Urban Factory MOVEE Pro,Urban Factory MOVEE Pro - avec support de charge - micro-casque,,,,"Lecture continue (Bluetooth activé): jusqu'à 45 heures
Conversation continue (Bluetooth activé): jusqu'à 32 heures",accessoires,casques-micros,Urban Factory,MOVEE Pro,"Découvrez le MOVEE Pro d'Urban Factory, un casque conçu pour améliorer votre expérience audio. Doté de la technologie ENC (Environmental Noise Cancellation), il délivre un son clair en filtrant les bruits de fond, ce qui le rend adapté aux passionnés de musique comme aux professionnels. Le MOVEE Pro est doté de la connectivité Bluetooth 5.2, qui assure une liaison stable et efficace avec vos appareils, tandis que son design supra-auriculaire et son microphone rotatif garantissent confort et facilité d'utilisation pendant les longues conférences téléphoniques ou les sessions musicales. Les commandes sont placées de manière intuitive pour un accès rapide à l'acceptation et à la fin des appels, au réglage du volume et à la gestion de la lecture sans interrompre votre flux. Le casque est équipé d'une batterie rechargeable de 400 mAh, qui permet une lecture ou une conversation en continu, afin que vous puissiez rester connecté sans avoir à recharger fréquemment. De plus, sa compatibilité avec une large gamme d'appareils, y compris les téléphones et tablettes Android, Mac, Windows, iPad et iPhone, en fait un choix polyvalent pour tous vos besoins audio. Que ce soit pour le travail ou les loisirs, le MOVEE Pro d'Urban Factory est votre compagnon pour une qualité de son supérieure et une grande commodité.",,,,,,,,,,,,Bluetooth 5.2,Micro-casque - Bluetooth - sans fil - USB-A via adaptateur Bluetooth,,Stéreo,,"0,64 KG",,,,Garantie de 2 ans,,,Neuf,Noir,https://manystacks.s3.eu-west-3.amazonaws.com/Produits/Images/HBV65UF.jpg,,,,,,,,, 96.00,3.00,0
26599-999-999,Jabra Evolve2 65 MS,Jabra Evolve2 65 MS Stereo - micro-casque,,,,1600 heures,accessoires,casques-micros,Jabra,Evolve2 65 MS Stereo - micro-casque,"Conçu pour rendre votre travail plus agile. Travaillez n'importe où avec d'excellentes performances audio sans fil. D'excellents résultats exigent d'excellentes performances d'appel, et un son professionnel ininterrompu fait vraiment la différence. Les performances d'appel de la série Evolve, leader mondial, ont été encore améliorées grâce à l'intégration de trois microphones professionnels puissants, placés à des endroits stratégiques, et à l'ajout d'un chipset numérique avancé et de la dernière technologie de traitement des signaux. Le résultat est une qualité d'appel exceptionnelle, à chaque fois.
Ces casques sont dotés de puissants haut-parleurs de 40 mm qui garantissent la stabilité du signal et ont été améliorés grâce au chipset numérique le plus avancé jamais conçu. Avec la série Evolve, vous avez la garantie d'écouter de la musique de qualité supérieure pendant que vous travaillez. Avec la série Evolve2, la qualité audio atteint un niveau encore plus élevé.
Les bruits de fond peuvent interrompre votre travail, que vous soyez au bureau ou en déplacement. Lorsque vous portez le casque Evolve2 65, les bruits environnants disparaissent instantanément, grâce à la mousse isolante des coussinets ovales et à la conception innovante des oreillettes inclinées qui bloquent efficacement les bruits extérieurs, vous offrant une annulation passive des bruits sans précédent.",,,,,,,,,,,,Bluetooth 5.0,Micro-casque - Bluetooth - sans fil - USB-A,,Stéreo,,"0,44 KG",,,,Garantie limitée - 1 an,,,Neuf,Noir,https://manystacks.s3.eu-west-3.amazonaws.com/Produits/Images/26599-999-999.jpg,,,,,,,,, 179.00,6.00,0
8X231AA,Poly Blackwire 5220,Poly Blackwire 5220 - micro-casque,"Windows 10, macOS",,,,accessoires,casques-micros,HP,Poly Blackwire 5220 Stereo USB-C Headset +3.5mm Plug +USB-C/A Adapter,"Le casque HP Inc. Poly Blackwire 5220 est un choix exceptionnel pour les professionnels à la recherche de performances audio fiables et de haute qualité. Grâce à sa connectivité filaire, les utilisateurs peuvent profiter d'une qualité sonore ininterrompue, garantissant que chaque conversation est entendue avec une clarté exceptionnelle. Le casque est conçu pour offrir un confort prolongé, ce qui le rend idéal pour ceux qui passent beaucoup de temps au téléphone ou dans des réunions virtuelles. Que vous travailliez à domicile ou dans un bureau très actif, le Poly Blackwire 5220 offre à la fois performance et confort.",,,,,,,,,,,,,"USB (USB-C à 24 broches)
Casque (mini-téléphone 3,5 mm)",,Stéreo,,"0,28 KG",,,,,,,Neuf,Noir,https://manystacks.s3.eu-west-3.amazonaws.com/Produits/Images/8X231AA.jpg,,,,,,,,, 64.00,3.00,0
MXP93ZM/A,Apple AirPods 4,Apple AirPods 4 with Active Noise Cancellation - écouteurs sans fil avec micro,,,,,accessoires,casques-micros,Apple,AirPods 4 with Active Noise Cancellation,Voici les AirPods 4 avec annulation active du bruit - la prochaine évolution du son et du confort. Profitez d'appels plus clairs grâce à l'isolation vocale et d'une interaction mains libres avec Siri.,,,,,,,,,,,,Bluetooth 5.3,,,Stéreo,,"0,13 KG",,,,1 an de garantie,,,Neuf,Blanc,https://manystacks.s3.eu-west-3.amazonaws.com/Produits/Images/MXP93ZM%3AA.jpg,,,,,,,,, 199.00,7.00,0
4999-823-109,Jabra Evolve 20 MS,Jabra Evolve 20 MS stéréo - micro-casque,,,,,accessoires,casques-micros,Jabra,Evolve 20 MS stéréo,"Le micro-casque sans fil Jabra Evolve 20 est doté d'un voyant lumineux Busylight intégré, ainsi que d'une double connectivité qui vous permet d'utiliser deux appareils Bluetooth et ainsi renforcer votre productivité et votre mobilité dans tout le bureau. Il offre une portée sans fil allant jusqu'à 30 m autour de votre smartphone et/ou PC.",,,,,,,,,,,,,"Câble pour casque micro - 1.2 m
Câble de contrôle USB - 95 cm",,Stéreo,,"0,15 KG",,,,Garantie de 2 ans,,,Neuf,Noir,https://manystacks.s3.eu-west-3.amazonaws.com/Produits/Images/4999-823-109.jpg,,,,,,,,, 39.00,2.00,0
6599-833-309,Jabra Evolve 65 SE MS,Jabra Evolve 65 SE MS Stereo - micro-casque,,,,,accessoires,casques-micros,Jabra,Evolve 65 SE MS Stereo,"Le micro-casque sans fil Jabra Evolve 65 est doté d'un voyant lumineux Busylight intégré, ainsi que d'une double connectivité qui vous permet d'utiliser deux appareils Bluetooth et ainsi renforcer votre productivité et votre mobilité dans tout le bureau. Il offre une portée sans fil allant jusqu'à 30 m autour de votre smartphone et/ou PC.",,,,,,,,,,,,Bluetooth 4.0,Câble USB - détachable,,Stéreo,,"0,30 KG",,,,Garantie limitée - 2 ans,,,Neuf,Noir,https://manystacks.s3.eu-west-3.amazonaws.com/Produits/Images/6599-833-309.jpg,,,,,,,,, 141.00,5.00,0
77Y98AA,Poly Voyager 4320,Poly Voyager 4320-M - micro-casque,"Windows 10, macOS",,,,accessoires,casques-micros,Poly,Voyager 4320 Microsoft Teams Certified USB-A Headset +BT700 dongle,"Le micro-casque sans fil Bluetooth d'entrée de gamme laisse vos collaborateurs libres de leurs mouvements. Découvrez la gamme Voyager 4300 UC. Ce micro-casque offre tout ce dont vos équipes ont besoin pour rester productives et se connecter à tous leurs appareils, à la maison ou au bureau",,,,,,,,,,,,Bluetooth 5.1,,,Stéreo,,"0,32 KG",,,,Garantie de 2 ans,,,Neuf,Noir,https://manystacks.s3.eu-west-3.amazonaws.com/Produits/Images/77Y98AA.jpg,,,,,,,,, 98.00,4.00,0
26599-999-889,Jabra Evolve2 65 MS,Jabra Evolve2 65 MS Stereo - micro-casque - avec support de chargement,,,,,accessoires,casques-micros,Jabra,Evolve2 65 MS Stereo - micro-casque,"Le micro-casque sans fil Jabra Evolve 65 est doté d'un voyant lumineux Busylight intégré, ainsi que d'une double connectivité qui vous permet d'utiliser deux appareils Bluetooth et ainsi renforcer votre productivité et votre mobilité dans tout le bureau. Il offre une portée sans fil allant jusqu'à 30 m autour de votre smartphone et/ou PC.",,,,,,,,,,,,Bluetooth 5.0,Câble USB - détachable,,Stéreo,,"0,86 KG",,,,Garantie de 2 ans,,,Neuf,Noir,https://manystacks.s3.eu-west-3.amazonaws.com/Produits/Images/26599-999-889.jpg,,,,,,,,, 47.00,2.00,0
4999-823-309,Jabra Evolve 20SE MS,Jabra Evolve 20SE MS stereo - Special Edition - micro-casque,,,,,accessoires,casques-micros,Jabra,Evolve 20SE MS stereo,Casque professionnel avec gestion simplifiée des appels et son impressionnant pour les appels et la musique.,,,,,,,,,,,,,"Câble pour casque micro - 1.2 m
Câble de contrôle USB - 95 cm",,Stéreo,,"0,17 KG",,,,Garantie de 2 ans,,,Neuf,Noir,https://manystacks.s3.eu-west-3.amazonaws.com/Produits/Images/4999-823-309.jpg,,,,,,,,, 47.00,2.00,0
4999-829-209,Jabra Evolve 20 UC,Jabra Evolve 20 UC stereo - micro-casque,,,,,accessoires,casques-micros,Jabra,Evolve 20 UC stereo - micro-casque,Casque professionnel avec gestion simplifiée des appels et son impressionnant pour les appels et la musique.,,,,,,,,,,,,,"Câble pour casque micro - 1.2 m
Câble de contrôle USB - 95 cm",,Stéreo,,"0,15 KG",,,,Garantie de 2 ans,,,Neuf,Noir,https://manystacks.s3.eu-west-3.amazonaws.com/Produits/Images/4999-829-209.jpg,,,,,,,,, 39.00,2.00,0
981-000589,Logitech Stereo H151,Logitech Stereo H151 - micro-casque,,,,,accessoires,casques-micros,Logitech,Stereo H151,,,,,,,,,,,,,,Câble pour casque micro - 1.8 m,,Stéreo,,"0,24 KG",,,,Garantie limitée - 2 ans,,,Neuf,Noir,https://manystacks.s3.eu-west-3.amazonaws.com/Produits/Images/981-000589.jpg,,,,,,,,, 22.00,1.00,0
1001252,EPOS IMPACT 430,EPOS IMPACT 430 - micro-casque,,,,,accessoires,casques-micros,EPOS,IMPACT 430,"Le casque EPOS IMPACT 430 est conçu pour les professionnels qui exigent fonctionnalité et confort pour leurs appareils audio. Grâce à sa technologie de connectivité filaire, ce casque offre une expérience audio fiable et ininterrompue, essentielle pour les communications critiques. La conception monaurale permet une écoute ciblée, tandis que les écouteurs supra-auriculaires garantissent le confort pendant de longues heures d'utilisation. En outre, le microphone monté sur la perche capte votre voix avec clarté, et la commande de volume intégrée au cordon permet d'effectuer des réglages audio pratiques. Que ce soit pour le bureau ou le travail à distance, l'EPOS IMPACT 430 est un compagnon idéal pour votre ordinateur, assurant une communication claire et efficace.",,,,,,,,,,,,,"Câble USB-C - 1.8 m , Adaptateur USB-C vers USB-A",,Mono,,"0,33 KG",,,,,,,Neuf,Noir,https://manystacks.s3.eu-west-3.amazonaws.com/Produits/Images/1001252.jpg,,,,,,,,, 56.00,2.00,0
MXKA3Z/A,Apple Magic Trackpad,"Apple Magic Trackpad , pavé tactile , Bluetooth ,noir","Apple MacOS X 10.11 ou plus récent, Apple iPadOS 13.4 ou ultérieur",,,1 mois,accessoires,souris,Apple,Magic Trackpad,"Le Magic Trackpad est le premier trackpad Multi-Touch conçu pour fonctionner avec votre ordinateur de bureau Mac. Il utilise la même technologie Multi-Touch que vous aimez tant sur MacBook Pro. Il gère également un ensemble complet de mouvements, révolutionnant ainsi votre manière de contrôler et d'interagir avec ce qui se trouve sur votre écran. Balayez les pages en ligne comme si vous feuilletiez les pages d'un livre ou d'un magazine. De plus, grâce au défilement à inertie, il n'a jamais été aussi simple de faire défiler une page de haut en bas. Le Magic Trackpad se connecte à votre Mac grâce à la technologie sans fil Bluetooth. Il peut remplacer la souris ou être utilisé conjointement avec celle-ci.",,,,,Pavé tactile,,,,,,,Bluetooth,1 x USB-C - 24 pin USB-C,,,16 cm x 11.49 cm x 1.09 cm,"0,34 KG",,,,1 an de garantie,,,Neuf,Noir,https://manystacks.s3.eu-west-3.amazonaws.com/Produits/Images/MXKA3Z%3AA.jpg,,,,,,,,, 169.00,6.00,0
MWW73ZM/A,Apple AirPods Max,"AirPods Max 2e génération , écouteurs avec micro",,,,"Conversation continue: jusqu'à 20 heures
Lecture continue (avec 5 min de charge): jusqu'à 1.5 heures",accessoires,casques-micros,Apple,AirPods Max,"Les AirPods Max offrent un son haute fidélité étonnamment détaillé pour une expérience d'écoute inégalée. Chaque élément du circuit d'attaque sur mesure s'efforce de produire un son avec une distorsion ultra-faible sur toute la plage audible, ce qui vous permet d'entendre chaque note avec une grande clarté.",,,,,Écouteurs - Bluetooth - sans fil,,,,,,,Bluetooth 5.0,Câble de recharge USB-C - détachable,,Stéreo,16.86 cm x 8.34 cm x 18.73 cm,"1,56 KG",,,,1 an de garantie,,,Neuf,Orange,https://manystacks.s3.eu-west-3.amazonaws.com/Produits/Images/MWW73ZM%3AA.jpg,,,,,,,,, 577.00,19.00,0
MWW83ZM/A,Apple AirPods Max,"AirPods Max 2e génération , écouteurs avec micro",,,,20 heure(s),accessoires,casques-micros,Apple,AirPods Max,"Les Apple AirPods Max offrent une expérience d'écoute immersive avec une qualité sonore grâce à la technologie des écouteurs dynamiques. Ces écouteurs de taille normale sont dotés de la fonction d'élimination active du bruit, ce qui permet aux utilisateurs de s'immerger dans leur musique ou leurs appels sans être gênés par des distractions extérieures. Avec des commandes intégrées pour le volume, la lecture/pause et la gestion des pistes, ce casque offre une accessibilité qui renforce l'engagement.
Les écouteurs sont équipés de fonctionnalités telles que l'audio spatial avec suivi dynamique de la tête et l'égalisation adaptative, garantissant aux utilisateurs une expérience audio riche, quel que soit le type de média. En outre, les AirPods Max intègrent une connectivité transparente via Bluetooth 5.0 et des capacités de charge rapide, ce qui en fait une option pour les appareils électroniques portables. La puce Apple H1 améliore les performances en permettant le changement automatique d'appareil et le partage audio sans fil, tandis que le bandeau réglable assure un port confortable pour une utilisation prolongée.",,,,,2e génération,,,,,,,Bluetooth 5.0,,,Stéreo,16.86 cm x 8.34 cm x 18.73 cm,"1,56 KG",,,,Garantie limitée - 1 an,,,Neuf,Violet,https://manystacks.s3.eu-west-3.amazonaws.com/Produits/Images/MWW83ZM%3AA.jpg,,,,,,,,, 577.00,19.00,0
MWW63ZM/A,Apple AirPods Max,"AirPods Max 2e génération , écouteurs avec micro",,,,20 heure(s),accessoires,casques-micros,Apple,AirPods Max,"Les Apple AirPods Max offrent une expérience audio immersive qui associe un son haute-fidélité à des fonctionnalités innovantes. Conçus pour le confort, ces écouteurs de taille normale sont équipés de la technologie de réduction active du bruit, ce qui vous permet d'écouter de la musique sans être distrait. Grâce à la connectivité Bluetooth 5.0, le casque offre un partage audio sans fil transparent et une compatibilité avec un large éventail d'appareils, dont l'iPhone, l'iPad et le Mac. La puce Apple H1 améliore les performances, en permettant les transitions entre les appareils et en activant des fonctions telles que l'audio spatial avec suivi dynamique de la tête.
Le bandeau réglable garantit un ajustement parfait, tandis que le microphone intégré permet de passer des appels clairs et d'accéder à l'assistant vocal. Les commandes de volume, de lecture/pause et de saut de piste offrent une gestion intuitive, complétée par un mode de transparence qui laisse entrer les sons extérieurs lorsque cela est nécessaire. Dotés d'une fonction de charge rapide et d'une batterie rechargeable, ces écouteurs conviennent à une utilisation en déplacement, offrant une lecture et une autonomie continues. Les Apple AirPods Max allient élégance et fonctionnalité dans le domaine de l'audio portable.",,,,,Écouteurs - Bluetooth - sans fil,,,,,,,Bluetooth 5.0,Sans fil,,Stéreo,16.86 cm x 8.34 cm x 18.73 cm,"1,56 KG",,,,Garantie limitée - 1 an,,,Neuf,Bleu,https://manystacks.s3.eu-west-3.amazonaws.com/Produits/Images/MWW63ZM%3AA.jpg,,,,,,,,, 577.00,19.00,0
MWW53ZM/A,Apple AirPods Max,"Apple AirPods Max 2e génération , écouteurs avec micro",,,,20 heure(s),accessoires,casques-micros,Apple,AirPods Max,"Les AirPods Max offrent un son haute fidélité étonnamment détaillé pour une expérience d'écoute inégalée. Chaque élément du circuit d'attaque sur mesure s'efforce de produire un son avec une distorsion ultra-faible sur toute la plage audible, ce qui vous permet d'entendre chaque note avec une grande clarté.",,,,,Écouteurs,,,,,,,Bluetooth 5.0,Sans fil,,Stéreo,16.86 cm x 8.34 cm x 18.73 cm,"1,56 KG",,,,Garantie limitée - 1 an,,,Neuf,Lumière des étoiles,https://manystacks.s3.eu-west-3.amazonaws.com/Produits/Images/MWW53ZM%3AA.jpg,,,,,,,,, 577.00,19.00,0
MWW43ZM/A,Apple AirPods Max,Apple AirPods Max 2e génération - écouteurs avec micro,,,,20 heure(s),accessoires,casques-micros,Apple,AirPods Max,"Les AirPods Max offrent un son haute fidélité étonnamment détaillé pour une expérience d'écoute inégalée. Chaque élément du circuit d'attaque sur mesure s'efforce de produire un son avec une distorsion ultra-faible sur toute la plage audible, ce qui vous permet d'entendre chaque note avec une grande clarté.",,,,,Écouteurs - Bluetooth - sans fil,,,,,,,Bluetooth 5.0,Sans fil,,Stéreo,16.86 cm x 8.34 cm x 18.73 cm,"1,56 KG",,,,Garantie limitée - 1 an,,,Neuf,Noir minuit,https://manystacks.s3.eu-west-3.amazonaws.com/Produits/Images/MWW43ZM%3AA.jpg,,,,,,,,, 577.00,19.00,0