Nom,SKU ID,Description Marketing,Image,Fournisseur,Product ID,Plan ID,GUID,Facturation,Engagement,Apps incluses,Apps type,Prix
Microsoft Defender for Endpoint,Microsoft-Defender-For-Endpoint,,https://manystacks.s3.eu-west-3.amazonaws.com/Produits/Images/Microsoft_365_logo.webp,microsoft,MSDefender-isvfr,Monthly,,Mensuel,,,,
Microsoft Defender for Endpoint,Microsoft-Defender-For-Endpoint,,https://manystacks.s3.eu-west-3.amazonaws.com/Produits/Images/Microsoft_365_logo.webp,microsoft,MSDefender-isvfr,Annual,,Annuel,,,,
Microsoft Defender for Endpoint,Microsoft-Defender-For-Endpoint-,,https://manystacks.s3.eu-west-3.amazonaws.com/Produits/Images/Microsoft_365_logo.webp,microsoft,MSDefender-isvfr,Monthly-n0,,Mensuel,,,,
Microsoft Defender for Endpoint,Microsoft-Defender-For-Endpoint-,,https://manystacks.s3.eu-west-3.amazonaws.com/Produits/Images/Microsoft_365_logo.webp,microsoft,MSDefender-isvfr,Annual-n0,,Annuel,,,,
Microsoft Defender for Endpoint N0,Microsoft-Defender-for-Endpoi-n0,,https://manystacks.s3.eu-west-3.amazonaws.com/Produits/Images/Microsoft_365_logo.webp,microsoft,MSDefender-isvfr,Monthly-n1,,Mensuel,,,,
Microsoft Defender for Endpoint N0,Microsoft-Defender-for-Endpoi-n0,,https://manystacks.s3.eu-west-3.amazonaws.com/Produits/Images/Microsoft_365_logo.webp,microsoft,MSDefender-isvfr,Annual-n1,,Annuel,,,,
Microsoft Defender for Endpoint N1,Microsoft-Defender-for-Endpoi-n1,,https://manystacks.s3.eu-west-3.amazonaws.com/Produits/Images/Microsoft_365_logo.webp,microsoft,MSDefender-isvfr,Monthly-n2,,Mensuel,,,,
Microsoft Defender for Endpoint N1,Microsoft-Defender-for-Endpoi-n1,,https://manystacks.s3.eu-west-3.amazonaws.com/Produits/Images/Microsoft_365_logo.webp,microsoft,MSDefender-isvfr,Annual-n2,,Annuel,,,,
Microsoft Defender for Identity,Microsoft-Defender-for-Identity,,https://manystacks.s3.eu-west-3.amazonaws.com/Produits/Images/Microsoft_365_logo.webp,microsoft,MSDefender-isvfr,Monthly-n3,,Mensuel,,,,
Microsoft Defender for Identity,Microsoft-Defender-for-Identity,,https://manystacks.s3.eu-west-3.amazonaws.com/Produits/Images/Microsoft_365_logo.webp,microsoft,MSDefender-isvfr,Annual-n3,,Annuel,,,,
Microsoft Defender for Identity,Microsoft-Defender-for-Identity-,,https://manystacks.s3.eu-west-3.amazonaws.com/Produits/Images/Microsoft_365_logo.webp,microsoft,MSDefender-isvfr,Monthly-n4,,Mensuel,,,,
Microsoft Defender for Identity,Microsoft-Defender-for-Identity-,,https://manystacks.s3.eu-west-3.amazonaws.com/Produits/Images/Microsoft_365_logo.webp,microsoft,MSDefender-isvfr,Annual-n4,,Annuel,,,,
Microsoft Defender for Identity N0,Microsoft-Defender-for-Identi-n0,,https://manystacks.s3.eu-west-3.amazonaws.com/Produits/Images/Microsoft_365_logo.webp,microsoft,MSDefender-isvfr,Monthly-n5,,Mensuel,,,,
Microsoft Defender for Identity N0,Microsoft-Defender-for-Identi-n0,,https://manystacks.s3.eu-west-3.amazonaws.com/Produits/Images/Microsoft_365_logo.webp,microsoft,MSDefender-isvfr,Annual-n5,,Annuel,,,,
Microsoft Defender for Identity N1,Microsoft-Defender-for-Identi-n1,,https://manystacks.s3.eu-west-3.amazonaws.com/Produits/Images/Microsoft_365_logo.webp,microsoft,MSDefender-isvfr,Monthly-n6,,Mensuel,,,,
Microsoft Defender for Identity N1,Microsoft-Defender-for-Identi-n1,,https://manystacks.s3.eu-west-3.amazonaws.com/Produits/Images/Microsoft_365_logo.webp,microsoft,MSDefender-isvfr,Annual-n6,,Annuel,,,,
Microsoft Defender for Endpoint N2,Microsoft-Defender-for-Endpoi-n2,,https://manystacks.s3.eu-west-3.amazonaws.com/Produits/Images/Microsoft_365_logo.webp,microsoft,MSDefender-isvfr,Monthly-n7,,Mensuel,,,,
Microsoft Defender for Endpoint N2,Microsoft-Defender-for-Endpoi-n2,,https://manystacks.s3.eu-west-3.amazonaws.com/Produits/Images/Microsoft_365_logo.webp,microsoft,MSDefender-isvfr,Annual-n7,,Annuel,,,,
Microsoft Defender for Identity N2,Microsoft-Defender-for-Identi-n2,,https://manystacks.s3.eu-west-3.amazonaws.com/Produits/Images/Microsoft_365_logo.webp,microsoft,MSDefender-isvfr,Monthly-n8,,Mensuel,,,,
Microsoft Defender for Identity N2,Microsoft-Defender-for-Identi-n2,,https://manystacks.s3.eu-west-3.amazonaws.com/Produits/Images/Microsoft_365_logo.webp,microsoft,MSDefender-isvfr,Annual-n8,,Annuel,,,,
Microsoft Defender for Endpoint N3,Microsoft-Defender-for-Endpoi-n3,,https://manystacks.s3.eu-west-3.amazonaws.com/Produits/Images/Microsoft_365_logo.webp,microsoft,MSDefender-isvfr,Monthly-n9,,Mensuel,,,,
Microsoft Defender for Endpoint N3,Microsoft-Defender-for-Endpoi-n3,,https://manystacks.s3.eu-west-3.amazonaws.com/Produits/Images/Microsoft_365_logo.webp,microsoft,MSDefender-isvfr,Annual-n9,,Annuel,,,,
Microsoft Defender for Endpoint N4,Microsoft-Defender-for-Endpoi-n4,,https://manystacks.s3.eu-west-3.amazonaws.com/Produits/Images/Microsoft_365_logo.webp,microsoft,MSDefender-isvfr,Monthly-n10,,Mensuel,,,,
Microsoft Defender for Endpoint N4,Microsoft-Defender-for-Endpoi-n4,,https://manystacks.s3.eu-west-3.amazonaws.com/Produits/Images/Microsoft_365_logo.webp,microsoft,MSDefender-isvfr,Annual-n10,,Annuel,,,,
Microsoft Defender for Business,Microsoft-Defender-for-Business-,,https://manystacks.s3.eu-west-3.amazonaws.com/Produits/Images/Microsoft_365_logo.webp,microsoft,MSDefender-isvfr,Monthly-n11,,Mensuel,,,,
Microsoft Defender for Business,Microsoft-Defender-for-Business-,,https://manystacks.s3.eu-west-3.amazonaws.com/Produits/Images/Microsoft_365_logo.webp,microsoft,MSDefender-isvfr,Annual-n11,,Annuel,,,,
Microsoft Defender for Endpoint N5,Microsoft-Defender-for-Endpoi-n5,,https://manystacks.s3.eu-west-3.amazonaws.com/Produits/Images/Microsoft_365_logo.webp,microsoft,MSDefender-isvfr,Monthly-n12,,Mensuel,,,,
Microsoft Defender for Endpoint N5,Microsoft-Defender-for-Endpoi-n5,,https://manystacks.s3.eu-west-3.amazonaws.com/Produits/Images/Microsoft_365_logo.webp,microsoft,MSDefender-isvfr,Annual-n12,,Annuel,,,,
Microsoft Defender for Endpoint N6,Microsoft-Defender-for-Endpoi-n6,,https://manystacks.s3.eu-west-3.amazonaws.com/Produits/Images/Microsoft_365_logo.webp,microsoft,MSDefender-isvfr,Monthly-n13,,Mensuel,,,,
Microsoft Defender for Endpoint N6,Microsoft-Defender-for-Endpoi-n6,,https://manystacks.s3.eu-west-3.amazonaws.com/Produits/Images/Microsoft_365_logo.webp,microsoft,MSDefender-isvfr,Annual-n13,,Annuel,,,,
Microsoft Defender for Endpoint N7,Microsoft-Defender-for-Endpoi-n7,,https://manystacks.s3.eu-west-3.amazonaws.com/Produits/Images/Microsoft_365_logo.webp,microsoft,MSDefender-isvfr,Monthly-n14,,Mensuel,,,,
Microsoft Defender for Endpoint N7,Microsoft-Defender-for-Endpoi-n7,,https://manystacks.s3.eu-west-3.amazonaws.com/Produits/Images/Microsoft_365_logo.webp,microsoft,MSDefender-isvfr,Annual-n14,,Annuel,,,,
Microsoft Defender for Cloud App,Microsoft-Defender-for-Cloud-App,,https://manystacks.s3.eu-west-3.amazonaws.com/Produits/Images/Microsoft_365_logo.webp,microsoft,MSDefender-isvfr,Monthly-n15,,Mensuel,,,,
Microsoft Defender for Cloud App,Microsoft-Defender-for-Cloud-App,,https://manystacks.s3.eu-west-3.amazonaws.com/Produits/Images/Microsoft_365_logo.webp,microsoft,MSDefender-isvfr,Annual-n15,,Annuel,,,,
Microsoft Defender Vulnerability,Microsoft-Defender-Vulnerability,,https://manystacks.s3.eu-west-3.amazonaws.com/Produits/Images/Microsoft_365_logo.webp,microsoft,MSDefender-isvfr,Monthly-n17,,Mensuel,,,,
Microsoft Defender Vulnerability,Microsoft-Defender-Vulnerability,,https://manystacks.s3.eu-west-3.amazonaws.com/Produits/Images/Microsoft_365_logo.webp,microsoft,MSDefender-isvfr,Annual-n17,,Annuel,,,,
Microsoft Defender Vulnerability N0,Microsoft-Defender-Vulnerabil-n0,,https://manystacks.s3.eu-west-3.amazonaws.com/Produits/Images/Microsoft_365_logo.webp,microsoft,MSDefender-isvfr,Monthly-n18,,Mensuel,,,,
Microsoft Defender Vulnerability N0,Microsoft-Defender-Vulnerabil-n0,,https://manystacks.s3.eu-west-3.amazonaws.com/Produits/Images/Microsoft_365_logo.webp,microsoft,MSDefender-isvfr,Annual-n18,,Annuel,,,,
Microsoft Defender Threat Intelligence,Defender-Threat-Intelligence-for,,https://manystacks.s3.eu-west-3.amazonaws.com/Produits/Images/Microsoft_365_logo.webp,microsoft,MSDefender-isvfr,Monthly-n19,,Mensuel,,,,
Microsoft Defender Threat Intelligence,Defender-Threat-Intelligence-for,,https://manystacks.s3.eu-west-3.amazonaws.com/Produits/Images/Microsoft_365_logo.webp,microsoft,MSDefender-isvfr,Annual-n19,,Annuel,,,,
Microsoft Defender Threat Intelligence N0,Defender-Threat-Intelligence--n0,,https://manystacks.s3.eu-west-3.amazonaws.com/Produits/Images/Microsoft_365_logo.webp,microsoft,MSDefender-isvfr,Monthly-n20,,Mensuel,,,,
Microsoft Defender Threat Intelligence N0,Defender-Threat-Intelligence--n0,,https://manystacks.s3.eu-west-3.amazonaws.com/Produits/Images/Microsoft_365_logo.webp,microsoft,MSDefender-isvfr,Annual-n20,,Annuel,,,,
Microsoft Defender for Endpoint N8,Microsoft-Defender-for-Endpoi-n8,,https://manystacks.s3.eu-west-3.amazonaws.com/Produits/Images/Microsoft_365_logo.webp,microsoft,MSDefender-isvfr,Monthly-n21,,Mensuel,,,,
Microsoft Defender for Endpoint N8,Microsoft-Defender-for-Endpoi-n8,,https://manystacks.s3.eu-west-3.amazonaws.com/Produits/Images/Microsoft_365_logo.webp,microsoft,MSDefender-isvfr,Annual-n21,,Annuel,,,,
Microsoft Defender for Endpoint N9,Microsoft-Defender-for-Endpoi-n9,,https://manystacks.s3.eu-west-3.amazonaws.com/Produits/Images/Microsoft_365_logo.webp,microsoft,MSDefender-isvfr,Monthly-n22,,Mensuel,,,,
Microsoft Defender for Endpoint N9,Microsoft-Defender-for-Endpoi-n9,,https://manystacks.s3.eu-west-3.amazonaws.com/Produits/Images/Microsoft_365_logo.webp,microsoft,MSDefender-isvfr,Annual-n22,,Annuel,,,,
Microsoft Defender for Endpoint N11,Microsoft-Defender-for-Endpo-n11,,https://manystacks.s3.eu-west-3.amazonaws.com/Produits/Images/Microsoft_365_logo.webp,microsoft,MSDefender-isvfr,Monthly-n24,,Mensuel,,,,
Microsoft Defender for Endpoint N11,Microsoft-Defender-for-Endpo-n11,,https://manystacks.s3.eu-west-3.amazonaws.com/Produits/Images/Microsoft_365_logo.webp,microsoft,MSDefender-isvfr,Annual-n24,,Annuel,,,,
Microsoft Defender Vulnerability N1,Microsoft-Defender-Vulnerabil-n1,,https://manystacks.s3.eu-west-3.amazonaws.com/Produits/Images/Microsoft_365_logo.webp,microsoft,MSDefender-isvfr,Monthly-n25,,Mensuel,,,,
Microsoft Defender Vulnerability N1,Microsoft-Defender-Vulnerabil-n1,,https://manystacks.s3.eu-west-3.amazonaws.com/Produits/Images/Microsoft_365_logo.webp,microsoft,MSDefender-isvfr,Annual-n25,,Annuel,,,,
Microsoft Defender Vulnerability N2,Microsoft-Defender-Vulnerabil-n2,,https://manystacks.s3.eu-west-3.amazonaws.com/Produits/Images/Microsoft_365_logo.webp,microsoft,MSDefender-isvfr,Monthly-n26,,Mensuel,,,,
Microsoft Defender Vulnerability N2,Microsoft-Defender-Vulnerabil-n2,,https://manystacks.s3.eu-west-3.amazonaws.com/Produits/Images/Microsoft_365_logo.webp,microsoft,MSDefender-isvfr,Annual-n26,,Annuel,,,,
Microsoft Defender for Endpoint N12,Microsoft-Defender-for-Endpo-n12,,https://manystacks.s3.eu-west-3.amazonaws.com/Produits/Images/Microsoft_365_logo.webp,microsoft,MSDefender-isvfr,Annual-n27,,Annuel,,,,
Microsoft Defender for Endpoint N12,Microsoft-Defender-for-Endpo-n12,,https://manystacks.s3.eu-west-3.amazonaws.com/Produits/Images/Microsoft_365_logo.webp,microsoft,MSDefender-isvfr,Monthly-n27,,Mensuel,,,,
Microsoft Azure Plan,Standard-B-Series,,https://manystacks.s3.eu-west-3.amazonaws.com/Produits/Images/Microsoft_365_logo.webp,microsoft,MSAZURE-isvfr,Standard-B2S,,Mensuel,,,,
Microsoft Entra ID  Basic,Azure-Active-Directory-Basic-for,,https://manystacks.s3.eu-west-3.amazonaws.com/Produits/Images/Microsoft_365_logo.webp,microsoft,AzureActiveDirectory-isvfr,Monthly-Plan,,Mensuel,,,,
Microsoft Entra ID  Basic,Azure-Active-Directory-Basic-for,,https://manystacks.s3.eu-west-3.amazonaws.com/Produits/Images/Microsoft_365_logo.webp,microsoft,AzureActiveDirectory-isvfr,Annual-Plan,,Annuel,,,,
Microsoft Entra ID  Basic N0,Azure-Active-Directory-Basic--n0,,https://manystacks.s3.eu-west-3.amazonaws.com/Produits/Images/Microsoft_365_logo.webp,microsoft,AzureActiveDirectory-isvfr,Monthly-Plan-n0,,Mensuel,,,,
Microsoft Entra ID  Basic N0,Azure-Active-Directory-Basic--n0,,https://manystacks.s3.eu-west-3.amazonaws.com/Produits/Images/Microsoft_365_logo.webp,microsoft,AzureActiveDirectory-isvfr,Annual-Plan-n0,,Annuel,,,,
Microsoft Entra ID  Premium,Azure-Active-Directory-Premium-P,,https://manystacks.s3.eu-west-3.amazonaws.com/Produits/Images/Microsoft_365_logo.webp,microsoft,AzureActiveDirectory-isvfr,Monthly-Plan-n1,,Mensuel,,,,
Microsoft Entra ID  Premium,Azure-Active-Directory-Premium-P,,https://manystacks.s3.eu-west-3.amazonaws.com/Produits/Images/Microsoft_365_logo.webp,microsoft,AzureActiveDirectory-isvfr,Annual-Plan-n1,,Annuel,,,,
Microsoft Entra ID  Premium N0,Azure-Active-Directory-Premiu-n0,,https://manystacks.s3.eu-west-3.amazonaws.com/Produits/Images/Microsoft_365_logo.webp,microsoft,AzureActiveDirectory-isvfr,Monthly-Plan-n2,,Mensuel,,,,
Microsoft Entra ID  Premium N0,Azure-Active-Directory-Premiu-n0,,https://manystacks.s3.eu-west-3.amazonaws.com/Produits/Images/Microsoft_365_logo.webp,microsoft,AzureActiveDirectory-isvfr,Annual-Plan-n2,,Annuel,,,,
Microsoft Entra ID  Premium N0,sku--Azure-Active-Directory-P-n0,,https://manystacks.s3.eu-west-3.amazonaws.com/Produits/Images/Microsoft_365_logo.webp,microsoft,AzureActiveDirectory-isvfr,Monthly-Plan-n3,,Mensuel,,,,
Microsoft Entra ID  Premium N0,sku--Azure-Active-Directory-P-n0,,https://manystacks.s3.eu-west-3.amazonaws.com/Produits/Images/Microsoft_365_logo.webp,microsoft,AzureActiveDirectory-isvfr,Annual-Plan-n3,,Annuel,,,,
Microsoft Entra ID  Premium N1,sku--Azure-Active-Directory-P-n1,,https://manystacks.s3.eu-west-3.amazonaws.com/Produits/Images/Microsoft_365_logo.webp,microsoft,AzureActiveDirectory-isvfr,Monthly-Plan-n4,,Mensuel,,,,
Microsoft Entra ID  Premium N1,sku--Azure-Active-Directory-P-n1,,https://manystacks.s3.eu-west-3.amazonaws.com/Produits/Images/Microsoft_365_logo.webp,microsoft,AzureActiveDirectory-isvfr,Annual-Plan-n4,,Annuel,,,,
Microsoft Entra ID  Premium N1,Azure-Active-Directory-Premiu-n1,,https://manystacks.s3.eu-west-3.amazonaws.com/Produits/Images/Microsoft_365_logo.webp,microsoft,AzureActiveDirectory-isvfr,Monthly-Plan-n5,,Mensuel,,,,
Microsoft Entra ID  Premium N1,Azure-Active-Directory-Premiu-n1,,https://manystacks.s3.eu-west-3.amazonaws.com/Produits/Images/Microsoft_365_logo.webp,microsoft,AzureActiveDirectory-isvfr,Annual-Plan-n5,,Annuel,,,,
Microsoft Entra ID  Premium N2,sku--Azure-Active-Directory-P-n2,,https://manystacks.s3.eu-west-3.amazonaws.com/Produits/Images/Microsoft_365_logo.webp,microsoft,AzureActiveDirectory-isvfr,Monthly-Plan-n6,,Mensuel,,,,
Microsoft Entra ID  Premium N2,sku--Azure-Active-Directory-P-n2,,https://manystacks.s3.eu-west-3.amazonaws.com/Produits/Images/Microsoft_365_logo.webp,microsoft,AzureActiveDirectory-isvfr,Annual-Plan-n6,,Annuel,,,,
Microsoft Entra ID  Premium N2,Azure-Active-Directory-Premiu-n2,,https://manystacks.s3.eu-west-3.amazonaws.com/Produits/Images/Microsoft_365_logo.webp,microsoft,AzureActiveDirectory-isvfr,Monthly-Plan-n7,,Mensuel,,,,
Microsoft Entra ID  Premium N2,Azure-Active-Directory-Premiu-n2,,https://manystacks.s3.eu-west-3.amazonaws.com/Produits/Images/Microsoft_365_logo.webp,microsoft,AzureActiveDirectory-isvfr,Annual-Plan-n7,,Annuel,,,,
Microsoft Entra ID  Premium N3,Azure-Active-Directory-Premiu-n3,,https://manystacks.s3.eu-west-3.amazonaws.com/Produits/Images/Microsoft_365_logo.webp,microsoft,AzureActiveDirectory-isvfr,Monthly-Plan-n8,,Mensuel,,,,
Microsoft Entra ID  Premium N3,Azure-Active-Directory-Premiu-n3,,https://manystacks.s3.eu-west-3.amazonaws.com/Produits/Images/Microsoft_365_logo.webp,microsoft,AzureActiveDirectory-isvfr,Annual-Plan-n8,,Annuel,,,,
Microsoft Entra ID  Premium N3,sku--Azure-Active-Directory-P-n3,,https://manystacks.s3.eu-west-3.amazonaws.com/Produits/Images/Microsoft_365_logo.webp,microsoft,AzureActiveDirectory-isvfr,Monthly-Plan-n9,,Mensuel,,,,
Microsoft Entra ID  Premium N3,sku--Azure-Active-Directory-P-n3,,https://manystacks.s3.eu-west-3.amazonaws.com/Produits/Images/Microsoft_365_logo.webp,microsoft,AzureActiveDirectory-isvfr,Annual-Plan-n9,,Annuel,,,,
Microsoft Entra ID  Premium N4,Azure-Active-Directory-Premiu-n4,,https://manystacks.s3.eu-west-3.amazonaws.com/Produits/Images/Microsoft_365_logo.webp,microsoft,AzureActiveDirectory-isvfr,Monthly-Plan-n10,,Mensuel,,,,
Microsoft Entra ID  Premium N4,Azure-Active-Directory-Premiu-n4,,https://manystacks.s3.eu-west-3.amazonaws.com/Produits/Images/Microsoft_365_logo.webp,microsoft,AzureActiveDirectory-isvfr,Annual-Plan-n10,,Annuel,,,,
Microsoft Entra ID  Premium N5,Azure-Active-Directory-Premiu-n5,,https://manystacks.s3.eu-west-3.amazonaws.com/Produits/Images/Microsoft_365_logo.webp,microsoft,AzureActiveDirectory-isvfr,Monthly-Plan-n11,,Mensuel,,,,
Microsoft Entra ID  Premium N5,Azure-Active-Directory-Premiu-n5,,https://manystacks.s3.eu-west-3.amazonaws.com/Produits/Images/Microsoft_365_logo.webp,microsoft,AzureActiveDirectory-isvfr,Annual-Plan-n11,,Annuel,,,,
Microsoft Entra ID  Premium N6,Azure-Active-Directory-Premiu-n6,,https://manystacks.s3.eu-west-3.amazonaws.com/Produits/Images/Microsoft_365_logo.webp,microsoft,AzureActiveDirectory-isvfr,Monthly-Plan-n12,,Mensuel,,,,
Microsoft Entra ID  Premium N6,Azure-Active-Directory-Premiu-n6,,https://manystacks.s3.eu-west-3.amazonaws.com/Produits/Images/Microsoft_365_logo.webp,microsoft,AzureActiveDirectory-isvfr,Annual-Plan-n12,,Annuel,,,,
Microsoft Entra ID  Basic,Azure-Active-Directory-Basic,,https://manystacks.s3.eu-west-3.amazonaws.com/Produits/Images/Microsoft_365_logo.webp,microsoft,AzureActiveDirectory-isvfr,Monthly,,Mensuel,,,,
Microsoft Entra ID  Basic,Azure-Active-Directory-Basic,,https://manystacks.s3.eu-west-3.amazonaws.com/Produits/Images/Microsoft_365_logo.webp,microsoft,AzureActiveDirectory-isvfr,Annual,,Annuel,,,,
Microsoft Entra ID  Premium N7,Azure-Active-Directory-Premiu-n7,,https://manystacks.s3.eu-west-3.amazonaws.com/Produits/Images/Microsoft_365_logo.webp,microsoft,AzureActiveDirectory-isvfr,Monthly-n0,,Mensuel,,,,
Microsoft Entra ID  Premium N7,Azure-Active-Directory-Premiu-n7,,https://manystacks.s3.eu-west-3.amazonaws.com/Produits/Images/Microsoft_365_logo.webp,microsoft,AzureActiveDirectory-isvfr,Annual-n0,,Annuel,,,,
Microsoft Entra ID Gov Step-Up,Microsoft-Entra-ID-Gov-Step-Up-f,,https://manystacks.s3.eu-west-3.amazonaws.com/Produits/Images/Microsoft_365_logo.webp,microsoft,AzureActiveDirectory-isvfr,Microsoft-Entra-ID-Gov-Step-U-n0,,Annuel,,,,
Microsoft Entra ID Gov Step-Up,Microsoft-Entra-ID-Gov-Step-Up-f,,https://manystacks.s3.eu-west-3.amazonaws.com/Produits/Images/Microsoft_365_logo.webp,microsoft,AzureActiveDirectory-isvfr,Microsoft-Entra-ID-Gov-Step-U-n1,,Mensuel,,,,
Microsoft Entra ID Governance,Microsoft-Entra-ID-Governance-fo,,https://manystacks.s3.eu-west-3.amazonaws.com/Produits/Images/Microsoft_365_logo.webp,microsoft,AzureActiveDirectory-isvfr,Microsoft-Entra-ID-Governance-n3,,Mensuel,,,,
Microsoft Entra ID Governance,Microsoft-Entra-ID-Governance-fo,,https://manystacks.s3.eu-west-3.amazonaws.com/Produits/Images/Microsoft_365_logo.webp,microsoft,AzureActiveDirectory-isvfr,Microsoft-Entra-ID-Governance-n2,,Annuel,,,,
Microsoft Entra ID Gov Step-Up,MSFT-Entra-ID-Gov-Step-Up---MSFT,,https://manystacks.s3.eu-west-3.amazonaws.com/Produits/Images/Microsoft_365_logo.webp,microsoft,AzureActiveDirectory-isvfr,MSFT-Entra-ID-Gov-Step-Up---M-n0,,Mensuel,,,,
Microsoft Entra ID Gov Step-Up,MSFT-Entra-ID-Gov-Step-Up---MSFT,,https://manystacks.s3.eu-west-3.amazonaws.com/Produits/Images/Microsoft_365_logo.webp,microsoft,AzureActiveDirectory-isvfr,MSFT-Entra-ID-Gov-Step-Up---M-n1,,Annuel,,,,
Microsoft Entra ID Governance N7,Microsoft-Entra-ID-Governance-n7,,https://manystacks.s3.eu-west-3.amazonaws.com/Produits/Images/Microsoft_365_logo.webp,microsoft,AzureActiveDirectory-isvfr,Microsoft-Entra-ID-Governance-n8,,Annuel,,,,
Microsoft Entra ID Governance N7,Microsoft-Entra-ID-Governance-n7,,https://manystacks.s3.eu-west-3.amazonaws.com/Produits/Images/Microsoft_365_logo.webp,microsoft,AzureActiveDirectory-isvfr,Microsoft-Entra-ID-Governance-n9,,Mensuel,,,,
Microsoft Viva,Microsoft-Viva,,https://manystacks.s3.eu-west-3.amazonaws.com/Produits/Images/Microsoft_365_logo.webp,microsoft,MSViva-isvfr,Monthly,,Mensuel,,,,
Microsoft Viva,Microsoft-Viva,,https://manystacks.s3.eu-west-3.amazonaws.com/Produits/Images/Microsoft_365_logo.webp,microsoft,MSViva-isvfr,Annual,,Annuel,,,,
Microsoft Viva,Microsoft-Viva-Nonprofit,,https://manystacks.s3.eu-west-3.amazonaws.com/Produits/Images/Microsoft_365_logo.webp,microsoft,MSViva-isvfr,Monthly-n0,,Mensuel,,,,
Microsoft Viva,Microsoft-Viva-Nonprofit,,https://manystacks.s3.eu-west-3.amazonaws.com/Produits/Images/Microsoft_365_logo.webp,microsoft,MSViva-isvfr,Annual-n0,,Annuel,,,,
Microsoft Viva,Microsoft-Viva-for-Faculty,,https://manystacks.s3.eu-west-3.amazonaws.com/Produits/Images/Microsoft_365_logo.webp,microsoft,MSViva-isvfr,Monthly-n1,,Mensuel,,,,
Microsoft Viva,Microsoft-Viva-for-Faculty,,https://manystacks.s3.eu-west-3.amazonaws.com/Produits/Images/Microsoft_365_logo.webp,microsoft,MSViva-isvfr,Annual-n1,,Annuel,,,,
Microsoft Viva,Microsoft-Viva-Learning,,https://manystacks.s3.eu-west-3.amazonaws.com/Produits/Images/Microsoft_365_logo.webp,microsoft,MSViva-isvfr,Monthly-n2,,Mensuel,,,,
Microsoft Viva,Microsoft-Viva-Learning,,https://manystacks.s3.eu-west-3.amazonaws.com/Produits/Images/Microsoft_365_logo.webp,microsoft,MSViva-isvfr,Annual-n2,,Annuel,,,,
Microsoft Viva,Microsoft-Viva-Learning-Nonprofi,,https://manystacks.s3.eu-west-3.amazonaws.com/Produits/Images/Microsoft_365_logo.webp,microsoft,MSViva-isvfr,Monthly-n3,,Mensuel,,,,
Microsoft Viva,Microsoft-Viva-Learning-Nonprofi,,https://manystacks.s3.eu-west-3.amazonaws.com/Produits/Images/Microsoft_365_logo.webp,microsoft,MSViva-isvfr,Annual-n3,,Annuel,,,,
Microsoft Viva,Microsoft-Viva-Learning-for-facu,,https://manystacks.s3.eu-west-3.amazonaws.com/Produits/Images/Microsoft_365_logo.webp,microsoft,MSViva-isvfr,Monthly-n4,,Mensuel,,,,
Microsoft Viva,Microsoft-Viva-Learning-for-facu,,https://manystacks.s3.eu-west-3.amazonaws.com/Produits/Images/Microsoft_365_logo.webp,microsoft,MSViva-isvfr,Annual-n4,,Annuel,,,,
Microsoft Viva,Microsoft-Viva-Goals-Nonprofit-S,,https://manystacks.s3.eu-west-3.amazonaws.com/Produits/Images/Microsoft_365_logo.webp,microsoft,MSViva-isvfr,Monthly-n5,,Mensuel,,,,
Microsoft Viva,Microsoft-Viva-Goals-Nonprofit-S,,https://manystacks.s3.eu-west-3.amazonaws.com/Produits/Images/Microsoft_365_logo.webp,microsoft,MSViva-isvfr,Annual-n5,,Annuel,,,,
Microsoft Viva,Microsoft-Viva-Goals-for-Faculty,,https://manystacks.s3.eu-west-3.amazonaws.com/Produits/Images/Microsoft_365_logo.webp,microsoft,MSViva-isvfr,Monthly-n6,,Mensuel,,,,
Microsoft Viva,Microsoft-Viva-Goals-for-Faculty,,https://manystacks.s3.eu-west-3.amazonaws.com/Produits/Images/Microsoft_365_logo.webp,microsoft,MSViva-isvfr,Annual-n6,,Annuel,,,,
Microsoft Viva,Microsoft-Viva-Sales-Nonprofit-S,,https://manystacks.s3.eu-west-3.amazonaws.com/Produits/Images/Microsoft_365_logo.webp,microsoft,MSViva-isvfr,Monthly-n7,,Mensuel,,,,
Microsoft Viva,Microsoft-Viva-Sales-Nonprofit-S,,https://manystacks.s3.eu-west-3.amazonaws.com/Produits/Images/Microsoft_365_logo.webp,microsoft,MSViva-isvfr,Annual-n7,,Annuel,,,,
Microsoft Viva,Microsoft-Viva-Sales-for-Faculty,,https://manystacks.s3.eu-west-3.amazonaws.com/Produits/Images/Microsoft_365_logo.webp,microsoft,MSViva-isvfr,Monthly-n8,,Mensuel,,,,
Microsoft Viva,Microsoft-Viva-Sales-for-Faculty,,https://manystacks.s3.eu-west-3.amazonaws.com/Produits/Images/Microsoft_365_logo.webp,microsoft,MSViva-isvfr,Annual-n8,,Annuel,,,,
Microsoft Viva,Microsoft-Viva-Sales-Nonprofi-n0,,https://manystacks.s3.eu-west-3.amazonaws.com/Produits/Images/Microsoft_365_logo.webp,microsoft,MSViva-isvfr,Trial-n1,,Mensuel,,,,
Microsoft Viva,Microsoft-Viva-Sales-Nonprofi-n1,,https://manystacks.s3.eu-west-3.amazonaws.com/Produits/Images/Microsoft_365_logo.webp,microsoft,MSViva-isvfr,Trial-n2,,Mensuel,,,,
Microsoft 365 E3,Microsoft-365-E3,,https://manystacks.s3.eu-west-3.amazonaws.com/Produits/Images/Microsoft_365_logo.webp,microsoft,Microsoft365EandF-isvfr,Microsoft-365-E3-n0,,Mensuel,,,,
Microsoft 365 E3,Microsoft-365-E3,,https://manystacks.s3.eu-west-3.amazonaws.com/Produits/Images/Microsoft_365_logo.webp,microsoft,Microsoft365EandF-isvfr,Annual-n29,,Annuel,,,,
Microsoft 365 E3 Unattended License,Microsoft-365-E3---Unattended-Li,,https://manystacks.s3.eu-west-3.amazonaws.com/Produits/Images/Microsoft_365_logo.webp,microsoft,Microsoft365EandF-isvfr,Microsoft-365-E3---Unattended-n0,,Mensuel,,,,
Microsoft 365 E3 Unattended License,Microsoft-365-E3---Unattended-Li,,https://manystacks.s3.eu-west-3.amazonaws.com/Produits/Images/Microsoft_365_logo.webp,microsoft,Microsoft365EandF-isvfr,Annual-n30,,Annuel,,,,
Microsoft 365 E5,Microsoft-365-E5,,https://manystacks.s3.eu-west-3.amazonaws.com/Produits/Images/Microsoft_365_logo.webp,microsoft,Microsoft365EandF-isvfr,Monthly-n0,,Mensuel,,,,
Microsoft 365 E5,Microsoft-365-E5,,https://manystacks.s3.eu-west-3.amazonaws.com/Produits/Images/Microsoft_365_logo.webp,microsoft,Microsoft365EandF-isvfr,Annual-n31,,Annuel,,,,
Microsoft 365 E5 eDiscovery,Microsoft-365-E5-eDiscovery-and-,,https://manystacks.s3.eu-west-3.amazonaws.com/Produits/Images/Microsoft_365_logo.webp,microsoft,Microsoft365EandF-isvfr,Monthly,,Mensuel,,,,
Microsoft 365 E5 eDiscovery,Microsoft-365-E5-eDiscovery-and-,,https://manystacks.s3.eu-west-3.amazonaws.com/Produits/Images/Microsoft_365_logo.webp,microsoft,Microsoft365EandF-isvfr,Annual-n32,,Annuel,,,,
Microsoft 365 E5 Information Protection,Microsoft-365-E5-Information-Pro,,https://manystacks.s3.eu-west-3.amazonaws.com/Produits/Images/Microsoft_365_logo.webp,microsoft,Microsoft365EandF-isvfr,Monthly-n1,,Mensuel,,,,
Microsoft 365 E5 Information Protection,Microsoft-365-E5-Information-Pro,,https://manystacks.s3.eu-west-3.amazonaws.com/Produits/Images/Microsoft_365_logo.webp,microsoft,Microsoft365EandF-isvfr,Annual-n33,,Annuel,,,,
Microsoft 365 E5 Insider Risk Management,Microsoft-365-E5-Insider-Risk-Ma,,https://manystacks.s3.eu-west-3.amazonaws.com/Produits/Images/Microsoft_365_logo.webp,microsoft,Microsoft365EandF-isvfr,Monthly-n2,,Mensuel,,,,
Microsoft 365 E5 Insider Risk Management,Microsoft-365-E5-Insider-Risk-Ma,,https://manystacks.s3.eu-west-3.amazonaws.com/Produits/Images/Microsoft_365_logo.webp,microsoft,Microsoft365EandF-isvfr,Annual-n34,,Annuel,,,,
Microsoft 365 E5 without Audio Conferencing,Microsoft-365-E5-without-Audio-C,,https://manystacks.s3.eu-west-3.amazonaws.com/Produits/Images/Microsoft_365_logo.webp,microsoft,Microsoft365EandF-isvfr,Monthly-n3,,Mensuel,,,,
Microsoft 365 E5 without Audio Conferencing,Microsoft-365-E5-without-Audio-C,,https://manystacks.s3.eu-west-3.amazonaws.com/Produits/Images/Microsoft_365_logo.webp,microsoft,Microsoft365EandF-isvfr,Annual-n35,,Annuel,,,,
Microsoft 365 F1,Microsoft-365-F1,,https://manystacks.s3.eu-west-3.amazonaws.com/Produits/Images/Microsoft_365_logo.webp,microsoft,Microsoft365EandF-isvfr,Monthly-,,Mensuel,,,,
Microsoft 365 F1,Microsoft-365-F1,,https://manystacks.s3.eu-west-3.amazonaws.com/Produits/Images/Microsoft_365_logo.webp,microsoft,Microsoft365EandF-isvfr,Annual-n36,,Annuel,,,,
Microsoft 365 F3,Microsoft-365-F3,,https://manystacks.s3.eu-west-3.amazonaws.com/Produits/Images/Microsoft_365_logo.webp,microsoft,Microsoft365EandF-isvfr,Monthly-n4,,Mensuel,,,,
Microsoft 365 F3,Microsoft-365-F3,,https://manystacks.s3.eu-west-3.amazonaws.com/Produits/Images/Microsoft_365_logo.webp,microsoft,Microsoft365EandF-isvfr,Annual-n37,,Annuel,,,,
Microsoft 365 Apps for Business,Microsoft-365-Apps-for-business,,https://manystacks.s3.eu-west-3.amazonaws.com/Produits/Images/Microsoft_365_logo.webp,microsoft,Microsoft365EandF-isvfr,usermonth,,Mensuel,,,,
Microsoft 365 Apps for Business,Microsoft-365-Apps-for-business,,https://manystacks.s3.eu-west-3.amazonaws.com/Produits/Images/Microsoft_365_logo.webp,microsoft,Microsoft365EandF-isvfr,Annual-n38,,Annuel,,,,
Microsoft 365 Apps for Enterprise,Microsoft-365-Apps-for-enterpris,,https://manystacks.s3.eu-west-3.amazonaws.com/Produits/Images/Microsoft_365_logo.webp,microsoft,Microsoft365EandF-isvfr,usermonth-n0,,Mensuel,,,,
Microsoft 365 Apps for Enterprise,Microsoft-365-Apps-for-enterpris,,https://manystacks.s3.eu-west-3.amazonaws.com/Produits/Images/Microsoft_365_logo.webp,microsoft,Microsoft365EandF-isvfr,Annual-n39,,Annuel,,,,
Microsoft 365 Business Basic,Microsoft-365-Business-Basic,,https://manystacks.s3.eu-west-3.amazonaws.com/Produits/Images/Microsoft_365_logo.webp,microsoft,Microsoft365EandF-isvfr,usermonth-n1,,Mensuel,,,,
Microsoft 365 Business Basic,Microsoft-365-Business-Basic,,https://manystacks.s3.eu-west-3.amazonaws.com/Produits/Images/Microsoft_365_logo.webp,microsoft,Microsoft365EandF-isvfr,Annual-n40,,Annuel,,,,
Microsoft 365 Business Premium,Microsoft-365-Business-Premium,,https://manystacks.s3.eu-west-3.amazonaws.com/Produits/Images/Microsoft_365_logo.webp,microsoft,Microsoft365EandF-isvfr,usermonth-n2,,Mensuel,,,,
Microsoft 365 Business Premium,Microsoft-365-Business-Premium,,https://manystacks.s3.eu-west-3.amazonaws.com/Produits/Images/Microsoft_365_logo.webp,microsoft,Microsoft365EandF-isvfr,Annual-n41,,Annuel,,,,
Microsoft 365 Business Premium Trial,Microsoft-365-Business-Premium-T,,https://manystacks.s3.eu-west-3.amazonaws.com/Produits/Images/Microsoft_365_logo.webp,microsoft,Microsoft365EandF-isvfr,usermonth-n3,,Mensuel,,,,
Microsoft 365 Business Standard,Microsoft-365-Business-Standard,,https://manystacks.s3.eu-west-3.amazonaws.com/Produits/Images/Microsoft_365_logo.webp,microsoft,Microsoft365EandF-isvfr,usermonth-n4,,Mensuel,,,,
Microsoft 365 Business Standard,Microsoft-365-Business-Standard,,https://manystacks.s3.eu-west-3.amazonaws.com/Produits/Images/Microsoft_365_logo.webp,microsoft,Microsoft365EandF-isvfr,Annual-n43,,Annuel,,,,
Microsoft 365 Business Standard,Microsoft-365-Business-Standard-,,https://manystacks.s3.eu-west-3.amazonaws.com/Produits/Images/Microsoft_365_logo.webp,microsoft,Microsoft365EandF-isvfr,usermonth-n5,,Mensuel,,,,
Microsoft 365 F1 Trial,Microsoft-365-F1-Trial,,https://manystacks.s3.eu-west-3.amazonaws.com/Produits/Images/Microsoft_365_logo.webp,microsoft,Microsoft365EandF-isvfr,usermonth-n6,,Mensuel,,,,
Microsoft 365 Apps for GCC,Microsoft-365-Apps-for-GCC,,https://manystacks.s3.eu-west-3.amazonaws.com/Produits/Images/Microsoft_365_logo.webp,microsoft,Microsoft365EandF-isvfr,Monthly-n44,,Mensuel,,,,
Microsoft 365 Apps for GCC,Microsoft-365-Apps-for-GCC,,https://manystacks.s3.eu-west-3.amazonaws.com/Produits/Images/Microsoft_365_logo.webp,microsoft,Microsoft365EandF-isvfr,Annual-n47,,Annuel,,,,
Microsoft 365 G3 Unattended License,Microsoft-365-G3---Unattended-Li,,https://manystacks.s3.eu-west-3.amazonaws.com/Produits/Images/Microsoft_365_logo.webp,microsoft,Microsoft365EandF-isvfr,Monthly-n45,,Mensuel,,,,
Microsoft 365 G3 Unattended License,Microsoft-365-G3---Unattended-Li,,https://manystacks.s3.eu-west-3.amazonaws.com/Produits/Images/Microsoft_365_logo.webp,microsoft,Microsoft365EandF-isvfr,Annual-n48,,Annuel,,,,
Microsoft 365 G5 eDiscovery,Microsoft-365-G5-eDiscovery-and-,,https://manystacks.s3.eu-west-3.amazonaws.com/Produits/Images/Microsoft_365_logo.webp,microsoft,Microsoft365EandF-isvfr,Monthly-n46,,Mensuel,,,,
Microsoft 365 G5 eDiscovery,Microsoft-365-G5-eDiscovery-and-,,https://manystacks.s3.eu-west-3.amazonaws.com/Produits/Images/Microsoft_365_logo.webp,microsoft,Microsoft365EandF-isvfr,Annual-n49,,Annuel,,,,
Microsoft 365 G5 Information Protection and Data Loss Prevention,G5-Information-Protection-and-DL,,https://manystacks.s3.eu-west-3.amazonaws.com/Produits/Images/Microsoft_365_logo.webp,microsoft,Microsoft365EandF-isvfr,Monthly-n47,,Mensuel,,,,
Microsoft 365 G5 Information Protection and Data Loss Prevention,G5-Information-Protection-and-DL,,https://manystacks.s3.eu-west-3.amazonaws.com/Produits/Images/Microsoft_365_logo.webp,microsoft,Microsoft365EandF-isvfr,Annual-n50,,Annuel,,,,
Microsoft 365 G5 Information Protection and Governance,G5-Information-Protection-and-Go,,https://manystacks.s3.eu-west-3.amazonaws.com/Produits/Images/Microsoft_365_logo.webp,microsoft,Microsoft365EandF-isvfr,Monthly-n48,,Mensuel,,,,
Microsoft 365 G5 Information Protection and Governance,G5-Information-Protection-and-Go,,https://manystacks.s3.eu-west-3.amazonaws.com/Produits/Images/Microsoft_365_logo.webp,microsoft,Microsoft365EandF-isvfr,Annual-n51,,Annuel,,,,
Microsoft 365 G5 Insider Risk Management,Microsoft-365-G5-Insider-Risk-Ma,,https://manystacks.s3.eu-west-3.amazonaws.com/Produits/Images/Microsoft_365_logo.webp,microsoft,Microsoft365EandF-isvfr,Monthly-n49,,Mensuel,,,,
Microsoft 365 G5 Insider Risk Management,Microsoft-365-G5-Insider-Risk-Ma,,https://manystacks.s3.eu-west-3.amazonaws.com/Produits/Images/Microsoft_365_logo.webp,microsoft,Microsoft365EandF-isvfr,Annual-n52,,Annuel,,,,
Microsoft 365 GCC G3,Microsoft-365-GCC-G3,,https://manystacks.s3.eu-west-3.amazonaws.com/Produits/Images/Microsoft_365_logo.webp,microsoft,Microsoft365EandF-isvfr,Monthly-n50,,Mensuel,,,,
Microsoft 365 GCC G3,Microsoft-365-GCC-G3,,https://manystacks.s3.eu-west-3.amazonaws.com/Produits/Images/Microsoft_365_logo.webp,microsoft,Microsoft365EandF-isvfr,Annual-n53,,Annuel,,,,
Microsoft Intune for Government,Microsoft-Intune-for-Government,,https://manystacks.s3.eu-west-3.amazonaws.com/Produits/Images/Microsoft_365_logo.webp,microsoft,Microsoft365EandF-isvfr,Monthly-n51,,Mensuel,,,,
Microsoft Intune for Government,Microsoft-Intune-for-Government,,https://manystacks.s3.eu-west-3.amazonaws.com/Produits/Images/Microsoft_365_logo.webp,microsoft,Microsoft365EandF-isvfr,Annual-n54,,Annuel,,,,
Microsoft Stream for GCC,Microsoft-Stream-for-GCC,,https://manystacks.s3.eu-west-3.amazonaws.com/Produits/Images/Microsoft_365_logo.webp,microsoft,Microsoft365EandF-isvfr,Monthly-n52,,Mensuel,,,,
Microsoft Stream for GCC,Microsoft-Stream-for-GCC,,https://manystacks.s3.eu-west-3.amazonaws.com/Produits/Images/Microsoft_365_logo.webp,microsoft,Microsoft365EandF-isvfr,Annual-n55,,Annuel,,,,
Microsoft Teams Rooms Standard,Microsoft-Teams-Rooms-Standard-f,,https://manystacks.s3.eu-west-3.amazonaws.com/Produits/Images/Microsoft_365_logo.webp,microsoft,Microsoft365EandF-isvfr,Monthly-n53,,Mensuel,,,,
Microsoft Teams Rooms Standard,Microsoft-Teams-Rooms-Standard-f,,https://manystacks.s3.eu-west-3.amazonaws.com/Produits/Images/Microsoft_365_logo.webp,microsoft,Microsoft365EandF-isvfr,Annual-n56,,Annuel,,,,
Microsoft 365 A1,Microsoft-365-A1,,https://manystacks.s3.eu-west-3.amazonaws.com/Produits/Images/Microsoft_365_logo.webp,microsoft,Microsoft365EandF-isvfr,Monthly-n54,,Mensuel,,,,
Microsoft 365 A1,Microsoft-365-A1,,https://manystacks.s3.eu-west-3.amazonaws.com/Produits/Images/Microsoft_365_logo.webp,microsoft,Microsoft365EandF-isvfr,Annual-n57,,Annuel,,,,
Microsoft 365 A3 Unattended License,Microsoft-365-A3---Unattended-Li,,https://manystacks.s3.eu-west-3.amazonaws.com/Produits/Images/Microsoft_365_logo.webp,microsoft,Microsoft365EandF-isvfr,Monthly-n55,,Mensuel,,,,
Microsoft 365 A3 Unattended License,Microsoft-365-A3---Unattended-Li,,https://manystacks.s3.eu-west-3.amazonaws.com/Produits/Images/Microsoft_365_logo.webp,microsoft,Microsoft365EandF-isvfr,Annual-n58,,Annuel,,,,
Microsoft 365 A3 Unattended (Nonprofit),Microsoft-365-A3---Unattended-n0,,https://manystacks.s3.eu-west-3.amazonaws.com/Produits/Images/Microsoft_365_logo.webp,microsoft,Microsoft365EandF-isvfr,Monthly-n56,,Mensuel,,,,
Microsoft 365 A3 Unattended (Nonprofit),Microsoft-365-A3---Unattended-n0,,https://manystacks.s3.eu-west-3.amazonaws.com/Produits/Images/Microsoft_365_logo.webp,microsoft,Microsoft365EandF-isvfr,Annual-n59,,Annuel,,,,
Microsoft 365 A3 for Faculty,Microsoft-365-A3-for-faculty,,https://manystacks.s3.eu-west-3.amazonaws.com/Produits/Images/Microsoft_365_logo.webp,microsoft,Microsoft365EandF-isvfr,Monthly-n57,,Mensuel,,,,
Microsoft 365 A3 for Faculty,Microsoft-365-A3-for-faculty,,https://manystacks.s3.eu-west-3.amazonaws.com/Produits/Images/Microsoft_365_logo.webp,microsoft,Microsoft365EandF-isvfr,Annual-n60,,Annuel,,,,
Microsoft 365 A3 for Students,Microsoft-365-A3-for-students,,https://manystacks.s3.eu-west-3.amazonaws.com/Produits/Images/Microsoft_365_logo.webp,microsoft,Microsoft365EandF-isvfr,Monthly-n58,,Mensuel,,,,
Microsoft 365 A3 for Students,Microsoft-365-A3-for-students,,https://manystacks.s3.eu-west-3.amazonaws.com/Produits/Images/Microsoft_365_logo.webp,microsoft,Microsoft365EandF-isvfr,Annual-n61,,Annuel,,,,
Microsoft 365 A3 for Students (US),Microsoft-365-A3-for-students-us,,https://manystacks.s3.eu-west-3.amazonaws.com/Produits/Images/Microsoft_365_logo.webp,microsoft,Microsoft365EandF-isvfr,Monthly-n59,,Mensuel,,,,
Microsoft 365 A3 for Students (US),Microsoft-365-A3-for-students-us,,https://manystacks.s3.eu-west-3.amazonaws.com/Produits/Images/Microsoft_365_logo.webp,microsoft,Microsoft365EandF-isvfr,Annual-n62,,Annuel,,,,
Microsoft 365 A5 eDiscovery,Microsoft-365-A5-eDiscovery-and-,,https://manystacks.s3.eu-west-3.amazonaws.com/Produits/Images/Microsoft_365_logo.webp,microsoft,Microsoft365EandF-isvfr,Monthly-n60,,Mensuel,,,,
Microsoft 365 A5 eDiscovery,Microsoft-365-A5-eDiscovery-and-,,https://manystacks.s3.eu-west-3.amazonaws.com/Produits/Images/Microsoft_365_logo.webp,microsoft,Microsoft365EandF-isvfr,Annual-n63,,Annuel,,,,
Microsoft 365 A5 eDiscovery and Audit (Nonprofit),Microsoft-365-A5-eDiscovery-a-n0,,https://manystacks.s3.eu-west-3.amazonaws.com/Produits/Images/Microsoft_365_logo.webp,microsoft,Microsoft365EandF-isvfr,Monthly-n61,,Mensuel,,,,
Microsoft 365 A5 eDiscovery and Audit (Nonprofit),Microsoft-365-A5-eDiscovery-a-n0,,https://manystacks.s3.eu-west-3.amazonaws.com/Produits/Images/Microsoft_365_logo.webp,microsoft,Microsoft365EandF-isvfr,Annual-n64,,Annuel,,,,
Microsoft 365 A5 for Students,Microsoft-365-A5-for-students,,https://manystacks.s3.eu-west-3.amazonaws.com/Produits/Images/Microsoft_365_logo.webp,microsoft,Microsoft365EandF-isvfr,Monthly-n62,,Mensuel,,,,
Microsoft 365 A5 for Students,Microsoft-365-A5-for-students,,https://manystacks.s3.eu-west-3.amazonaws.com/Produits/Images/Microsoft_365_logo.webp,microsoft,Microsoft365EandF-isvfr,Annual-n65,,Annuel,,,,
Microsoft 365 A5 for Students (US),Microsoft-365-A5-for-students-us,,https://manystacks.s3.eu-west-3.amazonaws.com/Produits/Images/Microsoft_365_logo.webp,microsoft,Microsoft365EandF-isvfr,Monthly-n63,,Mensuel,,,,
Microsoft 365 A5 for Students (US),Microsoft-365-A5-for-students-us,,https://manystacks.s3.eu-west-3.amazonaws.com/Produits/Images/Microsoft_365_logo.webp,microsoft,Microsoft365EandF-isvfr,Annual-n66,,Annuel,,,,
Microsoft 365 A5 Information Protection and Governance,A5-Information-Protection-and-Go,,https://manystacks.s3.eu-west-3.amazonaws.com/Produits/Images/Microsoft_365_logo.webp,microsoft,Microsoft365EandF-isvfr,Monthly-n64,,Mensuel,,,,
Microsoft 365 A5 Information Protection and Governance,A5-Information-Protection-and-Go,,https://manystacks.s3.eu-west-3.amazonaws.com/Produits/Images/Microsoft_365_logo.webp,microsoft,Microsoft365EandF-isvfr,Annual-n67,,Annuel,,,,
Microsoft 365 A5 Information Protection (Nonprofit),A5-Information-Protection-and-n0,,https://manystacks.s3.eu-west-3.amazonaws.com/Produits/Images/Microsoft_365_logo.webp,microsoft,Microsoft365EandF-isvfr,Monthly-n65,,Mensuel,,,,
Microsoft 365 A5 Information Protection (Nonprofit),A5-Information-Protection-and-n0,,https://manystacks.s3.eu-west-3.amazonaws.com/Produits/Images/Microsoft_365_logo.webp,microsoft,Microsoft365EandF-isvfr,Annual-n68,,Annuel,,,,
Microsoft 365 A5 Insider Risk Management,Microsoft-365-A5-Insider-Risk-Ma,,https://manystacks.s3.eu-west-3.amazonaws.com/Produits/Images/Microsoft_365_logo.webp,microsoft,Microsoft365EandF-isvfr,Monthly-n66,,Mensuel,,,,
Microsoft 365 A5 Insider Risk Management,Microsoft-365-A5-Insider-Risk-Ma,,https://manystacks.s3.eu-west-3.amazonaws.com/Produits/Images/Microsoft_365_logo.webp,microsoft,Microsoft365EandF-isvfr,Annual-n69,,Annuel,,,,
Microsoft 365 A5 Insider Risk Management (Nonprofit),Microsoft-365-A5-Insider-Risk-n0,,https://manystacks.s3.eu-west-3.amazonaws.com/Produits/Images/Microsoft_365_logo.webp,microsoft,Microsoft365EandF-isvfr,Monthly-n67,,Mensuel,,,,
Microsoft 365 A5 Insider Risk Management (Nonprofit),Microsoft-365-A5-Insider-Risk-n0,,https://manystacks.s3.eu-west-3.amazonaws.com/Produits/Images/Microsoft_365_logo.webp,microsoft,Microsoft365EandF-isvfr,Annual-n70,,Annuel,,,,
Microsoft 365 A5 without Audio Conferencing,Microsoft-365-A5-without-Audio-C,,https://manystacks.s3.eu-west-3.amazonaws.com/Produits/Images/Microsoft_365_logo.webp,microsoft,Microsoft365EandF-isvfr,Monthly-n68,,Mensuel,,,,
Microsoft 365 A5 without Audio Conferencing,Microsoft-365-A5-without-Audio-C,,https://manystacks.s3.eu-west-3.amazonaws.com/Produits/Images/Microsoft_365_logo.webp,microsoft,Microsoft365EandF-isvfr,Annual-n71,,Annuel,,,,
Microsoft 365 A5 without Audio Conferencing (Nonprofit),Microsoft-365-A5-without-Audi-n0,,https://manystacks.s3.eu-west-3.amazonaws.com/Produits/Images/Microsoft_365_logo.webp,microsoft,Microsoft365EandF-isvfr,Monthly-n69,,Mensuel,,,,
Microsoft 365 A5 without Audio Conferencing (Nonprofit),Microsoft-365-A5-without-Audi-n0,,https://manystacks.s3.eu-west-3.amazonaws.com/Produits/Images/Microsoft_365_logo.webp,microsoft,Microsoft365EandF-isvfr,Annual-n72,,Annuel,,,,
Microsoft 365 A5 without Audio Conferencing (for),A5-without-Audio-Conferencing-fo,,https://manystacks.s3.eu-west-3.amazonaws.com/Produits/Images/Microsoft_365_logo.webp,microsoft,Microsoft365EandF-isvfr,Monthly-n70,,Mensuel,,,,
Microsoft 365 A5 without Audio Conferencing (for),A5-without-Audio-Conferencing-fo,,https://manystacks.s3.eu-west-3.amazonaws.com/Produits/Images/Microsoft_365_logo.webp,microsoft,Microsoft365EandF-isvfr,Annual-n73,,Annuel,,,,
Microsoft 365 Apps for Faculty,Microsoft-365-Apps-for-Faculty,,https://manystacks.s3.eu-west-3.amazonaws.com/Produits/Images/Microsoft_365_logo.webp,microsoft,Microsoft365EandF-isvfr,Monthly-n71,,Mensuel,,,,
Microsoft 365 Apps for Faculty,Microsoft-365-Apps-for-Faculty,,https://manystacks.s3.eu-west-3.amazonaws.com/Produits/Images/Microsoft_365_logo.webp,microsoft,Microsoft365EandF-isvfr,Annual-n74,,Annuel,,,,
Microsoft 365 Apps for Students,Microsoft-365-Apps-for-Students,,https://manystacks.s3.eu-west-3.amazonaws.com/Produits/Images/Microsoft_365_logo.webp,microsoft,Microsoft365EandF-isvfr,Monthly-n72,,Mensuel,,,,
Microsoft 365 Apps for Students,Microsoft-365-Apps-for-Students,,https://manystacks.s3.eu-west-3.amazonaws.com/Produits/Images/Microsoft_365_logo.webp,microsoft,Microsoft365EandF-isvfr,Annual-n75,,Annuel,,,,
Microsoft 365 Apps for Students,Microsoft-365-Apps-for-Students-,,https://manystacks.s3.eu-west-3.amazonaws.com/Produits/Images/Microsoft_365_logo.webp,microsoft,Microsoft365EandF-isvfr,Monthly-n73,,Mensuel,,,,
Microsoft 365 Apps for Students,Microsoft-365-Apps-for-Students-,,https://manystacks.s3.eu-west-3.amazonaws.com/Produits/Images/Microsoft_365_logo.webp,microsoft,Microsoft365EandF-isvfr,Annual-n76,,Annuel,,,,
Microsoft Cloud App Security,Microsoft-Cloud-App-Security-for,,https://manystacks.s3.eu-west-3.amazonaws.com/Produits/Images/Microsoft_365_logo.webp,microsoft,Microsoft365EandF-isvfr,Monthly-n74,,Mensuel,,,,
Microsoft Cloud App Security,Microsoft-Cloud-App-Security-for,,https://manystacks.s3.eu-west-3.amazonaws.com/Produits/Images/Microsoft_365_logo.webp,microsoft,Microsoft365EandF-isvfr,Annual-n77,,Annuel,,,,
Microsoft Defender for Endpoint (Nonprofit),Microsoft-Defender-for-Endpoi-n0,,https://manystacks.s3.eu-west-3.amazonaws.com/Produits/Images/Microsoft_365_logo.webp,microsoft,Microsoft365EandF-isvfr,Monthly-n76,,Mensuel,,,,
Microsoft Defender for Endpoint (Nonprofit),Microsoft-Defender-for-Endpoi-n0,,https://manystacks.s3.eu-west-3.amazonaws.com/Produits/Images/Microsoft_365_logo.webp,microsoft,Microsoft365EandF-isvfr,Annual-n79,,Annuel,,,,
Microsoft Defender for Identity,Microsoft-Defender-for-Identity-,,https://manystacks.s3.eu-west-3.amazonaws.com/Produits/Images/Microsoft_365_logo.webp,microsoft,Microsoft365EandF-isvfr,Monthly-n77,,Mensuel,,,,
Microsoft Defender for Identity,Microsoft-Defender-for-Identity-,,https://manystacks.s3.eu-west-3.amazonaws.com/Produits/Images/Microsoft_365_logo.webp,microsoft,Microsoft365EandF-isvfr,Annual-n80,,Annuel,,,,
Microsoft Defender for Identity (Nonprofit),Microsoft-Defender-for-Identi-n0,,https://manystacks.s3.eu-west-3.amazonaws.com/Produits/Images/Microsoft_365_logo.webp,microsoft,Microsoft365EandF-isvfr,Monthly-n78,,Mensuel,,,,
Microsoft Defender for Identity (Nonprofit),Microsoft-Defender-for-Identi-n0,,https://manystacks.s3.eu-west-3.amazonaws.com/Produits/Images/Microsoft_365_logo.webp,microsoft,Microsoft365EandF-isvfr,Annual-n81,,Annuel,,,,
Microsoft Intune for Education,Microsoft-Intune-for-Education-f,,https://manystacks.s3.eu-west-3.amazonaws.com/Produits/Images/Microsoft_365_logo.webp,microsoft,Microsoft365EandF-isvfr,Monthly-n79,,Mensuel,,,,
Microsoft Intune for Education,Microsoft-Intune-for-Education-f,,https://manystacks.s3.eu-west-3.amazonaws.com/Produits/Images/Microsoft_365_logo.webp,microsoft,Microsoft365EandF-isvfr,Annual-n82,,Annuel,,,,
Microsoft Intune for Education (Nonprofit),Microsoft-Intune-for-Educatio-n0,,https://manystacks.s3.eu-west-3.amazonaws.com/Produits/Images/Microsoft_365_logo.webp,microsoft,Microsoft365EandF-isvfr,Monthly-n80,,Mensuel,,,,
Microsoft Intune for Education (Nonprofit),Microsoft-Intune-for-Educatio-n0,,https://manystacks.s3.eu-west-3.amazonaws.com/Produits/Images/Microsoft_365_logo.webp,microsoft,Microsoft365EandF-isvfr,Annual-n83,,Annuel,,,,
Microsoft Intune for Education (n1),Microsoft-Intune-for-Educatio-n1,,https://manystacks.s3.eu-west-3.amazonaws.com/Produits/Images/Microsoft_365_logo.webp,microsoft,Microsoft365EandF-isvfr,Monthly-n81,,Mensuel,,,,
Microsoft Intune for Education (n1),Microsoft-Intune-for-Educatio-n1,,https://manystacks.s3.eu-west-3.amazonaws.com/Produits/Images/Microsoft_365_logo.webp,microsoft,Microsoft365EandF-isvfr,Annual-n84,,Annuel,,,,
Microsoft Teams Rooms Standard (Nonprofit),Microsoft-Teams-Rooms-Standar-n0,,https://manystacks.s3.eu-west-3.amazonaws.com/Produits/Images/Microsoft_365_logo.webp,microsoft,Microsoft365EandF-isvfr,Monthly-n82,,Mensuel,,,,
Microsoft Teams Rooms Standard (Nonprofit),Microsoft-Teams-Rooms-Standar-n0,,https://manystacks.s3.eu-west-3.amazonaws.com/Produits/Images/Microsoft_365_logo.webp,microsoft,Microsoft365EandF-isvfr,Annual-n85,,Annuel,,,,
Microsoft Teams Rooms Standard (n1),Microsoft-Teams-Rooms-Standar-n1,,https://manystacks.s3.eu-west-3.amazonaws.com/Produits/Images/Microsoft_365_logo.webp,microsoft,Microsoft365EandF-isvfr,Monthly-n83,,Mensuel,,,,
Microsoft Teams Rooms Standard (n1),Microsoft-Teams-Rooms-Standar-n1,,https://manystacks.s3.eu-west-3.amazonaws.com/Produits/Images/Microsoft_365_logo.webp,microsoft,Microsoft365EandF-isvfr,Annual-n86,,Annuel,,,,
Microsoft 365 F1 Nonprofit,Microsoft-365-F1-Nonprofit,,https://manystacks.s3.eu-west-3.amazonaws.com/Produits/Images/Microsoft_365_logo.webp,microsoft,Microsoft365EandF-isvfr,Monthly-n84,,Mensuel,,,,
Microsoft 365 F1 Nonprofit,Microsoft-365-F1-Nonprofit,,https://manystacks.s3.eu-west-3.amazonaws.com/Produits/Images/Microsoft_365_logo.webp,microsoft,Microsoft365EandF-isvfr,Annual-n87,,Annuel,,,,
Microsoft 365 F3 Nonprofit,Microsoft-365-F3-Nonprofit,,https://manystacks.s3.eu-west-3.amazonaws.com/Produits/Images/Microsoft_365_logo.webp,microsoft,Microsoft365EandF-isvfr,Monthly-n85,,Mensuel,,,,
Microsoft 365 F3 Nonprofit,Microsoft-365-F3-Nonprofit,,https://manystacks.s3.eu-west-3.amazonaws.com/Produits/Images/Microsoft_365_logo.webp,microsoft,Microsoft365EandF-isvfr,Annual-n88,,Annuel,,,,
Microsoft 365 Apps for Enterprise (Nonprofit),Microsoft-365-Apps-for-enterp-n1,,https://manystacks.s3.eu-west-3.amazonaws.com/Produits/Images/Microsoft_365_logo.webp,microsoft,Microsoft365EandF-isvfr,Monthly-n86,,Mensuel,,,,
Microsoft 365 Apps for Enterprise (Nonprofit),Microsoft-365-Apps-for-enterp-n1,,https://manystacks.s3.eu-west-3.amazonaws.com/Produits/Images/Microsoft_365_logo.webp,microsoft,Microsoft365EandF-isvfr,Annual-n89,,Annuel,,,,
Microsoft 365 Business Premium (Nonprofit),Microsoft-365-Business-Premiu-n0,,https://manystacks.s3.eu-west-3.amazonaws.com/Produits/Images/Microsoft_365_logo.webp,microsoft,Microsoft365EandF-isvfr,Monthly-n89,,Mensuel,,,,
Microsoft 365 Business Premium (Nonprofit),Microsoft-365-Business-Premiu-n0,,https://manystacks.s3.eu-west-3.amazonaws.com/Produits/Images/Microsoft_365_logo.webp,microsoft,Microsoft365EandF-isvfr,Annual-n92,,Annuel,,,,
Microsoft 365 Business Premium (Nonprofit,Microsoft-365-Business-Premiu-n1,,https://manystacks.s3.eu-west-3.amazonaws.com/Produits/Images/Microsoft_365_logo.webp,microsoft,Microsoft365EandF-isvfr,Trial-n0,,Mensuel,,,,
Microsoft 365 Business Standard (Nonprofit),Microsoft-365-Business-Standa-n0,,https://manystacks.s3.eu-west-3.amazonaws.com/Produits/Images/Microsoft_365_logo.webp,microsoft,Microsoft365EandF-isvfr,Monthly-n90,,Mensuel,,,,
Microsoft 365 Business Standard (Nonprofit),Microsoft-365-Business-Standa-n0,,https://manystacks.s3.eu-west-3.amazonaws.com/Produits/Images/Microsoft_365_logo.webp,microsoft,Microsoft365EandF-isvfr,Annual-n93,,Annuel,,,,
Microsoft 365 Business Standard (Nonprofit,Microsoft-365-Business-Standa-n1,,https://manystacks.s3.eu-west-3.amazonaws.com/Produits/Images/Microsoft_365_logo.webp,microsoft,Microsoft365EandF-isvfr,Trial-n1,,Mensuel,,,,
Microsoft 365 E3 Nonprofit,Microsoft-365-E3-Nonprofit,,https://manystacks.s3.eu-west-3.amazonaws.com/Produits/Images/Microsoft_365_logo.webp,microsoft,Microsoft365EandF-isvfr,Monthly-n91,,Mensuel,,,,
Microsoft 365 E3 Nonprofit,Microsoft-365-E3-Nonprofit,,https://manystacks.s3.eu-west-3.amazonaws.com/Produits/Images/Microsoft_365_logo.webp,microsoft,Microsoft365EandF-isvfr,Annual-n94,,Annuel,,,,
Microsoft 365 E5 Nonprofit,Microsoft-365-E5-Nonprofit,,https://manystacks.s3.eu-west-3.amazonaws.com/Produits/Images/Microsoft_365_logo.webp,microsoft,Microsoft365EandF-isvfr,Monthly-n92,,Mensuel,,,,
Microsoft 365 E5 Nonprofit,Microsoft-365-E5-Nonprofit,,https://manystacks.s3.eu-west-3.amazonaws.com/Produits/Images/Microsoft_365_logo.webp,microsoft,Microsoft365EandF-isvfr,Annual-n95,,Annuel,,,,
Microsoft 365 E5 eDiscovery and Audit (Nonprofit,Microsoft-365-E5-eDiscovery-a-n1,,https://manystacks.s3.eu-west-3.amazonaws.com/Produits/Images/Microsoft_365_logo.webp,microsoft,Microsoft365EandF-isvfr,Monthly-n93,,Mensuel,,,,
Microsoft 365 E5 eDiscovery and Audit (Nonprofit,Microsoft-365-E5-eDiscovery-a-n1,,https://manystacks.s3.eu-west-3.amazonaws.com/Produits/Images/Microsoft_365_logo.webp,microsoft,Microsoft365EandF-isvfr,Annual-n96,,Annuel,,,,
Microsoft 365 E5 Information Protection,Microsoft-E5-Information-Protect,,https://manystacks.s3.eu-west-3.amazonaws.com/Produits/Images/Microsoft_365_logo.webp,microsoft,Microsoft365EandF-isvfr,Monthly-n94,,Mensuel,,,,
Microsoft 365 E5 Information Protection,Microsoft-E5-Information-Protect,,https://manystacks.s3.eu-west-3.amazonaws.com/Produits/Images/Microsoft_365_logo.webp,microsoft,Microsoft365EandF-isvfr,Annual-n97,,Annuel,,,,
Office 365 A5 for Faculty,Office-365-A5-for-faculty,,https://manystacks.s3.eu-west-3.amazonaws.com/Produits/Images/Microsoft_365_logo.webp,microsoft,Microsoft365EandF-isvfr,Monthly-n95,,Mensuel,,,,
Office 365 A5 for Faculty,Office-365-A5-for-faculty,,https://manystacks.s3.eu-west-3.amazonaws.com/Produits/Images/Microsoft_365_logo.webp,microsoft,Microsoft365EandF-isvfr,Annual-n98,,Annuel,,,,
Microsoft 365 E5 Insider Risk Management (Nonprofit,Microsoft-365-E5-Insider-Risk-n1,,https://manystacks.s3.eu-west-3.amazonaws.com/Produits/Images/Microsoft_365_logo.webp,microsoft,Microsoft365EandF-isvfr,Monthly-n96,,Mensuel,,,,
Microsoft 365 E5 Insider Risk Management (Nonprofit,Microsoft-365-E5-Insider-Risk-n1,,https://manystacks.s3.eu-west-3.amazonaws.com/Produits/Images/Microsoft_365_logo.webp,microsoft,Microsoft365EandF-isvfr,Annual-n99,,Annuel,,,,
Microsoft 365 E5 without Audio Conferencing (Nonprofit),Microsoft-365-E5-without-Audi-n0,,https://manystacks.s3.eu-west-3.amazonaws.com/Produits/Images/Microsoft_365_logo.webp,microsoft,Microsoft365EandF-isvfr,Monthly-n97,,Mensuel,,,,
Microsoft 365 E5 without Audio Conferencing (Nonprofit),Microsoft-365-E5-without-Audi-n0,,https://manystacks.s3.eu-west-3.amazonaws.com/Produits/Images/Microsoft_365_logo.webp,microsoft,Microsoft365EandF-isvfr,Annual-n100,,Annuel,,,,
Microsoft Cloud App Security Nonprofit,Microsoft-Cloud-App-Security-Non,,https://manystacks.s3.eu-west-3.amazonaws.com/Produits/Images/Microsoft_365_logo.webp,microsoft,Microsoft365EandF-isvfr,Monthly-n98,,Mensuel,,,,
Microsoft Cloud App Security Nonprofit,Microsoft-Cloud-App-Security-Non,,https://manystacks.s3.eu-west-3.amazonaws.com/Produits/Images/Microsoft_365_logo.webp,microsoft,Microsoft365EandF-isvfr,Annual-n101,,Annuel,,,,
Microsoft Defender for Identity (Nonprofit,Microsoft-Defender-for-Identi-n1,,https://manystacks.s3.eu-west-3.amazonaws.com/Produits/Images/Microsoft_365_logo.webp,microsoft,Microsoft365EandF-isvfr,Monthly-n99,,Mensuel,,,,
Microsoft Defender for Identity (Nonprofit,Microsoft-Defender-for-Identi-n1,,https://manystacks.s3.eu-west-3.amazonaws.com/Produits/Images/Microsoft_365_logo.webp,microsoft,Microsoft365EandF-isvfr,Annual-n102,,Annuel,,,,
Microsoft Intune Nonprofit,Microsoft-Intune-Nonprofit,,https://manystacks.s3.eu-west-3.amazonaws.com/Produits/Images/Microsoft_365_logo.webp,microsoft,Microsoft365EandF-isvfr,Monthly-n100,,Mensuel,,,,
Microsoft Intune Nonprofit,Microsoft-Intune-Nonprofit,,https://manystacks.s3.eu-west-3.amazonaws.com/Produits/Images/Microsoft_365_logo.webp,microsoft,Microsoft365EandF-isvfr,Annual-n103,,Annuel,,,,
Microsoft Defender for Endpoint,Microsoft-Defender-For-Endpoint,,https://manystacks.s3.eu-west-3.amazonaws.com/Produits/Images/Microsoft_365_logo.webp,microsoft,Microsoft365EandF-isvfr,Monthly-Plan,,Mensuel,,,,
Teams Standard without Audio Conferencing,Teams-Standard-without-Audio-Con,,https://manystacks.s3.eu-west-3.amazonaws.com/Produits/Images/Microsoft_365_logo.webp,microsoft,Microsoft365EandF-isvfr,Monthly-n102,,Mensuel,,,,
Teams Standard without Audio Conferencing (Nonprofit),Teams-Standard-without-Audio--n0,,https://manystacks.s3.eu-west-3.amazonaws.com/Produits/Images/Microsoft_365_logo.webp,microsoft,Microsoft365EandF-isvfr,Monthly-n103,,Mensuel,,,,
Microsoft Teams Rooms Standard (Nonprofit,Microsoft-Teams-Rooms-Standar-n2,,https://manystacks.s3.eu-west-3.amazonaws.com/Produits/Images/Microsoft_365_logo.webp,microsoft,Microsoft365EandF-isvfr,Monthly-n104,,Mensuel,,,,
Microsoft Teams Rooms Standard (Nonprofit,Microsoft-Teams-Rooms-Standar-n4,,https://manystacks.s3.eu-west-3.amazonaws.com/Produits/Images/Microsoft_365_logo.webp,microsoft,Microsoft365EandF-isvfr,Monthly-n106,,Mensuel,,,,
Microsoft 365 A5 Information Protection (Nonprofit,A5-Information-Protection-and-n1,,https://manystacks.s3.eu-west-3.amazonaws.com/Produits/Images/Microsoft_365_logo.webp,microsoft,Microsoft365EandF-isvfr,Monthly-n112,,Mensuel,,,,
Microsoft 365 A5 Information Protection (Nonprofit,A5-Information-Protection-and-n1,,https://manystacks.s3.eu-west-3.amazonaws.com/Produits/Images/Microsoft_365_logo.webp,microsoft,Microsoft365EandF-isvfr,Annual-n105,,Annuel,,,,
Microsoft 365 A5 Information Protection (Nonprofit,A5-Information-Protection-and-n2,,https://manystacks.s3.eu-west-3.amazonaws.com/Produits/Images/Microsoft_365_logo.webp,microsoft,Microsoft365EandF-isvfr,Monthly-n113,,Mensuel,,,,
Microsoft 365 A5 Information Protection (Nonprofit,A5-Information-Protection-and-n2,,https://manystacks.s3.eu-west-3.amazonaws.com/Produits/Images/Microsoft_365_logo.webp,microsoft,Microsoft365EandF-isvfr,Annual-n104,,Annuel,,,,
Microsoft Defender for Identity (Nonprofit,Microsoft-Defender-for-Identi-n2,,https://manystacks.s3.eu-west-3.amazonaws.com/Produits/Images/Microsoft_365_logo.webp,microsoft,Microsoft365EandF-isvfr,Monthly-n115,,Mensuel,,,,
Microsoft 365 F3 Nonprofit Staff,Microsoft-365-F3-Nonprofit-Staff,,https://manystacks.s3.eu-west-3.amazonaws.com/Produits/Images/Microsoft_365_logo.webp,microsoft,Microsoft365EandF-isvfr,Monthly-n116,,Mensuel,,,,
Microsoft 365 F3 Nonprofit Staff,Microsoft-365-F3-Nonprofit-Staff,,https://manystacks.s3.eu-west-3.amazonaws.com/Produits/Images/Microsoft_365_logo.webp,microsoft,Microsoft365EandF-isvfr,Annual-n117,,Annuel,,,,
Microsoft 365 F1 Nonprofit Staff,Microsoft-365-F1-Nonprofit-Staff,,https://manystacks.s3.eu-west-3.amazonaws.com/Produits/Images/Microsoft_365_logo.webp,microsoft,Microsoft365EandF-isvfr,Monthly-n117,,Mensuel,,,,
Microsoft 365 F1 Nonprofit Staff,Microsoft-365-F1-Nonprofit-Staff,,https://manystacks.s3.eu-west-3.amazonaws.com/Produits/Images/Microsoft_365_logo.webp,microsoft,Microsoft365EandF-isvfr,Annual-n116,,Annuel,,,,
Microsoft 365 E5 Insider Risk Management Nonprofit,E5-Insider-Risk-Management-Nonpr,,https://manystacks.s3.eu-west-3.amazonaws.com/Produits/Images/Microsoft_365_logo.webp,microsoft,Microsoft365EandF-isvfr,Monthly-n118,,Mensuel,,,,
Microsoft 365 E5 Insider Risk Management Nonprofit,E5-Insider-Risk-Management-Nonpr,,https://manystacks.s3.eu-west-3.amazonaws.com/Produits/Images/Microsoft_365_logo.webp,microsoft,Microsoft365EandF-isvfr,Annual-n115,,Annuel,,,,
Microsoft 365 E5 Information Protection and Governance,E5-Information-Protection-and-Go,,https://manystacks.s3.eu-west-3.amazonaws.com/Produits/Images/Microsoft_365_logo.webp,microsoft,Microsoft365EandF-isvfr,Monthly-n119,,Mensuel,,,,
Microsoft 365 E5 Information Protection and Governance,E5-Information-Protection-and-Go,,https://manystacks.s3.eu-west-3.amazonaws.com/Produits/Images/Microsoft_365_logo.webp,microsoft,Microsoft365EandF-isvfr,Annual-n114,,Annuel,,,,
Microsoft 365 E5 eDiscovery and Audit Nonprofit,E5-eDiscovery-and-Audit-Nonprofi,,https://manystacks.s3.eu-west-3.amazonaws.com/Produits/Images/Microsoft_365_logo.webp,microsoft,Microsoft365EandF-isvfr,Monthly-n120,,Mensuel,,,,
Microsoft 365 E5 eDiscovery and Audit Nonprofit,E5-eDiscovery-and-Audit-Nonprofi,,https://manystacks.s3.eu-west-3.amazonaws.com/Produits/Images/Microsoft_365_logo.webp,microsoft,Microsoft365EandF-isvfr,Annual-n113,,Annuel,,,,
Microsoft 365 E5 Nonprofit Staff,Microsoft-365-E5-Nonprofit-Staff,,https://manystacks.s3.eu-west-3.amazonaws.com/Produits/Images/Microsoft_365_logo.webp,microsoft,Microsoft365EandF-isvfr,Monthly-n121,,Mensuel,,,,
Microsoft 365 E5 Nonprofit Staff,Microsoft-365-E5-Nonprofit-Staff,,https://manystacks.s3.eu-west-3.amazonaws.com/Produits/Images/Microsoft_365_logo.webp,microsoft,Microsoft365EandF-isvfr,Annual-n112,,Annuel,,,,
Microsoft 365 E3 Nonprofit Staff,Microsoft-365-E3-Nonprofit-Staff,,https://manystacks.s3.eu-west-3.amazonaws.com/Produits/Images/Microsoft_365_logo.webp,microsoft,Microsoft365EandF-isvfr,Monthly-n122,,Mensuel,,,,
Microsoft 365 E3 Nonprofit Staff,Microsoft-365-E3-Nonprofit-Staff,,https://manystacks.s3.eu-west-3.amazonaws.com/Produits/Images/Microsoft_365_logo.webp,microsoft,Microsoft365EandF-isvfr,Annual-n111,,Annuel,,,,
Microsoft 365 Business Standard Nonprofit Staff,Business-Standard-Nonprofit-Staf,,https://manystacks.s3.eu-west-3.amazonaws.com/Produits/Images/Microsoft_365_logo.webp,microsoft,Microsoft365EandF-isvfr,Monthly-n123,,Mensuel,,,,
Microsoft 365 Business Premium Nonprofit Staff,Business-Premium-Nonprofit-Staff,,https://manystacks.s3.eu-west-3.amazonaws.com/Produits/Images/Microsoft_365_logo.webp,microsoft,Microsoft365EandF-isvfr,Monthly-n125,,Mensuel,,,,
Microsoft 365 Business Premium Nonprofit Staff (n0),Business-Premium-Nonprofit-St-n0,,https://manystacks.s3.eu-west-3.amazonaws.com/Produits/Images/Microsoft_365_logo.webp,microsoft,Microsoft365EandF-isvfr,Monthly-n126,,Mensuel,,,,
Microsoft 365 Business Premium Nonprofit Staff (n0),Business-Premium-Nonprofit-St-n0,,https://manystacks.s3.eu-west-3.amazonaws.com/Produits/Images/Microsoft_365_logo.webp,microsoft,Microsoft365EandF-isvfr,Annual-n109,,Annuel,,,,
Microsoft 365 Business Premium (Nonprofit,Microsoft-365-Business-Premiu-n2,,https://manystacks.s3.eu-west-3.amazonaws.com/Produits/Images/Microsoft_365_logo.webp,microsoft,Microsoft365EandF-isvfr,Monthly-n127,,Mensuel,,,,
Microsoft 365 Business Premium (Nonprofit,Microsoft-365-Business-Premiu-n2,,https://manystacks.s3.eu-west-3.amazonaws.com/Produits/Images/Microsoft_365_logo.webp,microsoft,Microsoft365EandF-isvfr,Annual-n108,,Annuel,,,,
Microsoft 365 Business Basic (Nonprofit,Microsoft-365-Business-Basic--n0,,https://manystacks.s3.eu-west-3.amazonaws.com/Produits/Images/Microsoft_365_logo.webp,microsoft,Microsoft365EandF-isvfr,Monthly-n128,,Mensuel,,,,
Microsoft 365 Business Basic (Nonprofit,Microsoft-365-Business-Basic--n0,,https://manystacks.s3.eu-west-3.amazonaws.com/Produits/Images/Microsoft_365_logo.webp,microsoft,Microsoft365EandF-isvfr,Annual-n107,,Annuel,,,,
Microsoft 365 Apps for Enterprise Nonprofit Staff,Apps-for-enterprise-Nonprofit-St,,https://manystacks.s3.eu-west-3.amazonaws.com/Produits/Images/Microsoft_365_logo.webp,microsoft,Microsoft365EandF-isvfr,Monthly-n129,,Mensuel,,,,
Microsoft 365 Apps for Enterprise (Nonprofit,Microsoft-365-Apps-for-enterp-n3,,https://manystacks.s3.eu-west-3.amazonaws.com/Produits/Images/Microsoft_365_logo.webp,microsoft,Microsoft365EandF-isvfr,Monthly-n130,,Mensuel,,,,
Microsoft 365 Apps for Enterprise (Nonprofit,Microsoft-365-Apps-for-enterp-n3,,https://manystacks.s3.eu-west-3.amazonaws.com/Produits/Images/Microsoft_365_logo.webp,microsoft,Microsoft365EandF-isvfr,Annual-n106,,Annuel,,,,
Microsoft Teams Rooms Standard for GCC,Teams-Rooms-Standard-for-GCC-wit,,https://manystacks.s3.eu-west-3.amazonaws.com/Produits/Images/Microsoft_365_logo.webp,microsoft,Microsoft365EandF-isvfr,Monthly-n131,,Mensuel,,,,
Microsoft Teams Rooms Standard (Nonprofit,Microsoft-Teams-Rooms-Standar-n6,,https://manystacks.s3.eu-west-3.amazonaws.com/Produits/Images/Microsoft_365_logo.webp,microsoft,Microsoft365EandF-isvfr,Monthly-n132,,Mensuel,,,,
Microsoft 365 G3 GCC,Microsoft-365-G3-GCC,,https://manystacks.s3.eu-west-3.amazonaws.com/Produits/Images/Microsoft_365_logo.webp,microsoft,Microsoft365EandF-isvfr,Monthly-n133,,Mensuel,,,,
Microsoft 365 G3 GCC,Microsoft-365-G3-GCC,,https://manystacks.s3.eu-west-3.amazonaws.com/Produits/Images/Microsoft_365_logo.webp,microsoft,Microsoft365EandF-isvfr,Annual-n118,,Annuel,,,,
Minecraft Education Edition Perpetual,Minecraft-Education-Edition-per-,,https://manystacks.s3.eu-west-3.amazonaws.com/Produits/Images/Microsoft_365_logo.webp,microsoft,Microsoft365EandF-isvfr,Monthly-n134,,Mensuel,,,,
Minecraft Education Edition Perpetual,Minecraft-Education-Edition-per-,,https://manystacks.s3.eu-west-3.amazonaws.com/Produits/Images/Microsoft_365_logo.webp,microsoft,Microsoft365EandF-isvfr,Annual-n119,,Annuel,,,,
Microsoft Intune per Device for Enterprise,Intune-per-device-for-Enterprise,,https://manystacks.s3.eu-west-3.amazonaws.com/Produits/Images/Microsoft_365_logo.webp,microsoft,Microsoft365EandF-isvfr,Monthly-n135,,Mensuel,,,,
Microsoft Intune per Device for Enterprise,Intune-per-device-for-Enterprise,,https://manystacks.s3.eu-west-3.amazonaws.com/Produits/Images/Microsoft_365_logo.webp,microsoft,Microsoft365EandF-isvfr,Annual-n120,,Annuel,,,,
Microsoft 365 GCC G5,Microsoft-365-GCC-G5,,https://manystacks.s3.eu-west-3.amazonaws.com/Produits/Images/Microsoft_365_logo.webp,microsoft,Microsoft365EandF-isvfr,Monthly-n136,,Mensuel,,,,
Microsoft 365 GCC G5,Microsoft-365-GCC-G5,,https://manystacks.s3.eu-west-3.amazonaws.com/Produits/Images/Microsoft_365_logo.webp,microsoft,Microsoft365EandF-isvfr,Annual-n121,,Annuel,,,,
Microsoft 365 A1 for Devices,Microsoft-365-A1-for-devices-for,,https://manystacks.s3.eu-west-3.amazonaws.com/Produits/Images/Microsoft_365_logo.webp,microsoft,Microsoft365EandF-isvfr,Monthly-n140,,Mensuel,,,,
Microsoft 365 A1 for Devices,Microsoft-365-A1-for-devices-for,,https://manystacks.s3.eu-west-3.amazonaws.com/Produits/Images/Microsoft_365_logo.webp,microsoft,Microsoft365EandF-isvfr,Annual-n125,,Annuel,,,,
Microsoft 365 A1 for Devices (Nonprofit),Microsoft-365-A1-for-devices--n0,,https://manystacks.s3.eu-west-3.amazonaws.com/Produits/Images/Microsoft_365_logo.webp,microsoft,Microsoft365EandF-isvfr,Monthly-n141,,Mensuel,,,,
Microsoft 365 A1 for Devices (Nonprofit),Microsoft-365-A1-for-devices--n0,,https://manystacks.s3.eu-west-3.amazonaws.com/Produits/Images/Microsoft_365_logo.webp,microsoft,Microsoft365EandF-isvfr,Annual-n126,,Annuel,,,,
Microsoft Graph Connectors for GCC,Microsoft-Graph-connectors-for-G,,https://manystacks.s3.eu-west-3.amazonaws.com/Produits/Images/Microsoft_365_logo.webp,microsoft,Microsoft365EandF-isvfr,Monthly-n13,,Mensuel,,,,
Microsoft Graph Connectors for GCC,Microsoft-Graph-connectors-for-G,,https://manystacks.s3.eu-west-3.amazonaws.com/Produits/Images/Microsoft_365_logo.webp,microsoft,Microsoft365EandF-isvfr,Annual-n44,,Annuel,,,,
Audio Conferencing Dial-out to USA/Canada International,Audio-Conf-dial-out-to-USACAN-In,,https://manystacks.s3.eu-west-3.amazonaws.com/Produits/Images/Microsoft_365_logo.webp,microsoft,Microsoft365EandF-isvfr,Trial-n2,,Mensuel,,,,
Microsoft 365 Business Premium,Microsoft-365-Business-Premium-P,,https://manystacks.s3.eu-west-3.amazonaws.com/Produits/Images/Microsoft_365_logo.webp,microsoft,Microsoft365EandF-isvfr,Monthly-n110,,Mensuel,,,,
Microsoft 365 Business Premium,Microsoft-365-Business-Premium-P,,https://manystacks.s3.eu-west-3.amazonaws.com/Produits/Images/Microsoft_365_logo.webp,microsoft,Microsoft365EandF-isvfr,Annual-n136,,Annuel,,,,
Microsoft 365 Business Voice (Nonprofit,Microsoft-365-Business-Voice--n1,,https://manystacks.s3.eu-west-3.amazonaws.com/Produits/Images/Microsoft_365_logo.webp,microsoft,Microsoft365EandF-isvfr,Monthly-n142,,Mensuel,,,,
Microsoft 365 Business Voice (Nonprofit,Microsoft-365-Business-Voice--n1,,https://manystacks.s3.eu-west-3.amazonaws.com/Produits/Images/Microsoft_365_logo.webp,microsoft,Microsoft365EandF-isvfr,Annual-n137,,Annuel,,,,
Office 365 E1 Nonprofit Staff Premium,Office-365-E1-Nonprofit-Staff-Pr,,https://manystacks.s3.eu-west-3.amazonaws.com/Produits/Images/Microsoft_365_logo.webp,microsoft,Microsoft365EandF-isvfr,Monthly-n143,,Mensuel,,,,
Office 365 E1 Nonprofit Staff Premium,Office-365-E1-Nonprofit-Staff-Pr,,https://manystacks.s3.eu-west-3.amazonaws.com/Produits/Images/Microsoft_365_logo.webp,microsoft,Microsoft365EandF-isvfr,Annual-n138,,Annuel,,,,
Microsoft Intune Plan 2 for Faculty,Microsoft-Intune-Plan-2-for-Facu,,https://manystacks.s3.eu-west-3.amazonaws.com/Produits/Images/Microsoft_365_logo.webp,microsoft,Microsoft365EandF-isvfr,Monthly-n144,,Mensuel,,,,
Microsoft Intune Plan 2 for Faculty,Microsoft-Intune-Plan-2-for-Facu,,https://manystacks.s3.eu-west-3.amazonaws.com/Produits/Images/Microsoft_365_logo.webp,microsoft,Microsoft365EandF-isvfr,Annual-n139,,Annuel,,,,
Microsoft Intune Plan 2 for Students,Microsoft-Intune-Plan-2-for-Stud,,https://manystacks.s3.eu-west-3.amazonaws.com/Produits/Images/Microsoft_365_logo.webp,microsoft,Microsoft365EandF-isvfr,Monthly-n145,,Mensuel,,,,
Microsoft Intune Plan 2 for Students,Microsoft-Intune-Plan-2-for-Stud,,https://manystacks.s3.eu-west-3.amazonaws.com/Produits/Images/Microsoft_365_logo.webp,microsoft,Microsoft365EandF-isvfr,Annual-n140,,Annuel,,,,
Microsoft Intune Suite Nonprofit,Microsoft-Intune-Suite-Nonprofit,,https://manystacks.s3.eu-west-3.amazonaws.com/Produits/Images/Microsoft_365_logo.webp,microsoft,Microsoft365EandF-isvfr,Monthly-n146,,Mensuel,,,,
Microsoft Intune Suite Nonprofit,Microsoft-Intune-Suite-Nonprofit,,https://manystacks.s3.eu-west-3.amazonaws.com/Produits/Images/Microsoft_365_logo.webp,microsoft,Microsoft365EandF-isvfr,Annual-n141,,Annuel,,,,
Microsoft Intune Suite for Faculty,Microsoft-Intune-Suite-for-Facul,,https://manystacks.s3.eu-west-3.amazonaws.com/Produits/Images/Microsoft_365_logo.webp,microsoft,Microsoft365EandF-isvfr,Monthly-n147,,Mensuel,,,,
Microsoft Intune Suite for Faculty,Microsoft-Intune-Suite-for-Facul,,https://manystacks.s3.eu-west-3.amazonaws.com/Produits/Images/Microsoft_365_logo.webp,microsoft,Microsoft365EandF-isvfr,Annual-n142,,Mensuel,,,,
Microsoft Intune Suite for Students,Microsoft-Intune-Suite-for-Stude,,https://manystacks.s3.eu-west-3.amazonaws.com/Produits/Images/Microsoft_365_logo.webp,microsoft,Microsoft365EandF-isvfr,Annual-n143,,Annuel,,,,
Microsoft Intune Suite for Students,Microsoft-Intune-Suite-for-Stude,,https://manystacks.s3.eu-west-3.amazonaws.com/Produits/Images/Microsoft_365_logo.webp,microsoft,Microsoft365EandF-isvfr,Monthly-n148,,Mensuel,,,,
SharePoint Advanced Management (n2),SharePoint-advanced-managemen-n2,,https://manystacks.s3.eu-west-3.amazonaws.com/Produits/Images/Microsoft_365_logo.webp,microsoft,Microsoft365EandF-isvfr,Trial-n3,,Mensuel,,,,
Microsoft Intune Endpoint Privileges,Microsoft-Intune-Endpoint-Privil,,https://manystacks.s3.eu-west-3.amazonaws.com/Produits/Images/Microsoft_365_logo.webp,microsoft,Microsoft365EandF-isvfr,Monthly-n152,,Mensuel,,,,
Microsoft Intune Endpoint Privileges,Microsoft-Intune-Endpoint-Privil,,https://manystacks.s3.eu-west-3.amazonaws.com/Produits/Images/Microsoft_365_logo.webp,microsoft,Microsoft365EandF-isvfr,Annual-n147,,Annuel,,,,
Microsoft Intune Endpoint Privileges (Nonprofit),Microsoft-Intune-Endpoint-Pri-n0,,https://manystacks.s3.eu-west-3.amazonaws.com/Produits/Images/Microsoft_365_logo.webp,microsoft,Microsoft365EandF-isvfr,Monthly-n153,,Mensuel,,,,
Microsoft Intune Endpoint Privileges (Nonprofit),Microsoft-Intune-Endpoint-Pri-n0,,https://manystacks.s3.eu-west-3.amazonaws.com/Produits/Images/Microsoft_365_logo.webp,microsoft,Microsoft365EandF-isvfr,Annual-n148,,Annuel,,,,
Microsoft Sustainability Manager,Microsoft-Sustainability-Manager,,https://manystacks.s3.eu-west-3.amazonaws.com/Produits/Images/Microsoft_365_logo.webp,microsoft,Microsoft365EandF-isvfr,Monthly-n154,,Mensuel,,,,
Microsoft Sustainability Manager,Microsoft-Sustainability-Manager,,https://manystacks.s3.eu-west-3.amazonaws.com/Produits/Images/Microsoft_365_logo.webp,microsoft,Microsoft365EandF-isvfr,Annual-n149,,Annuel,,,,
Microsoft Sustainability Manager (Nonprofit),Microsoft-Sustainability-Mana-n0,,https://manystacks.s3.eu-west-3.amazonaws.com/Produits/Images/Microsoft_365_logo.webp,microsoft,Microsoft365EandF-isvfr,Monthly-n155,,Mensuel,,,,
Microsoft Sustainability Manager (Nonprofit),Microsoft-Sustainability-Mana-n0,,https://manystacks.s3.eu-west-3.amazonaws.com/Produits/Images/Microsoft_365_logo.webp,microsoft,Microsoft365EandF-isvfr,Annual-n150,,Annuel,,,,
Microsoft Sustainability Manager (Nonprofit,Microsoft-Sustainability-Mana-n1,,https://manystacks.s3.eu-west-3.amazonaws.com/Produits/Images/Microsoft_365_logo.webp,microsoft,Microsoft365EandF-isvfr,Monthly-n156,,Mensuel,,,,
Microsoft Sustainability Manager (Nonprofit,Microsoft-Sustainability-Mana-n1,,https://manystacks.s3.eu-west-3.amazonaws.com/Produits/Images/Microsoft_365_logo.webp,microsoft,Microsoft365EandF-isvfr,Annual-n151,,Annuel,,,,
Microsoft Sustainability Manager (Nonprofit,Microsoft-Sustainability-Mana-n2,,https://manystacks.s3.eu-west-3.amazonaws.com/Produits/Images/Microsoft_365_logo.webp,microsoft,Microsoft365EandF-isvfr,Monthly-n157,,Mensuel,,,,
Microsoft Sustainability Manager (Nonprofit,Microsoft-Sustainability-Mana-n2,,https://manystacks.s3.eu-west-3.amazonaws.com/Produits/Images/Microsoft_365_logo.webp,microsoft,Microsoft365EandF-isvfr,Annual-n152,,Annuel,,,,
Microsoft 365 Audio Conferencing (Nonprofit,Microsoft-365-Audio-Conferenc-n1,,https://manystacks.s3.eu-west-3.amazonaws.com/Produits/Images/Microsoft_365_logo.webp,microsoft,Microsoft365EandF-isvfr,Monthly-n162,,Mensuel,,,,
Microsoft 365 Audio Conferencing (Nonprofit,Microsoft-365-Audio-Conferenc-n1,,https://manystacks.s3.eu-west-3.amazonaws.com/Produits/Images/Microsoft_365_logo.webp,microsoft,Microsoft365EandF-isvfr,Annual-n157,,Annuel,,,,
AI Builder Capacity Add-on T2 GCC,AI-Builder-Capacity-Add-on-T2-GC,,https://manystacks.s3.eu-west-3.amazonaws.com/Produits/Images/Microsoft_365_logo.webp,microsoft,Microsoft365EandF-isvfr,Monthly-n163,,Mensuel,,,,
AI Builder Capacity Add-on T2 GCC,AI-Builder-Capacity-Add-on-T2-GC,,https://manystacks.s3.eu-west-3.amazonaws.com/Produits/Images/Microsoft_365_logo.webp,microsoft,Microsoft365EandF-isvfr,Annual-n158,,Annuel,,,,
AI Builder Capacity Add-on T3 GCC,AI-Builder-Capacity-Add-on-T3-GC,,https://manystacks.s3.eu-west-3.amazonaws.com/Produits/Images/Microsoft_365_logo.webp,microsoft,Microsoft365EandF-isvfr,Monthly-n164,,Mensuel,,,,
AI Builder Capacity Add-on T3 GCC,AI-Builder-Capacity-Add-on-T3-GC,,https://manystacks.s3.eu-west-3.amazonaws.com/Produits/Images/Microsoft_365_logo.webp,microsoft,Microsoft365EandF-isvfr,Annual-n159,,Annuel,,,,
Microsoft Azure Multi-Factor Authentication,Microsoft-Azure-Multi-Factor-Aut,,https://manystacks.s3.eu-west-3.amazonaws.com/Produits/Images/Microsoft_365_logo.webp,microsoft,Microsoft365EandF-isvfr,Monthly-n174,,Mensuel,,,,
Microsoft Azure Multi-Factor Authentication,Microsoft-Azure-Multi-Factor-Aut,,https://manystacks.s3.eu-west-3.amazonaws.com/Produits/Images/Microsoft_365_logo.webp,microsoft,Microsoft365EandF-isvfr,Annual-n169,,Annuel,,,,
Microsoft 365 Business Premium (Nonprofit,Microsoft-365-Business-Premiu-n3,,https://manystacks.s3.eu-west-3.amazonaws.com/Produits/Images/Microsoft_365_logo.webp,microsoft,Microsoft365EandF-isvfr,Monthly-n175,,Mensuel,,,,
Microsoft 365 Business Premium (Nonprofit,Microsoft-365-Business-Premiu-n3,,https://manystacks.s3.eu-west-3.amazonaws.com/Produits/Images/Microsoft_365_logo.webp,microsoft,Microsoft365EandF-isvfr,Annual-n170,,Annuel,,,,
Microsoft 365 Business Premium (Nonprofit,Microsoft-365-Business-Premiu-n4,,https://manystacks.s3.eu-west-3.amazonaws.com/Produits/Images/Microsoft_365_logo.webp,microsoft,Microsoft365EandF-isvfr,Monthly-n177,,Mensuel,,,,
Microsoft 365 Business Premium (Nonprofit,Microsoft-365-Business-Premiu-n4,,https://manystacks.s3.eu-west-3.amazonaws.com/Produits/Images/Microsoft_365_logo.webp,microsoft,Microsoft365EandF-isvfr,Annual-n172,,Annuel,,,,
Microsoft Azure Multi-Factor Authentication (Nonprofit),Microsoft-Azure-Multi-Factor--n0,,https://manystacks.s3.eu-west-3.amazonaws.com/Produits/Images/Microsoft_365_logo.webp,microsoft,Microsoft365EandF-isvfr,Monthly-n190,,Mensuel,,,,
Microsoft Azure Multi-Factor Authentication (Nonprofit),Microsoft-Azure-Multi-Factor--n0,,https://manystacks.s3.eu-west-3.amazonaws.com/Produits/Images/Microsoft_365_logo.webp,microsoft,Microsoft365EandF-isvfr,Annual-n185,,Annuel,,,,
Microsoft Entra ID Governance,Microsoft-Entra-ID-Governance-fo,,https://manystacks.s3.eu-west-3.amazonaws.com/Produits/Images/Microsoft_365_logo.webp,microsoft,Microsoft365EandF-isvfr,Monthly-n191,,Mensuel,,,,
Microsoft Entra ID Governance,Microsoft-Entra-ID-Governance-fo,,https://manystacks.s3.eu-west-3.amazonaws.com/Produits/Images/Microsoft_365_logo.webp,microsoft,Microsoft365EandF-isvfr,Annual-n186,,Annuel,,,,
Microsoft Entra ID Governance (Nonprofit),Microsoft-Entra-ID-Governance-n0,,https://manystacks.s3.eu-west-3.amazonaws.com/Produits/Images/Microsoft_365_logo.webp,microsoft,Microsoft365EandF-isvfr,Annual-n187,,Annuel,,,,
Microsoft Entra ID Governance (Nonprofit),Microsoft-Entra-ID-Governance-n0,,https://manystacks.s3.eu-west-3.amazonaws.com/Produits/Images/Microsoft_365_logo.webp,microsoft,Microsoft365EandF-isvfr,Monthly-n192,,Mensuel,,,,
Entra ID Governance Step-Up,Entra-ID-Governance-Step-Up-for-,,https://manystacks.s3.eu-west-3.amazonaws.com/Produits/Images/Microsoft_365_logo.webp,microsoft,Microsoft365EandF-isvfr,Monthly-n193,,Mensuel,,,,
Entra ID Governance Step-Up,Entra-ID-Governance-Step-Up-for-,,https://manystacks.s3.eu-west-3.amazonaws.com/Produits/Images/Microsoft_365_logo.webp,microsoft,Microsoft365EandF-isvfr,Annual-n188,,Annuel,,,,
Entra ID Governance Step-Up (Nonprofit),Entra-ID-Governance-Step-Up-f-n0,,https://manystacks.s3.eu-west-3.amazonaws.com/Produits/Images/Microsoft_365_logo.webp,microsoft,Microsoft365EandF-isvfr,Monthly-n194,,Mensuel,,,,
Entra ID Governance Step-Up (Nonprofit),Entra-ID-Governance-Step-Up-f-n0,,https://manystacks.s3.eu-west-3.amazonaws.com/Produits/Images/Microsoft_365_logo.webp,microsoft,Microsoft365EandF-isvfr,Annual-n189,,Annuel,,,,
Microsoft 365 F1 GCC,Microsoft-365-F1-GCC,,https://manystacks.s3.eu-west-3.amazonaws.com/Produits/Images/Microsoft_365_logo.webp,microsoft,Microsoft365EandF-isvfr,Monthly-n200,,Mensuel,,,,
Microsoft 365 F1 GCC,Microsoft-365-F1-GCC,,https://manystacks.s3.eu-west-3.amazonaws.com/Produits/Images/Microsoft_365_logo.webp,microsoft,Microsoft365EandF-isvfr,Annual-n195,,Annuel,,,,
Microsoft 365 F3 GCC,Microsoft-365-F3-GCC,,https://manystacks.s3.eu-west-3.amazonaws.com/Produits/Images/Microsoft_365_logo.webp,microsoft,Microsoft365EandF-isvfr,Monthly-n201,,Mensuel,,,,
Microsoft 365 F3 GCC,Microsoft-365-F3-GCC,,https://manystacks.s3.eu-west-3.amazonaws.com/Produits/Images/Microsoft_365_logo.webp,microsoft,Microsoft365EandF-isvfr,Annual-n196,,Annuel,,,,
Microsoft Intune Endpoint Privileges (Nonprofit,Microsoft-Intune-Endpoint-Pri-n1,,https://manystacks.s3.eu-west-3.amazonaws.com/Produits/Images/Microsoft_365_logo.webp,microsoft,Microsoft365EandF-isvfr,Monthly-n202,,Mensuel,,,,
Microsoft Intune Endpoint Privileges (Nonprofit,Microsoft-Intune-Endpoint-Pri-n1,,https://manystacks.s3.eu-west-3.amazonaws.com/Produits/Images/Microsoft_365_logo.webp,microsoft,Microsoft365EandF-isvfr,Monthly-n203,,Annuel,,,,
Microsoft Intune Plan 2 Nonprofit,Microsoft-Intune-Plan-2-Nonprofi,,https://manystacks.s3.eu-west-3.amazonaws.com/Produits/Images/Microsoft_365_logo.webp,microsoft,Microsoft365EandF-isvfr,Microsoft-Intune-Plan-2-Nonpr-n0,,Annuel,,,,
Microsoft Intune Plan 2 Nonprofit,Microsoft-Intune-Plan-2-Nonprofi,,https://manystacks.s3.eu-west-3.amazonaws.com/Produits/Images/Microsoft_365_logo.webp,microsoft,Microsoft365EandF-isvfr,Microsoft-Intune-Plan-2-Nonpr-n1,,Mensuel,,,,
Microsoft Intune (Nonprofit),Intune-n0,,https://manystacks.s3.eu-west-3.amazonaws.com/Produits/Images/Microsoft_365_logo.webp,microsoft,Microsoft365EandF-isvfr,Intune-n2,,Mensuel,,,,
Microsoft Intune (Nonprofit),Intune-n0,,https://manystacks.s3.eu-west-3.amazonaws.com/Produits/Images/Microsoft_365_logo.webp,microsoft,Microsoft365EandF-isvfr,iNTUNE-n1,,Annuel,,,,
Microsoft 365 Compliance Center,Compliance-Manager-Premium-Asses,,https://manystacks.s3.eu-west-3.amazonaws.com/Produits/Images/Microsoft_365_logo.webp,microsoft,M365compliancecenter-isvfr,Monthly-Plan,,Mensuel,,,,
Microsoft 365 Compliance Center,Compliance-Manager-Premium-Asses,,https://manystacks.s3.eu-west-3.amazonaws.com/Produits/Images/Microsoft_365_logo.webp,microsoft,M365compliancecenter-isvfr,Annual-Plan,,Annuel,,,,
Microsoft 365 Compliance Center,Compliance-Manager-Premium-As-n1,,https://manystacks.s3.eu-west-3.amazonaws.com/Produits/Images/Microsoft_365_logo.webp,microsoft,M365compliancecenter-isvfr,Monthly,,Mensuel,,,,
Microsoft 365 Compliance Center,Compliance-Manager-Premium-As-n1,,https://manystacks.s3.eu-west-3.amazonaws.com/Produits/Images/Microsoft_365_logo.webp,microsoft,M365compliancecenter-isvfr,Annual,,Annuel,,,,
Microsoft 365 Compliance Center,Compliance-Manager-Premium-As-n2,,https://manystacks.s3.eu-west-3.amazonaws.com/Produits/Images/Microsoft_365_logo.webp,microsoft,M365compliancecenter-isvfr,Monthly-n0,,Mensuel,,,,
Microsoft 365 Compliance Center,Compliance-Manager-Premium-As-n3,,https://manystacks.s3.eu-west-3.amazonaws.com/Produits/Images/Microsoft_365_logo.webp,microsoft,M365compliancecenter-isvfr,Monthly-n1,,Mensuel,,,,
Microsoft 365 Compliance Center,Compliance-Manager-Premium-As-n3,,https://manystacks.s3.eu-west-3.amazonaws.com/Produits/Images/Microsoft_365_logo.webp,microsoft,M365compliancecenter-isvfr,Annual-n0,,Annuel,,,,
Microsoft 365 Domestic and International Calling Plan Add On,USCFQ7TTC0LHXT0001,,https://manystacks.s3.eu-west-3.amazonaws.com/Produits/Images/Microsoft_365_logo.webp,microsoft,M365DmstcIntlCallPlan-isvfrnce,Monthly-Plan,,Mensuel,,,,
Microsoft 365 Domestic and International Calling Plan Add On,USCFQ7TTC0LHXT0001,,https://manystacks.s3.eu-west-3.amazonaws.com/Produits/Images/Microsoft_365_logo.webp,microsoft,M365DmstcIntlCallPlan-isvfrnce,Monthly---Annual-Commit,,Mensuel,,,,
Microsoft 365 Domestic and International Calling Plan Add On,USCFQ7TTC0LHXT0001,,https://manystacks.s3.eu-west-3.amazonaws.com/Produits/Images/Microsoft_365_logo.webp,microsoft,M365DmstcIntlCallPlan-isvfrnce,Annual-Plan,,Annuel,,,,
Microsoft 365 Domestic and International Calling Plan Add On,USCFQ7TTC0HC360001,,https://manystacks.s3.eu-west-3.amazonaws.com/Produits/Images/Microsoft_365_logo.webp,microsoft,M365DmstcIntlCallPlan-isvfrnce,Monthly,,Mensuel,,,,
Microsoft 365 Domestic and International Calling Plan Add On,USCFQ7TTC0HC360001,,https://manystacks.s3.eu-west-3.amazonaws.com/Produits/Images/Microsoft_365_logo.webp,microsoft,M365DmstcIntlCallPlan-isvfrnce,Annual,,Annuel,,,,
Microsoft 365 Domestic and International Calling Plan Add On,USCFQ7TTC0HC360001,,https://manystacks.s3.eu-west-3.amazonaws.com/Produits/Images/Microsoft_365_logo.webp,microsoft,M365DmstcIntlCallPlan-isvfrnce,Monthly---Annual-Commit-n0,,Mensuel,,,,
Microsoft 365 Domestic Calling Plan Add On,USCFQ7TTC0LHXJ0001,,https://manystacks.s3.eu-west-3.amazonaws.com/Produits/Images/Microsoft_365_logo.webp,microsoft,M365DomesticCallPlan-isvfrnce,Monthly-Plan,,Mensuel,,,,
Microsoft 365 Domestic Calling Plan Add On,USCFQ7TTC0LHXJ0001,,https://manystacks.s3.eu-west-3.amazonaws.com/Produits/Images/Microsoft_365_logo.webp,microsoft,M365DomesticCallPlan-isvfrnce,Monthly---Annual-Commit,,Mensuel,,,,
Microsoft 365 Domestic Calling Plan Add On,USCFQ7TTC0LHXJ0001,,https://manystacks.s3.eu-west-3.amazonaws.com/Produits/Images/Microsoft_365_logo.webp,microsoft,M365DomesticCallPlan-isvfrnce,Annual-Plan,,Annuel,,,,
Microsoft 365 Audio Conferencing Add On,USCFQ7TTC0LHSL0001,,https://manystacks.s3.eu-west-3.amazonaws.com/Produits/Images/Microsoft_365_logo.webp,microsoft,MS365AudioConferencing-isvfrnce,Monthly-Plan,,Mensuel,,,,
Microsoft 365 Audio Conferencing Add On,USCFQ7TTC0LHSL0001,,https://manystacks.s3.eu-west-3.amazonaws.com/Produits/Images/Microsoft_365_logo.webp,microsoft,MS365AudioConferencing-isvfrnce,Monthly---Annual-Commit,,Mensuel,,,,
Microsoft 365 Audio Conferencing Add On,USCFQ7TTC0LHSL0001,,https://manystacks.s3.eu-west-3.amazonaws.com/Produits/Images/Microsoft_365_logo.webp,microsoft,MS365AudioConferencing-isvfrnce,Annual-Plan,,Annuel,,,,
Microsoft 365 Audio Conferencing Add On,USCFQ7TTC0LHSL0002,,https://manystacks.s3.eu-west-3.amazonaws.com/Produits/Images/Microsoft_365_logo.webp,microsoft,MS365AudioConferencing-isvfrnce,Monthly-Plan-n0,,Mensuel,,,,
Microsoft 365 Audio Conferencing Add On,USCFQ7TTC0LHSL0002,,https://manystacks.s3.eu-west-3.amazonaws.com/Produits/Images/Microsoft_365_logo.webp,microsoft,MS365AudioConferencing-isvfrnce,Monthly---Annual-Commit-n0,,Mensuel,,,,
Microsoft 365 Audio Conferencing Add On,USCFQ7TTC0LHSL0002,,https://manystacks.s3.eu-west-3.amazonaws.com/Produits/Images/Microsoft_365_logo.webp,microsoft,MS365AudioConferencing-isvfrnce,Annual-Plan-n0,,Annuel,,,,
Microsoft 365 Audio Conferencing Add On,USCFQ7TTC0LHSL0008,,https://manystacks.s3.eu-west-3.amazonaws.com/Produits/Images/Microsoft_365_logo.webp,microsoft,MS365AudioConferencing-isvfrnce,Monthly-Plan-n1,,Mensuel,,,,
Microsoft 365 Audio Conferencing Add On,USCFQ7TTC0LHSL0008,,https://manystacks.s3.eu-west-3.amazonaws.com/Produits/Images/Microsoft_365_logo.webp,microsoft,MS365AudioConferencing-isvfrnce,Monthly---Annual-Commit-n1,,Mensuel,,,,
Microsoft 365 Audio Conferencing Add On,USCFQ7TTC0LHSL0008,,https://manystacks.s3.eu-west-3.amazonaws.com/Produits/Images/Microsoft_365_logo.webp,microsoft,MS365AudioConferencing-isvfrnce,Annual-Plan-n1,,Annuel,,,,
Microsoft 365 Audio Conferencing Add On,USCFQ7TTC0LHSL001N,,https://manystacks.s3.eu-west-3.amazonaws.com/Produits/Images/Microsoft_365_logo.webp,microsoft,MS365AudioConferencing-isvfrnce,Monthly334,,Mensuel,,,,
Microsoft 365 Audio Conferencing Add On,USCFQ7TTC0LHSL001N,,https://manystacks.s3.eu-west-3.amazonaws.com/Produits/Images/Microsoft_365_logo.webp,microsoft,MS365AudioConferencing-isvfrnce,Monthly335,,Mensuel,,,,
Microsoft 365 Audio Conferencing Add On,USCFQ7TTC0LHSL001N,,https://manystacks.s3.eu-west-3.amazonaws.com/Produits/Images/Microsoft_365_logo.webp,microsoft,MS365AudioConferencing-isvfrnce,Monthly336,,Annuel,,,,
Microsoft 365 Audio Conferencing Add On,USCFQ7TTC0LHSL002B,,https://manystacks.s3.eu-west-3.amazonaws.com/Produits/Images/Microsoft_365_logo.webp,microsoft,MS365AudioConferencing-isvfrnce,Monthly337,,Mensuel,,,,
Microsoft 365 Audio Conferencing Add On,USCFQ7TTC0LHSL002B,,https://manystacks.s3.eu-west-3.amazonaws.com/Produits/Images/Microsoft_365_logo.webp,microsoft,MS365AudioConferencing-isvfrnce,Monthly338,,Mensuel,,,,
Microsoft 365 Audio Conferencing Add On,USCFQ7TTC0LHSL002B,,https://manystacks.s3.eu-west-3.amazonaws.com/Produits/Images/Microsoft_365_logo.webp,microsoft,MS365AudioConferencing-isvfrnce,Monthly339,,Annuel,,,,
Microsoft 365 Audio Conferencing Add On,USCFQ7TTC0LHSL001K,,https://manystacks.s3.eu-west-3.amazonaws.com/Produits/Images/Microsoft_365_logo.webp,microsoft,MS365AudioConferencing-isvfrnce,Monthly328,,Mensuel,,,,
Microsoft 365 Audio Conferencing Add On,USCFQ7TTC0LHSL001K,,https://manystacks.s3.eu-west-3.amazonaws.com/Produits/Images/Microsoft_365_logo.webp,microsoft,MS365AudioConferencing-isvfrnce,Monthly329,,Mensuel,,,,
Microsoft 365 Audio Conferencing Add On,USCFQ7TTC0LHSL001K,,https://manystacks.s3.eu-west-3.amazonaws.com/Produits/Images/Microsoft_365_logo.webp,microsoft,MS365AudioConferencing-isvfrnce,Monthly330,,Annuel,,,,
Microsoft 365 Audio Conferencing Add On,USCFQ7TTC0LHSL001L,,https://manystacks.s3.eu-west-3.amazonaws.com/Produits/Images/Microsoft_365_logo.webp,microsoft,MS365AudioConferencing-isvfrnce,Monthly331,,Mensuel,,,,
Microsoft 365 Audio Conferencing Add On,USCFQ7TTC0LHSL001L,,https://manystacks.s3.eu-west-3.amazonaws.com/Produits/Images/Microsoft_365_logo.webp,microsoft,MS365AudioConferencing-isvfrnce,Monthly332,,Mensuel,,,,
Microsoft 365 Audio Conferencing Add On,USCFQ7TTC0LHSL001L,,https://manystacks.s3.eu-west-3.amazonaws.com/Produits/Images/Microsoft_365_logo.webp,microsoft,MS365AudioConferencing-isvfrnce,Monthly333,,Annuel,,,,
Microsoft 365 Audio Conferencing Add On,USCFQ7TTC0LHSL001X,,https://manystacks.s3.eu-west-3.amazonaws.com/Produits/Images/Microsoft_365_logo.webp,microsoft,MS365AudioConferencing-isvfrnce,monthly676,,Mensuel,,,,
Microsoft 365 Audio Conferencing Add On,USCFQ7TTC0LHSL001X,,https://manystacks.s3.eu-west-3.amazonaws.com/Produits/Images/Microsoft_365_logo.webp,microsoft,MS365AudioConferencing-isvfrnce,monthly675,,Annuel,,,,
Microsoft 365 Audio Conferencing Add On,USCFQ7TTC0LHSL001X,,https://manystacks.s3.eu-west-3.amazonaws.com/Produits/Images/Microsoft_365_logo.webp,microsoft,MS365AudioConferencing-isvfrnce,monthly677,,Annuel,,,,
Microsoft 365 Audio Conferencing Add On,USCFQ7TTC0LHSL001M,,https://manystacks.s3.eu-west-3.amazonaws.com/Produits/Images/Microsoft_365_logo.webp,microsoft,MS365AudioConferencing-isvfrnce,monthly346,,Mensuel,,,,
Microsoft 365 Audio Conferencing Add On,USCFQ7TTC0LHSL001M,,https://manystacks.s3.eu-west-3.amazonaws.com/Produits/Images/Microsoft_365_logo.webp,microsoft,MS365AudioConferencing-isvfrnce,monthly343,,Mensuel,,,,
Microsoft 365 Audio Conferencing Add On,USCFQ7TTC0LHSL001M,,https://manystacks.s3.eu-west-3.amazonaws.com/Produits/Images/Microsoft_365_logo.webp,microsoft,MS365AudioConferencing-isvfrnce,monthly345,,Annuel,,,,
Microsoft 365 Audio Conferencing Add On,USCFQ7TTC0LHSL001H,,https://manystacks.s3.eu-west-3.amazonaws.com/Produits/Images/Microsoft_365_logo.webp,microsoft,MS365AudioConferencing-isvfrnce,monthly1975,,Mensuel,,,,
Microsoft 365 Audio Conferencing Add On,USCFQ7TTC0LHSL001H,,https://manystacks.s3.eu-west-3.amazonaws.com/Produits/Images/Microsoft_365_logo.webp,microsoft,MS365AudioConferencing-isvfrnce,monthly1977,,Mensuel,,,,
Microsoft 365 Audio Conferencing Add On,USCFQ7TTC0LHSL001H,,https://manystacks.s3.eu-west-3.amazonaws.com/Produits/Images/Microsoft_365_logo.webp,microsoft,MS365AudioConferencing-isvfrnce,monthly1976,,Annuel,,,,
Microsoft 365 Audio Conferencing Add On,USCFQ7TTC0LHSL001J,,https://manystacks.s3.eu-west-3.amazonaws.com/Produits/Images/Microsoft_365_logo.webp,microsoft,MS365AudioConferencing-isvfrnce,monthly1978,,Mensuel,,,,
Microsoft 365 Audio Conferencing Add On,USCFQ7TTC0LHSL001J,,https://manystacks.s3.eu-west-3.amazonaws.com/Produits/Images/Microsoft_365_logo.webp,microsoft,MS365AudioConferencing-isvfrnce,monthly1980,,Mensuel,,,,
Microsoft 365 Audio Conferencing Add On,USCFQ7TTC0LHSL001J,,https://manystacks.s3.eu-west-3.amazonaws.com/Produits/Images/Microsoft_365_logo.webp,microsoft,MS365AudioConferencing-isvfrnce,monthly1979,,Annuel,,,,
Microsoft 365 Audio Conferencing Add On,USCFQ7TTC0LHSL001G,,https://manystacks.s3.eu-west-3.amazonaws.com/Produits/Images/Microsoft_365_logo.webp,microsoft,MS365AudioConferencing-isvfrnce,monthly2000,,Mensuel,,,,
Microsoft 365 Audio Conferencing Add On,USCFQ7TTC0LHSL001G,,https://manystacks.s3.eu-west-3.amazonaws.com/Produits/Images/Microsoft_365_logo.webp,microsoft,MS365AudioConferencing-isvfrnce,monthly1999,,Mensuel,,,,
Microsoft 365 Audio Conferencing Add On,USCFQ7TTC0LHSL001G,,https://manystacks.s3.eu-west-3.amazonaws.com/Produits/Images/Microsoft_365_logo.webp,microsoft,MS365AudioConferencing-isvfrnce,monthly2001,,Annuel,,,,
Microsoft 365 Audio Conferencing Add On,USCFQ7TTC0LHSL001P,,https://manystacks.s3.eu-west-3.amazonaws.com/Produits/Images/Microsoft_365_logo.webp,microsoft,MS365AudioConferencing-isvfrnce,monthly1992,,Mensuel,,,,
Microsoft 365 Audio Conferencing Add On,USCFQ7TTC0LHSL001P,,https://manystacks.s3.eu-west-3.amazonaws.com/Produits/Images/Microsoft_365_logo.webp,microsoft,MS365AudioConferencing-isvfrnce,monthly1990,,Annuel,,,,
Microsoft 365 Audio Conferencing Add On,USCFQ7TTC0LHSL001P,,https://manystacks.s3.eu-west-3.amazonaws.com/Produits/Images/Microsoft_365_logo.webp,microsoft,MS365AudioConferencing-isvfrnce,monthly1991,,Annuel,,,,
Microsoft 365 E5 Security Add On,USCFQ7TTC0LHQB0001,,https://manystacks.s3.eu-west-3.amazonaws.com/Produits/Images/Microsoft_365_logo.webp,microsoft,MS365E5Security-isvfrnce,Monthly-Plan,,Mensuel,,,,
Microsoft 365 E5 Security Add On,USCFQ7TTC0LHQB0001,,https://manystacks.s3.eu-west-3.amazonaws.com/Produits/Images/Microsoft_365_logo.webp,microsoft,MS365E5Security-isvfrnce,Monthly---Annual-Commit,,Mensuel,,,,
Microsoft 365 E5 Security Add On,USCFQ7TTC0LHQB0001,,https://manystacks.s3.eu-west-3.amazonaws.com/Produits/Images/Microsoft_365_logo.webp,microsoft,MS365E5Security-isvfrnce,Annual-Plan,,Annuel,,,,
Microsoft 365 E5 Security Add On,USCFQ7TTC0LHQB0007,,https://manystacks.s3.eu-west-3.amazonaws.com/Produits/Images/Microsoft_365_logo.webp,microsoft,MS365E5Security-isvfrnce,monthly2141,,Mensuel,,,,
Microsoft 365 E5 Security Add On,USCFQ7TTC0LHQB0007,,https://manystacks.s3.eu-west-3.amazonaws.com/Produits/Images/Microsoft_365_logo.webp,microsoft,MS365E5Security-isvfrnce,monthly2140,,Mensuel,,,,
Microsoft 365 E5 Security Add On,USCFQ7TTC0LHQB0007,,https://manystacks.s3.eu-west-3.amazonaws.com/Produits/Images/Microsoft_365_logo.webp,microsoft,MS365E5Security-isvfrnce,monthly2142,,Annuel,,,,
Microsoft Intune add on,USCFQ7TTC0LCH40006,,https://manystacks.s3.eu-west-3.amazonaws.com/Produits/Images/Microsoft_365_logo.webp,microsoft,MicrosoftIntune-isvfrnce,Monthly-Plan,,Mensuel,,,,
Microsoft Intune add on,USCFQ7TTC0LCH40006,,https://manystacks.s3.eu-west-3.amazonaws.com/Produits/Images/Microsoft_365_logo.webp,microsoft,MicrosoftIntune-isvfrnce,Annual-Plan,,Annuel,,,,
Microsoft Intune add on,USCFQ7TTC0LCH40006,,https://manystacks.s3.eu-west-3.amazonaws.com/Produits/Images/Microsoft_365_logo.webp,microsoft,MicrosoftIntune-isvfrnce,Monthly---Annual-Commit,,Mensuel,,,,
Microsoft Stream Add On,USCFQ7TTC0LH0C0001,,https://manystacks.s3.eu-west-3.amazonaws.com/Produits/Images/Microsoft_365_logo.webp,microsoft,MicrosoftStream-isvfrnce,Monthly-Plan,,Mensuel,,,,
Microsoft Stream Add On,USCFQ7TTC0LH0C0001,,https://manystacks.s3.eu-west-3.amazonaws.com/Produits/Images/Microsoft_365_logo.webp,microsoft,MicrosoftStream-isvfrnce,Monthly---Annual-Commit,,Mensuel,,,,
Microsoft Stream Add On,USCFQ7TTC0LH0C0001,,https://manystacks.s3.eu-west-3.amazonaws.com/Produits/Images/Microsoft_365_logo.webp,microsoft,MicrosoftStream-isvfrnce,Annual-Plan,,Annuel,,,,
Microsoft Stream Add On,USCFQ7TTC0LHPG0001,,https://manystacks.s3.eu-west-3.amazonaws.com/Produits/Images/Microsoft_365_logo.webp,microsoft,MicrosoftStream-isvfrnce,Monthly-Plan-n0,,Mensuel,,,,
Microsoft Stream Add On,USCFQ7TTC0LHPG0001,,https://manystacks.s3.eu-west-3.amazonaws.com/Produits/Images/Microsoft_365_logo.webp,microsoft,MicrosoftStream-isvfrnce,Monthly---Annual-Commit-n0,,Mensuel,,,,
Microsoft Stream Add On,USCFQ7TTC0LHPG0001,,https://manystacks.s3.eu-west-3.amazonaws.com/Produits/Images/Microsoft_365_logo.webp,microsoft,MicrosoftStream-isvfrnce,Annual-Plan-n0,,Annuel,,,,
Microsoft Stream Add On,USCFQ7TTC0LH0C0006,,https://manystacks.s3.eu-west-3.amazonaws.com/Produits/Images/Microsoft_365_logo.webp,microsoft,MicrosoftStream-isvfrnce,Monthly270,,Mensuel,,,,
Microsoft Stream Add On,USCFQ7TTC0LH0C0006,,https://manystacks.s3.eu-west-3.amazonaws.com/Produits/Images/Microsoft_365_logo.webp,microsoft,MicrosoftStream-isvfrnce,Monthly271,,Mensuel,,,,
Microsoft Stream Add On,USCFQ7TTC0LH0C0006,,https://manystacks.s3.eu-west-3.amazonaws.com/Produits/Images/Microsoft_365_logo.webp,microsoft,MicrosoftStream-isvfrnce,Monthly272,,Annuel,,,,
Microsoft Stream Add On,USCFQ7TTC0LH0C0005,,https://manystacks.s3.eu-west-3.amazonaws.com/Produits/Images/Microsoft_365_logo.webp,microsoft,MicrosoftStream-isvfrnce,Monthly267,,Mensuel,,,,
Microsoft Stream Add On,USCFQ7TTC0LH0C0005,,https://manystacks.s3.eu-west-3.amazonaws.com/Produits/Images/Microsoft_365_logo.webp,microsoft,MicrosoftStream-isvfrnce,Monthly268,,Mensuel,,,,
Microsoft Stream Add On,USCFQ7TTC0LH0C0005,,https://manystacks.s3.eu-west-3.amazonaws.com/Produits/Images/Microsoft_365_logo.webp,microsoft,MicrosoftStream-isvfrnce,Monthly269,,Annuel,,,,
Microsoft Stream Add On,USCFQ7TTC0LHPG000D,,https://manystacks.s3.eu-west-3.amazonaws.com/Produits/Images/Microsoft_365_logo.webp,microsoft,MicrosoftStream-isvfrnce,Monthly294,,Mensuel,,,,
Microsoft Stream Add On,USCFQ7TTC0LHPG000D,,https://manystacks.s3.eu-west-3.amazonaws.com/Produits/Images/Microsoft_365_logo.webp,microsoft,MicrosoftStream-isvfrnce,Monthly295,,Mensuel,,,,
Microsoft Stream Add On,USCFQ7TTC0LHPG000D,,https://manystacks.s3.eu-west-3.amazonaws.com/Produits/Images/Microsoft_365_logo.webp,microsoft,MicrosoftStream-isvfrnce,Monthly296,,Annuel,,,,
Microsoft Stream Add On,USCFQ7TTC0LHPG000C,,https://manystacks.s3.eu-west-3.amazonaws.com/Produits/Images/Microsoft_365_logo.webp,microsoft,MicrosoftStream-isvfrnce,Monthly291,,Mensuel,,,,
Microsoft Stream Add On,USCFQ7TTC0LHPG000C,,https://manystacks.s3.eu-west-3.amazonaws.com/Produits/Images/Microsoft_365_logo.webp,microsoft,MicrosoftStream-isvfrnce,Monthly292,,Mensuel,,,,
Microsoft Stream Add On,USCFQ7TTC0LHPG000C,,https://manystacks.s3.eu-west-3.amazonaws.com/Produits/Images/Microsoft_365_logo.webp,microsoft,MicrosoftStream-isvfrnce,Monthly293,,Annuel,,,,
Microsoft Stream Add On,USCFQ7TTC0LHPG000G,,https://manystacks.s3.eu-west-3.amazonaws.com/Produits/Images/Microsoft_365_logo.webp,microsoft,MicrosoftStream-isvfrnce,monthly407,,Mensuel,,,,
Microsoft Stream Add On,USCFQ7TTC0LHPG000G,,https://manystacks.s3.eu-west-3.amazonaws.com/Produits/Images/Microsoft_365_logo.webp,microsoft,MicrosoftStream-isvfrnce,monthly411,,Mensuel,,,,
Microsoft Stream Add On,USCFQ7TTC0LHPG000G,,https://manystacks.s3.eu-west-3.amazonaws.com/Produits/Images/Microsoft_365_logo.webp,microsoft,MicrosoftStream-isvfrnce,monthly409,,Annuel,,,,
Microsoft Stream Add On,USCFQ7TTC0LHPG000F,,https://manystacks.s3.eu-west-3.amazonaws.com/Produits/Images/Microsoft_365_logo.webp,microsoft,MicrosoftStream-isvfrnce,monthly2588,,Mensuel,,,,
Microsoft Stream Add On,USCFQ7TTC0LHPG000F,,https://manystacks.s3.eu-west-3.amazonaws.com/Produits/Images/Microsoft_365_logo.webp,microsoft,MicrosoftStream-isvfrnce,monthly2586,,Mensuel,,,,
Microsoft Stream Add On,USCFQ7TTC0LHPG000F,,https://manystacks.s3.eu-west-3.amazonaws.com/Produits/Images/Microsoft_365_logo.webp,microsoft,MicrosoftStream-isvfrnce,monthly2587,,Annuel,,,,
Microsoft Stream Add On,USCFQ7TTC0LH0C0007,,https://manystacks.s3.eu-west-3.amazonaws.com/Produits/Images/Microsoft_365_logo.webp,microsoft,MicrosoftStream-isvfrnce,monthly2575,,Mensuel,,,,
Microsoft Stream Add On,USCFQ7TTC0LH0C0007,,https://manystacks.s3.eu-west-3.amazonaws.com/Produits/Images/Microsoft_365_logo.webp,microsoft,MicrosoftStream-isvfrnce,monthly2574,,Mensuel,,,,
Microsoft Stream Add On,USCFQ7TTC0LH0C0007,,https://manystacks.s3.eu-west-3.amazonaws.com/Produits/Images/Microsoft_365_logo.webp,microsoft,MicrosoftStream-isvfrnce,monthly2576,,Annuel,,,,
Microsoft Viva Add On,USCFQ7TTC0LHWF0001,,https://manystacks.s3.eu-west-3.amazonaws.com/Produits/Images/Microsoft_365_logo.webp,microsoft,MicrosoftViva-isvfrnce,One-Month-commitment-for-monthly,,Mensuel,,,,
Microsoft Viva Add On,USCFQ7TTC0LHWF0001,,https://manystacks.s3.eu-west-3.amazonaws.com/Produits/Images/Microsoft_365_logo.webp,microsoft,MicrosoftViva-isvfrnce,One-Year-commitment-for-monthlyy,,Mensuel,,,,
Microsoft Viva Add On,USCFQ7TTC0LHWF0001,,https://manystacks.s3.eu-west-3.amazonaws.com/Produits/Images/Microsoft_365_logo.webp,microsoft,MicrosoftViva-isvfrnce,One-year-term-duration,,Annuel,,,,
Microsoft Viva Add On,USCFQ7TTC0HDJW0001,,https://manystacks.s3.eu-west-3.amazonaws.com/Produits/Images/Microsoft_365_logo.webp,microsoft,MicrosoftViva-isvfrnce,One-year-term-duration-n0,,Annuel,,,,
Microsoft Viva Add On,USCFQ7TTC0HDJW0001,,https://manystacks.s3.eu-west-3.amazonaws.com/Produits/Images/Microsoft_365_logo.webp,microsoft,MicrosoftViva-isvfrnce,Monthly,,Mensuel,,,,
Microsoft Viva Add On,USCFQ7TTC0HDJW0001,,https://manystacks.s3.eu-west-3.amazonaws.com/Produits/Images/Microsoft_365_logo.webp,microsoft,MicrosoftViva-isvfrnce,Monthly---Annual-Commit,,Mensuel,,,,
Microsoft Viva Add On,USCFQ7TTC0LHWF000K,,https://manystacks.s3.eu-west-3.amazonaws.com/Produits/Images/Microsoft_365_logo.webp,microsoft,MicrosoftViva-isvfrnce,monthly925,,Mensuel,,,,
Microsoft Viva Add On,USCFQ7TTC0LHWF000K,,https://manystacks.s3.eu-west-3.amazonaws.com/Produits/Images/Microsoft_365_logo.webp,microsoft,MicrosoftViva-isvfrnce,monthly926,,Mensuel,,,,
Microsoft Viva Add On,USCFQ7TTC0LHWF000K,,https://manystacks.s3.eu-west-3.amazonaws.com/Produits/Images/Microsoft_365_logo.webp,microsoft,MicrosoftViva-isvfrnce,monthly927,,Annuel,,,,
Microsoft Viva Add On,USCFQ7TTC0LHWF000J,,https://manystacks.s3.eu-west-3.amazonaws.com/Produits/Images/Microsoft_365_logo.webp,microsoft,MicrosoftViva-isvfrnce,monthly928,,Mensuel,,,,
Microsoft Viva Add On,USCFQ7TTC0LHWF000J,,https://manystacks.s3.eu-west-3.amazonaws.com/Produits/Images/Microsoft_365_logo.webp,microsoft,MicrosoftViva-isvfrnce,monthly929,,Mensuel,,,,
Microsoft Viva Add On,USCFQ7TTC0LHWF000J,,https://manystacks.s3.eu-west-3.amazonaws.com/Produits/Images/Microsoft_365_logo.webp,microsoft,MicrosoftViva-isvfrnce,monthly930,,Annuel,,,,
Microsoft Viva Add On,USCFQ7TTC0HDJW000D,,https://manystacks.s3.eu-west-3.amazonaws.com/Produits/Images/Microsoft_365_logo.webp,microsoft,MicrosoftViva-isvfrnce,monthly931,,Mensuel,,,,
Microsoft Viva Add On,USCFQ7TTC0HDJW000D,,https://manystacks.s3.eu-west-3.amazonaws.com/Produits/Images/Microsoft_365_logo.webp,microsoft,MicrosoftViva-isvfrnce,monthly932,,Mensuel,,,,
Microsoft Viva Add On,USCFQ7TTC0HDJW000D,,https://manystacks.s3.eu-west-3.amazonaws.com/Produits/Images/Microsoft_365_logo.webp,microsoft,MicrosoftViva-isvfrnce,monthly933,,Annuel,,,,
Microsoft Viva Add On,USCFQ7TTC0HDJW000C,,https://manystacks.s3.eu-west-3.amazonaws.com/Produits/Images/Microsoft_365_logo.webp,microsoft,MicrosoftViva-isvfrnce,Monthly104,,Mensuel,,,,
Microsoft Viva Add On,USCFQ7TTC0HDJW000C,,https://manystacks.s3.eu-west-3.amazonaws.com/Produits/Images/Microsoft_365_logo.webp,microsoft,MicrosoftViva-isvfrnce,Monthly105,,Mensuel,,,,
Microsoft Viva Add On,USCFQ7TTC0HDJW000C,,https://manystacks.s3.eu-west-3.amazonaws.com/Produits/Images/Microsoft_365_logo.webp,microsoft,MicrosoftViva-isvfrnce,Monthly106,,Annuel,,,,
Microsoft Viva Add On,USCFQ7TTC0HDJW000H,,https://manystacks.s3.eu-west-3.amazonaws.com/Produits/Images/Microsoft_365_logo.webp,microsoft,MicrosoftViva-isvfrnce,Monthly107,,Mensuel,,,,
Microsoft Viva Add On,USCFQ7TTC0HDJW000H,,https://manystacks.s3.eu-west-3.amazonaws.com/Produits/Images/Microsoft_365_logo.webp,microsoft,MicrosoftViva-isvfrnce,Monthly108,,Mensuel,,,,
Microsoft Viva Add On,USCFQ7TTC0HDJW000H,,https://manystacks.s3.eu-west-3.amazonaws.com/Produits/Images/Microsoft_365_logo.webp,microsoft,MicrosoftViva-isvfrnce,Monthly109,,Annuel,,,,
Microsoft 365 Compliance Center NCE,USCFQ7TTC0LHR40002,,https://manystacks.s3.eu-west-3.amazonaws.com/Produits/Images/Microsoft_365_logo.webp,microsoft,M365compliancecenter-isvfrnce,Monthly-Plan,,Mensuel,,,,
Microsoft 365 Compliance Center NCE,USCFQ7TTC0LHR40002,,https://manystacks.s3.eu-west-3.amazonaws.com/Produits/Images/Microsoft_365_logo.webp,microsoft,M365compliancecenter-isvfrnce,Annual-Plan,,Annuel,,,,
Microsoft 365 Compliance Center NCE,USCFQ7TTC0LHR40002,,https://manystacks.s3.eu-west-3.amazonaws.com/Produits/Images/Microsoft_365_logo.webp,microsoft,M365compliancecenter-isvfrnce,Monthly---Annual-Commit,,Mensuel,,,,
Microsoft 365 Compliance Center NCE,USCFQ7TTC0LHR40016,,https://manystacks.s3.eu-west-3.amazonaws.com/Produits/Images/Microsoft_365_logo.webp,microsoft,M365compliancecenter-isvfrnce,monthly2079,,Mensuel,,,,
Microsoft 365 Compliance Center NCE,USCFQ7TTC0LHR4000T,,https://manystacks.s3.eu-west-3.amazonaws.com/Produits/Images/Microsoft_365_logo.webp,microsoft,M365compliancecenter-isvfrnce,monthly2085,,Mensuel,,,,
Microsoft 365 Compliance Center NCE,USCFQ7TTC0LHR4000T,,https://manystacks.s3.eu-west-3.amazonaws.com/Produits/Images/Microsoft_365_logo.webp,microsoft,M365compliancecenter-isvfrnce,monthly2083,,Mensuel,,,,
Microsoft 365 Compliance Center NCE,USCFQ7TTC0LHR4000T,,https://manystacks.s3.eu-west-3.amazonaws.com/Produits/Images/Microsoft_365_logo.webp,microsoft,M365compliancecenter-isvfrnce,monthly2084,,Annuel,,,,
Microsoft 365 Compliance Center NCE,USCFQ7TTC0LHR4000R,,https://manystacks.s3.eu-west-3.amazonaws.com/Produits/Images/Microsoft_365_logo.webp,microsoft,M365compliancecenter-isvfrnce,monthly2076,,Mensuel,,,,
Microsoft 365 Compliance Center NCE,USCFQ7TTC0LHR4000R,,https://manystacks.s3.eu-west-3.amazonaws.com/Produits/Images/Microsoft_365_logo.webp,microsoft,M365compliancecenter-isvfrnce,monthly2078,,Mensuel,,,,
Microsoft 365 Compliance Center NCE,USCFQ7TTC0LHR4000R,,https://manystacks.s3.eu-west-3.amazonaws.com/Produits/Images/Microsoft_365_logo.webp,microsoft,M365compliancecenter-isvfrnce,monthly2077,,Annuel,,,,
Microsoft 365 E5 Compliance Add On,USCFQ7TTC0LHR40001,,https://manystacks.s3.eu-west-3.amazonaws.com/Produits/Images/Microsoft_365_logo.webp,microsoft,M365E5Compliance-isvfrnce,Monthly-Plan,,Mensuel,,,,
Microsoft 365 E5 Compliance Add On,USCFQ7TTC0LHR40001,,https://manystacks.s3.eu-west-3.amazonaws.com/Produits/Images/Microsoft_365_logo.webp,microsoft,M365E5Compliance-isvfrnce,Monthly---Annual-Commit,,Mensuel,,,,
Microsoft 365 E5 Compliance Add On,USCFQ7TTC0LHR40001,,https://manystacks.s3.eu-west-3.amazonaws.com/Produits/Images/Microsoft_365_logo.webp,microsoft,M365E5Compliance-isvfrnce,Annual-Plan,,Annuel,,,,
Microsoft 365 E5 Compliance Add On,USCFQ7TTC0LHR4000Q,,https://manystacks.s3.eu-west-3.amazonaws.com/Produits/Images/Microsoft_365_logo.webp,microsoft,M365E5Compliance-isvfrnce,monthly2087,,Mensuel,,,,
Microsoft 365 E5 Compliance Add On,USCFQ7TTC0LHR4000Q,,https://manystacks.s3.eu-west-3.amazonaws.com/Produits/Images/Microsoft_365_logo.webp,microsoft,M365E5Compliance-isvfrnce,monthly2086,,Mensuel,,,,
Microsoft 365 E5 Compliance Add On,USCFQ7TTC0LHR4000Q,,https://manystacks.s3.eu-west-3.amazonaws.com/Produits/Images/Microsoft_365_logo.webp,microsoft,M365E5Compliance-isvfrnce,monthly2088,,Annuel,,,,
Microsoft 365 E5 Compliance Add On,M365-E5-eDiscovery-and-Audit---S,,https://manystacks.s3.eu-west-3.amazonaws.com/Produits/Images/Microsoft_365_logo.webp,microsoft,M365E5Compliance-isvfrnce,M365-E5-eDiscovery-and-Audit--n0,,Mensuel,,,,
Microsoft 365 E5 Compliance Add On,M365-E5-eDiscovery-and-Audit---S,,https://manystacks.s3.eu-west-3.amazonaws.com/Produits/Images/Microsoft_365_logo.webp,microsoft,M365E5Compliance-isvfrnce,M365-E5-eDiscovery-and-Audit--n1,,Annuel,,,,
Microsoft 365 E5 Compliance Add On,M365-E5-eDiscovery-and-Audit---S,,https://manystacks.s3.eu-west-3.amazonaws.com/Produits/Images/Microsoft_365_logo.webp,microsoft,M365E5Compliance-isvfrnce,M365-E5-eDiscovery-and-Audit--n2,,Mensuel,,,,
Microsoft 365 E5 Compliance Add On,M365-E5-Information-Protection-a,,https://manystacks.s3.eu-west-3.amazonaws.com/Produits/Images/Microsoft_365_logo.webp,microsoft,M365E5Compliance-isvfrnce,M365-E5-Information-Protectio-n0,,Mensuel,,,,
Microsoft 365 E5 Compliance Add On,M365-E5-Information-Protection-a,,https://manystacks.s3.eu-west-3.amazonaws.com/Produits/Images/Microsoft_365_logo.webp,microsoft,M365E5Compliance-isvfrnce,M365-E5-Information-Protectio-n1,,Annuel,,,,
Microsoft 365 E5 Compliance Add On,M365-E5-Information-Protection-a,,https://manystacks.s3.eu-west-3.amazonaws.com/Produits/Images/Microsoft_365_logo.webp,microsoft,M365E5Compliance-isvfrnce,M365-E5-Information-Protectio-n2,,Mensuel,,,,
Microsoft 365 E5 Compliance Add On,M365-E5-Insider-Risk-Mgmt---STU-,,https://manystacks.s3.eu-west-3.amazonaws.com/Produits/Images/Microsoft_365_logo.webp,microsoft,M365E5Compliance-isvfrnce,M365-E5-Insider-Risk-Mgmt---S-n0,,Mensuel,,,,
Microsoft 365 E5 Compliance Add On,M365-E5-Insider-Risk-Mgmt---STU-,,https://manystacks.s3.eu-west-3.amazonaws.com/Produits/Images/Microsoft_365_logo.webp,microsoft,M365E5Compliance-isvfrnce,M365-E5-Insider-Risk-Mgmt---S-n1,,Mensuel,,,,
Microsoft 365 E5 Compliance Add On,M365-E5-Insider-Risk-Mgmt---STU-,,https://manystacks.s3.eu-west-3.amazonaws.com/Produits/Images/Microsoft_365_logo.webp,microsoft,M365E5Compliance-isvfrnce,M365-E5-Insider-Risk-Mgmt---S-n2,,Annuel,,,,
Microsoft Defender NCE,USCFQ7TTC0LGV00001,,https://manystacks.s3.eu-west-3.amazonaws.com/Produits/Images/Microsoft_365_logo.webp,microsoft,MSDefender-isvfrnce,Monthly,,Mensuel,,,,
Microsoft Defender NCE,USCFQ7TTC0LGV00001,,https://manystacks.s3.eu-west-3.amazonaws.com/Produits/Images/Microsoft_365_logo.webp,microsoft,MSDefender-isvfrnce,Annual,,Annuel,,,,
Microsoft Defender NCE,USCFQ7TTC0LGV00001,,https://manystacks.s3.eu-west-3.amazonaws.com/Produits/Images/Microsoft_365_logo.webp,microsoft,MSDefender-isvfrnce,Monthly---Annual-Commit,,Mensuel,,,,
Microsoft Defender NCE,USCFQ7TTC0J1GB0003,,https://manystacks.s3.eu-west-3.amazonaws.com/Produits/Images/Microsoft_365_logo.webp,microsoft,MSDefender-isvfrnce,Monthly-n1,,Mensuel,,,,
Microsoft Defender NCE,USCFQ7TTC0J1GB0003,,https://manystacks.s3.eu-west-3.amazonaws.com/Produits/Images/Microsoft_365_logo.webp,microsoft,MSDefender-isvfrnce,Annual-n1,,Annuel,,,,
Microsoft Defender NCE,USCFQ7TTC0J1GB0003,,https://manystacks.s3.eu-west-3.amazonaws.com/Produits/Images/Microsoft_365_logo.webp,microsoft,MSDefender-isvfrnce,Monthly---Annual-Commit-n0,,Mensuel,,,,
Microsoft Defender NCE,USCFQ7TTC0LH0D0001,,https://manystacks.s3.eu-west-3.amazonaws.com/Produits/Images/Microsoft_365_logo.webp,microsoft,MSDefender-isvfrnce,Monthly-n3,,Mensuel,,,,
Microsoft Defender NCE,USCFQ7TTC0LH0D0001,,https://manystacks.s3.eu-west-3.amazonaws.com/Produits/Images/Microsoft_365_logo.webp,microsoft,MSDefender-isvfrnce,Annual-n3,,Annuel,,,,
Microsoft Defender NCE,USCFQ7TTC0LH0D0001,,https://manystacks.s3.eu-west-3.amazonaws.com/Produits/Images/Microsoft_365_logo.webp,microsoft,MSDefender-isvfrnce,Monthly---Annual-Commit-n1,,Mensuel,,,,
Microsoft Defender NCE,USCFQ7TTC0LGV00003,,https://manystacks.s3.eu-west-3.amazonaws.com/Produits/Images/Microsoft_365_logo.webp,microsoft,MSDefender-isvfrnce,Monthly-n7,,Mensuel,,,,
Microsoft Defender NCE,USCFQ7TTC0LGV00003,,https://manystacks.s3.eu-west-3.amazonaws.com/Produits/Images/Microsoft_365_logo.webp,microsoft,MSDefender-isvfrnce,Annual-n7,,Annuel,,,,
Microsoft Defender NCE,USCFQ7TTC0LGV00003,,https://manystacks.s3.eu-west-3.amazonaws.com/Produits/Images/Microsoft_365_logo.webp,microsoft,MSDefender-isvfrnce,Monthly---Annual-Commit-n2,,Mensuel,,,,
Microsoft Defender NCE,USCFQ7TTC0LHRR0001,,https://manystacks.s3.eu-west-3.amazonaws.com/Produits/Images/Microsoft_365_logo.webp,microsoft,MSDefender-isvfrnce,Monthly-n9,,Mensuel,,,,
Microsoft Defender NCE,USCFQ7TTC0LHRR0001,,https://manystacks.s3.eu-west-3.amazonaws.com/Produits/Images/Microsoft_365_logo.webp,microsoft,MSDefender-isvfrnce,Annual-n9,,Annuel,,,,
Microsoft Defender NCE,USCFQ7TTC0LHRR0001,,https://manystacks.s3.eu-west-3.amazonaws.com/Produits/Images/Microsoft_365_logo.webp,microsoft,MSDefender-isvfrnce,Monthly---Annual-Commit-n5,,Mensuel,,,,
Microsoft Defender NCE,USCFQ7TTC0HX560002,,https://manystacks.s3.eu-west-3.amazonaws.com/Produits/Images/Microsoft_365_logo.webp,microsoft,MSDefender-isvfrnce,Monthly-n10,,Mensuel,,,,
Microsoft Defender NCE,USCFQ7TTC0HX560002,,https://manystacks.s3.eu-west-3.amazonaws.com/Produits/Images/Microsoft_365_logo.webp,microsoft,MSDefender-isvfrnce,Annual-n10,,Annuel,,,,
Microsoft Defender NCE,USCFQ7TTC0HX560002,,https://manystacks.s3.eu-west-3.amazonaws.com/Produits/Images/Microsoft_365_logo.webp,microsoft,MSDefender-isvfrnce,Monthly---Annual-Commit-n6,,Mensuel,,,,
Microsoft Defender NCE,USCFQ7TTC0JPGV0001,,https://manystacks.s3.eu-west-3.amazonaws.com/Produits/Images/Microsoft_365_logo.webp,microsoft,MSDefender-isvfrnce,Monthly-n11,,Mensuel,,,,
Microsoft Defender NCE,USCFQ7TTC0JPGV0001,,https://manystacks.s3.eu-west-3.amazonaws.com/Produits/Images/Microsoft_365_logo.webp,microsoft,MSDefender-isvfrnce,Annual-n11,,Annuel,,,,
Microsoft Defender NCE,USCFQ7TTC0JPGV0001,,https://manystacks.s3.eu-west-3.amazonaws.com/Produits/Images/Microsoft_365_logo.webp,microsoft,MSDefender-isvfrnce,Monthly---Annual-Commit-n7,,Mensuel,,,,
Microsoft Defender NCE,USCFQ7TTC0J7WF0004,,https://manystacks.s3.eu-west-3.amazonaws.com/Produits/Images/Microsoft_365_logo.webp,microsoft,MSDefender-isvfrnce,Monthly-n12,,Mensuel,,,,
Microsoft Defender NCE,USCFQ7TTC0J7WF0004,,https://manystacks.s3.eu-west-3.amazonaws.com/Produits/Images/Microsoft_365_logo.webp,microsoft,MSDefender-isvfrnce,Annual-n12,,Annuel,,,,
Microsoft Defender NCE,USCFQ7TTC0J7WF0004,,https://manystacks.s3.eu-west-3.amazonaws.com/Produits/Images/Microsoft_365_logo.webp,microsoft,MSDefender-isvfrnce,Monthly---Annual-Commit-n8,,Mensuel,,,,
Microsoft Defender NCE,USCFQ7TTC0JPGV0002,,https://manystacks.s3.eu-west-3.amazonaws.com/Produits/Images/Microsoft_365_logo.webp,microsoft,MSDefender-isvfrnce,Annual-n14,,Annuel,,,,
Microsoft Defender NCE,USCFQ7TTC0JPGV0002,,https://manystacks.s3.eu-west-3.amazonaws.com/Produits/Images/Microsoft_365_logo.webp,microsoft,MSDefender-isvfrnce,Monthly-n14,,Mensuel,,,,
Microsoft Defender NCE,USCFQ7TTC0JPGV0002,,https://manystacks.s3.eu-west-3.amazonaws.com/Produits/Images/Microsoft_365_logo.webp,microsoft,MSDefender-isvfrnce,Monthly---Annual-Commit-n10,,Mensuel,,,,
Microsoft Defender NCE,USCFQ7TTC0QTFK0002,,https://manystacks.s3.eu-west-3.amazonaws.com/Produits/Images/Microsoft_365_logo.webp,microsoft,MSDefender-isvfrnce,Monthly-n15,,Mensuel,,,,
Microsoft Defender NCE,USCFQ7TTC0QTFK0002,,https://manystacks.s3.eu-west-3.amazonaws.com/Produits/Images/Microsoft_365_logo.webp,microsoft,MSDefender-isvfrnce,Annual-n15,,Annuel,,,,
Microsoft Defender NCE,USCFQ7TTC0QTFK0002,,https://manystacks.s3.eu-west-3.amazonaws.com/Produits/Images/Microsoft_365_logo.webp,microsoft,MSDefender-isvfrnce,Monthly---Annual-Commit-n11,,Mensuel,,,,
Microsoft Defender NCE,USCFQ7TTC0MZH60002,,https://manystacks.s3.eu-west-3.amazonaws.com/Produits/Images/Microsoft_365_logo.webp,microsoft,MSDefender-isvfrnce,Monthly-n16,,Mensuel,,,,
Microsoft Defender NCE,USCFQ7TTC0MZH60002,,https://manystacks.s3.eu-west-3.amazonaws.com/Produits/Images/Microsoft_365_logo.webp,microsoft,MSDefender-isvfrnce,Annual-n16,,Annuel,,,,
Microsoft Defender NCE,USCFQ7TTC0MZH60002,,https://manystacks.s3.eu-west-3.amazonaws.com/Produits/Images/Microsoft_365_logo.webp,microsoft,MSDefender-isvfrnce,Monthly---Annual-Commit-n12,,Mensuel,,,,
Microsoft Defender NCE,USCFQ7TTC0MLTF0001,,https://manystacks.s3.eu-west-3.amazonaws.com/Produits/Images/Microsoft_365_logo.webp,microsoft,MSDefender-isvfrnce,Monthly---Annual-Commit-n13,,Mensuel,,,,
Microsoft Defender NCE,USCFQ7TTC0MLTF0001,,https://manystacks.s3.eu-west-3.amazonaws.com/Produits/Images/Microsoft_365_logo.webp,microsoft,MSDefender-isvfrnce,Annual-n17,,Annuel,,,,
Microsoft Defender NCE,USCFQ7TTC0MLTF0002,,https://manystacks.s3.eu-west-3.amazonaws.com/Produits/Images/Microsoft_365_logo.webp,microsoft,MSDefender-isvfrnce,Annual-n18,,Annuel,,,,
Microsoft Defender NCE,USCFQ7TTC0MLTF0002,,https://manystacks.s3.eu-west-3.amazonaws.com/Produits/Images/Microsoft_365_logo.webp,microsoft,MSDefender-isvfrnce,monthly823,,Mensuel,,,,
Microsoft Defender NCE,USCFQ7TTC0MLTF0003,,https://manystacks.s3.eu-west-3.amazonaws.com/Produits/Images/Microsoft_365_logo.webp,microsoft,MSDefender-isvfrnce,Annual-n19,,Annuel,,,,
Microsoft Defender NCE,USCFQ7TTC0MLTF0003,,https://manystacks.s3.eu-west-3.amazonaws.com/Produits/Images/Microsoft_365_logo.webp,microsoft,MSDefender-isvfrnce,Monthly---Annual-Commit-n14,,Mensuel,,,,
Microsoft Defender NCE,USCFQ7TTC0MLTF0004,,https://manystacks.s3.eu-west-3.amazonaws.com/Produits/Images/Microsoft_365_logo.webp,microsoft,MSDefender-isvfrnce,Annual-n20,,Annuel,,,,
Microsoft Defender NCE,USCFQ7TTC0MLTF0004,,https://manystacks.s3.eu-west-3.amazonaws.com/Produits/Images/Microsoft_365_logo.webp,microsoft,MSDefender-isvfrnce,Monthly---Annual-Commit-n15,,Mensuel,,,,
Microsoft Defender NCE,USCFQ7TTC0MLTF0005,,https://manystacks.s3.eu-west-3.amazonaws.com/Produits/Images/Microsoft_365_logo.webp,microsoft,MSDefender-isvfrnce,Annual-n21,,Annuel,,,,
Microsoft Defender NCE,USCFQ7TTC0MLTF0005,,https://manystacks.s3.eu-west-3.amazonaws.com/Produits/Images/Microsoft_365_logo.webp,microsoft,MSDefender-isvfrnce,Monthly---Annual-Commit-n16,,Mensuel,,,,
Microsoft Defender NCE,USCFQ7TTC0LGV00002,,https://manystacks.s3.eu-west-3.amazonaws.com/Produits/Images/Microsoft_365_logo.webp,microsoft,MSDefender-isvfrnce,Monthly-n17,,Mensuel,,,,
Microsoft Defender NCE,USCFQ7TTC0LGV00002,,https://manystacks.s3.eu-west-3.amazonaws.com/Produits/Images/Microsoft_365_logo.webp,microsoft,MSDefender-isvfrnce,Annual-n22,,Annuel,,,,
Microsoft Defender NCE,USCFQ7TTC0LGV00002,,https://manystacks.s3.eu-west-3.amazonaws.com/Produits/Images/Microsoft_365_logo.webp,microsoft,MSDefender-isvfrnce,Monthly---Annual-Commit-n17,,Mensuel,,,,
Microsoft Defender NCE,USCFQ7TTC0J1US0003,,https://manystacks.s3.eu-west-3.amazonaws.com/Produits/Images/Microsoft_365_logo.webp,microsoft,MSDefender-isvfrnce,Monthly-n18,,Mensuel,,,,
Microsoft Defender NCE,USCFQ7TTC0J1US0003,,https://manystacks.s3.eu-west-3.amazonaws.com/Produits/Images/Microsoft_365_logo.webp,microsoft,MSDefender-isvfrnce,Annual-n23,,Annuel,,,,
Microsoft Defender NCE,USCFQ7TTC0J1US0003,,https://manystacks.s3.eu-west-3.amazonaws.com/Produits/Images/Microsoft_365_logo.webp,microsoft,MSDefender-isvfrnce,Monthly---Annual-Commit-n18,,Mensuel,,,,
Microsoft Defender NCE,USCFQ7TTC0QTFK0001,,https://manystacks.s3.eu-west-3.amazonaws.com/Produits/Images/Microsoft_365_logo.webp,microsoft,MSDefender-isvfrnce,Defender-Threat-Intelligence--n0,,Mensuel,,,,
Microsoft Defender NCE,USCFQ7TTC0QTFK0001,,https://manystacks.s3.eu-west-3.amazonaws.com/Produits/Images/Microsoft_365_logo.webp,microsoft,MSDefender-isvfrnce,monthly2359,,Mensuel,,,,
Microsoft Defender NCE,USCFQ7TTC0QTFK0001,,https://manystacks.s3.eu-west-3.amazonaws.com/Produits/Images/Microsoft_365_logo.webp,microsoft,MSDefender-isvfrnce,monthly2360,,Annuel,,,,
Microsoft Defender NCE,USCFQ7TTC0HX560003,,https://manystacks.s3.eu-west-3.amazonaws.com/Produits/Images/Microsoft_365_logo.webp,microsoft,MSDefender-isvfrnce,monthly748,,Annuel,,,,
Microsoft Defender NCE,USCFQ7TTC0HX560003,,https://manystacks.s3.eu-west-3.amazonaws.com/Produits/Images/Microsoft_365_logo.webp,microsoft,MSDefender-isvfrnce,monthly749,,Mensuel,,,,
Microsoft Defender NCE,USCFQ7TTC0HX560003,,https://manystacks.s3.eu-west-3.amazonaws.com/Produits/Images/Microsoft_365_logo.webp,microsoft,MSDefender-isvfrnce,monthly750,,Mensuel,,,,
Microsoft Defender NCE,USCFQ7TTC0LHRR000Q,,https://manystacks.s3.eu-west-3.amazonaws.com/Produits/Images/Microsoft_365_logo.webp,microsoft,MSDefender-isvfrnce,monthly754,,Annuel,,,,
Microsoft Defender NCE,USCFQ7TTC0LHRR000Q,,https://manystacks.s3.eu-west-3.amazonaws.com/Produits/Images/Microsoft_365_logo.webp,microsoft,MSDefender-isvfrnce,monthly755,,Mensuel,,,,
Microsoft Defender NCE,USCFQ7TTC0LHRR000Q,,https://manystacks.s3.eu-west-3.amazonaws.com/Produits/Images/Microsoft_365_logo.webp,microsoft,MSDefender-isvfrnce,Monthly321,,Mensuel,,,,
Microsoft Defender NCE,USCFQ7TTC0LHRR000S,,https://manystacks.s3.eu-west-3.amazonaws.com/Produits/Images/Microsoft_365_logo.webp,microsoft,MSDefender-isvfrnce,monthly756,,Annuel,,,,
Microsoft Defender NCE,USCFQ7TTC0LHRR000S,,https://manystacks.s3.eu-west-3.amazonaws.com/Produits/Images/Microsoft_365_logo.webp,microsoft,MSDefender-isvfrnce,monthly757,,Mensuel,,,,
Microsoft Defender NCE,USCFQ7TTC0LHRR000S,,https://manystacks.s3.eu-west-3.amazonaws.com/Produits/Images/Microsoft_365_logo.webp,microsoft,MSDefender-isvfrnce,Monthly7691,,Mensuel,,,,
Microsoft Defender NCE,USCFQ7TTC0J1GB0007,,https://manystacks.s3.eu-west-3.amazonaws.com/Produits/Images/Microsoft_365_logo.webp,microsoft,MSDefender-isvfrnce,Monthly7650,,Mensuel,,,,
Microsoft Defender NCE,USCFQ7TTC0J1GB0007,,https://manystacks.s3.eu-west-3.amazonaws.com/Produits/Images/Microsoft_365_logo.webp,microsoft,MSDefender-isvfrnce,Monthly7651,,Mensuel,,,,
Microsoft Defender NCE,USCFQ7TTC0J1GB0007,,https://manystacks.s3.eu-west-3.amazonaws.com/Produits/Images/Microsoft_365_logo.webp,microsoft,MSDefender-isvfrnce,Monthly7652,,Annuel,,,,
Microsoft Defender NCE,USCFQ7TTC0J1GB0009,,https://manystacks.s3.eu-west-3.amazonaws.com/Produits/Images/Microsoft_365_logo.webp,microsoft,MSDefender-isvfrnce,Monthly7653,,Mensuel,,,,
Microsoft Defender NCE,USCFQ7TTC0J1GB0009,,https://manystacks.s3.eu-west-3.amazonaws.com/Produits/Images/Microsoft_365_logo.webp,microsoft,MSDefender-isvfrnce,Monthly7654,,Mensuel,,,,
Microsoft Defender NCE,USCFQ7TTC0J1GB0009,,https://manystacks.s3.eu-west-3.amazonaws.com/Produits/Images/Microsoft_365_logo.webp,microsoft,MSDefender-isvfrnce,Monthly7655,,Annuel,,,,
Microsoft Defender NCE,USCFQ7TTC0JPGV0006,,https://manystacks.s3.eu-west-3.amazonaws.com/Produits/Images/Microsoft_365_logo.webp,microsoft,MSDefender-isvfrnce,Monthly7656,,Mensuel,,,,
Microsoft Defender NCE,USCFQ7TTC0JPGV0006,,https://manystacks.s3.eu-west-3.amazonaws.com/Produits/Images/Microsoft_365_logo.webp,microsoft,MSDefender-isvfrnce,Monthly7657,,Annuel,,,,
Microsoft Defender NCE,USCFQ7TTC0JPGV0006,,https://manystacks.s3.eu-west-3.amazonaws.com/Produits/Images/Microsoft_365_logo.webp,microsoft,MSDefender-isvfrnce,Monthly185,,Mensuel,,,,
Microsoft Defender NCE,USCFQ7TTC0JPGV0007,,https://manystacks.s3.eu-west-3.amazonaws.com/Produits/Images/Microsoft_365_logo.webp,microsoft,MSDefender-isvfrnce,Monthly7658,,Mensuel,,,,
Microsoft Defender NCE,USCFQ7TTC0JPGV0007,,https://manystacks.s3.eu-west-3.amazonaws.com/Produits/Images/Microsoft_365_logo.webp,microsoft,MSDefender-isvfrnce,Monthly7660,,Annuel,,,,
Microsoft Defender NCE,USCFQ7TTC0JPGV0007,,https://manystacks.s3.eu-west-3.amazonaws.com/Produits/Images/Microsoft_365_logo.webp,microsoft,MSDefender-isvfrnce,monthly80911,,Mensuel,,,,
Microsoft Defender NCE,USCFQ7TTC0JPGV0008,,https://manystacks.s3.eu-west-3.amazonaws.com/Produits/Images/Microsoft_365_logo.webp,microsoft,MSDefender-isvfrnce,Monthly7661,,Mensuel,,,,
Microsoft Defender NCE,USCFQ7TTC0JPGV0008,,https://manystacks.s3.eu-west-3.amazonaws.com/Produits/Images/Microsoft_365_logo.webp,microsoft,MSDefender-isvfrnce,Monthly7662,,Mensuel,,,,
Microsoft Defender NCE,USCFQ7TTC0JPGV0008,,https://manystacks.s3.eu-west-3.amazonaws.com/Produits/Images/Microsoft_365_logo.webp,microsoft,MSDefender-isvfrnce,Monthly7663,,Annuel,,,,
Microsoft Defender NCE,USCFQ7TTC0JPGV0009,,https://manystacks.s3.eu-west-3.amazonaws.com/Produits/Images/Microsoft_365_logo.webp,microsoft,MSDefender-isvfrnce,Monthly7664,,Mensuel,,,,
Microsoft Defender NCE,USCFQ7TTC0JPGV0009,,https://manystacks.s3.eu-west-3.amazonaws.com/Produits/Images/Microsoft_365_logo.webp,microsoft,MSDefender-isvfrnce,Monthly7665,,Mensuel,,,,
Microsoft Defender NCE,USCFQ7TTC0JPGV0009,,https://manystacks.s3.eu-west-3.amazonaws.com/Produits/Images/Microsoft_365_logo.webp,microsoft,MSDefender-isvfrnce,Monthly7666,,Annuel,,,,
Microsoft Defender NCE,USCFQ7TTC0JPGV000B,,https://manystacks.s3.eu-west-3.amazonaws.com/Produits/Images/Microsoft_365_logo.webp,microsoft,MSDefender-isvfrnce,Monthly7667,,Mensuel,,,,
Microsoft Defender NCE,USCFQ7TTC0JPGV000B,,https://manystacks.s3.eu-west-3.amazonaws.com/Produits/Images/Microsoft_365_logo.webp,microsoft,MSDefender-isvfrnce,Monthly7668,,Mensuel,,,,
Microsoft Defender NCE,USCFQ7TTC0JPGV000B,,https://manystacks.s3.eu-west-3.amazonaws.com/Produits/Images/Microsoft_365_logo.webp,microsoft,MSDefender-isvfrnce,Monthly7669,,Annuel,,,,
Microsoft Defender NCE,USCFQ7TTC0LGV0000W,,https://manystacks.s3.eu-west-3.amazonaws.com/Produits/Images/Microsoft_365_logo.webp,microsoft,MSDefender-isvfrnce,Monthly7670,,Mensuel,,,,
Microsoft Defender NCE,USCFQ7TTC0LGV0000W,,https://manystacks.s3.eu-west-3.amazonaws.com/Produits/Images/Microsoft_365_logo.webp,microsoft,MSDefender-isvfrnce,Monthly7671,,Mensuel,,,,
Microsoft Defender NCE,USCFQ7TTC0LGV0000W,,https://manystacks.s3.eu-west-3.amazonaws.com/Produits/Images/Microsoft_365_logo.webp,microsoft,MSDefender-isvfrnce,Monthly7672,,Annuel,,,,
Microsoft Defender NCE,USCFQ7TTC0LGV0000X,,https://manystacks.s3.eu-west-3.amazonaws.com/Produits/Images/Microsoft_365_logo.webp,microsoft,MSDefender-isvfrnce,Monthly7673,,Mensuel,,,,
Microsoft Defender NCE,USCFQ7TTC0LGV0000X,,https://manystacks.s3.eu-west-3.amazonaws.com/Produits/Images/Microsoft_365_logo.webp,microsoft,MSDefender-isvfrnce,Monthly7674,,Mensuel,,,,
Microsoft Defender NCE,USCFQ7TTC0LGV0000X,,https://manystacks.s3.eu-west-3.amazonaws.com/Produits/Images/Microsoft_365_logo.webp,microsoft,MSDefender-isvfrnce,Monthly7675,,Annuel,,,,
Microsoft Defender NCE,USCFQ7TTC0LGV0000Z,,https://manystacks.s3.eu-west-3.amazonaws.com/Produits/Images/Microsoft_365_logo.webp,microsoft,MSDefender-isvfrnce,Monthly7676,,Mensuel,,,,
Microsoft Defender NCE,USCFQ7TTC0LGV0000Z,,https://manystacks.s3.eu-west-3.amazonaws.com/Produits/Images/Microsoft_365_logo.webp,microsoft,MSDefender-isvfrnce,Monthly7677,,Mensuel,,,,
Microsoft Defender NCE,USCFQ7TTC0LGV0000Z,,https://manystacks.s3.eu-west-3.amazonaws.com/Produits/Images/Microsoft_365_logo.webp,microsoft,MSDefender-isvfrnce,Monthly7678,,Annuel,,,,
Microsoft Defender NCE,USCFQ7TTC0LH0D000N,,https://manystacks.s3.eu-west-3.amazonaws.com/Produits/Images/Microsoft_365_logo.webp,microsoft,MSDefender-isvfrnce,Monthly7679,,Mensuel,,,,
Microsoft Defender NCE,USCFQ7TTC0LH0D000N,,https://manystacks.s3.eu-west-3.amazonaws.com/Produits/Images/Microsoft_365_logo.webp,microsoft,MSDefender-isvfrnce,Monthly7680,,Mensuel,,,,
Microsoft Defender NCE,USCFQ7TTC0LH0D000N,,https://manystacks.s3.eu-west-3.amazonaws.com/Produits/Images/Microsoft_365_logo.webp,microsoft,MSDefender-isvfrnce,Monthly7681,,Annuel,,,,
Microsoft Defender NCE,USCFQ7TTC0LH0D000P,,https://manystacks.s3.eu-west-3.amazonaws.com/Produits/Images/Microsoft_365_logo.webp,microsoft,MSDefender-isvfrnce,Monthly7682,,Mensuel,,,,
Microsoft Defender NCE,USCFQ7TTC0LH0D000P,,https://manystacks.s3.eu-west-3.amazonaws.com/Produits/Images/Microsoft_365_logo.webp,microsoft,MSDefender-isvfrnce,Monthly7683,,Mensuel,,,,
Microsoft Defender NCE,USCFQ7TTC0LH0D000P,,https://manystacks.s3.eu-west-3.amazonaws.com/Produits/Images/Microsoft_365_logo.webp,microsoft,MSDefender-isvfrnce,Monthly7684,,Annuel,,,,
Microsoft Defender NCE,USCFQ7TTC0LH0D000Q,,https://manystacks.s3.eu-west-3.amazonaws.com/Produits/Images/Microsoft_365_logo.webp,microsoft,MSDefender-isvfrnce,Monthly7685,,Mensuel,,,,
Microsoft Defender NCE,USCFQ7TTC0LH0D000Q,,https://manystacks.s3.eu-west-3.amazonaws.com/Produits/Images/Microsoft_365_logo.webp,microsoft,MSDefender-isvfrnce,Monthly7686,,Mensuel,,,,
Microsoft Defender NCE,USCFQ7TTC0LH0D000Q,,https://manystacks.s3.eu-west-3.amazonaws.com/Produits/Images/Microsoft_365_logo.webp,microsoft,MSDefender-isvfrnce,Monthly7687,,Annuel,,,,
Microsoft Defender NCE,USCFQ7TTC0LHRR000R,,https://manystacks.s3.eu-west-3.amazonaws.com/Produits/Images/Microsoft_365_logo.webp,microsoft,MSDefender-isvfrnce,Monthly7688,,Mensuel,,,,
Microsoft Defender NCE,USCFQ7TTC0LHRR000R,,https://manystacks.s3.eu-west-3.amazonaws.com/Produits/Images/Microsoft_365_logo.webp,microsoft,MSDefender-isvfrnce,Monthly7689,,Mensuel,,,,
Microsoft Defender NCE,USCFQ7TTC0LHRR000R,,https://manystacks.s3.eu-west-3.amazonaws.com/Produits/Images/Microsoft_365_logo.webp,microsoft,MSDefender-isvfrnce,Monthly7690,,Annuel,,,,
Microsoft Defender NCE,USCFQ7TTC0LHRR0011,,https://manystacks.s3.eu-west-3.amazonaws.com/Produits/Images/Microsoft_365_logo.webp,microsoft,MSDefender-isvfrnce,monthly728,,Mensuel,,,,
Microsoft Defender NCE,USCFQ7TTC0LHRR0011,,https://manystacks.s3.eu-west-3.amazonaws.com/Produits/Images/Microsoft_365_logo.webp,microsoft,MSDefender-isvfrnce,monthly727,,Mensuel,,,,
Microsoft Defender NCE,USCFQ7TTC0LHRR0011,,https://manystacks.s3.eu-west-3.amazonaws.com/Produits/Images/Microsoft_365_logo.webp,microsoft,MSDefender-isvfrnce,monthly729,,Annuel,,,,
Microsoft Defender NCE,USCFQ7TTC0LGV00011,,https://manystacks.s3.eu-west-3.amazonaws.com/Produits/Images/Microsoft_365_logo.webp,microsoft,MSDefender-isvfrnce,monthly734,,Mensuel,,,,
Microsoft Defender NCE,USCFQ7TTC0LGV00011,,https://manystacks.s3.eu-west-3.amazonaws.com/Produits/Images/Microsoft_365_logo.webp,microsoft,MSDefender-isvfrnce,monthly733,,Mensuel,,,,
Microsoft Defender NCE,USCFQ7TTC0LGV00011,,https://manystacks.s3.eu-west-3.amazonaws.com/Produits/Images/Microsoft_365_logo.webp,microsoft,MSDefender-isvfrnce,monthly735,,Annuel,,,,
Microsoft Defender NCE,USCFQ7TTC0J1GB0008,,https://manystacks.s3.eu-west-3.amazonaws.com/Produits/Images/Microsoft_365_logo.webp,microsoft,MSDefender-isvfrnce,monthly731,,Mensuel,,,,
Microsoft Defender NCE,USCFQ7TTC0J1GB0008,,https://manystacks.s3.eu-west-3.amazonaws.com/Produits/Images/Microsoft_365_logo.webp,microsoft,MSDefender-isvfrnce,monthly730,,Annuel,,,,
Microsoft Defender NCE,USCFQ7TTC0J1GB0008,,https://manystacks.s3.eu-west-3.amazonaws.com/Produits/Images/Microsoft_365_logo.webp,microsoft,MSDefender-isvfrnce,monthly732,,Annuel,,,,
Microsoft Defender NCE,USCFQ7TTC0LH0D0016,,https://manystacks.s3.eu-west-3.amazonaws.com/Produits/Images/Microsoft_365_logo.webp,microsoft,MSDefender-isvfrnce,monthly737,,Mensuel,,,,
Microsoft Defender NCE,USCFQ7TTC0LH0D0016,,https://manystacks.s3.eu-west-3.amazonaws.com/Produits/Images/Microsoft_365_logo.webp,microsoft,MSDefender-isvfrnce,monthly736,,Annuel,,,,
Microsoft Defender NCE,USCFQ7TTC0LH0D0016,,https://manystacks.s3.eu-west-3.amazonaws.com/Produits/Images/Microsoft_365_logo.webp,microsoft,MSDefender-isvfrnce,monthly738,,Annuel,,,,
Microsoft Defender NCE,USCFQ7TTC0JPGV000N,,https://manystacks.s3.eu-west-3.amazonaws.com/Produits/Images/Microsoft_365_logo.webp,microsoft,MSDefender-isvfrnce,monthly752,,Mensuel,,,,
Microsoft Defender NCE,USCFQ7TTC0JPGV000N,,https://manystacks.s3.eu-west-3.amazonaws.com/Produits/Images/Microsoft_365_logo.webp,microsoft,MSDefender-isvfrnce,monthly751,,Annuel,,,,
Microsoft Defender NCE,USCFQ7TTC0JPGV000N,,https://manystacks.s3.eu-west-3.amazonaws.com/Produits/Images/Microsoft_365_logo.webp,microsoft,MSDefender-isvfrnce,monthly753,,Annuel,,,,
Microsoft Defender NCE,USCFQ7TTC0JPGV000M,,https://manystacks.s3.eu-west-3.amazonaws.com/Produits/Images/Microsoft_365_logo.webp,microsoft,MSDefender-isvfrnce,monthly2393,,Mensuel,,,,
Microsoft Defender NCE,USCFQ7TTC0JPGV000M,,https://manystacks.s3.eu-west-3.amazonaws.com/Produits/Images/Microsoft_365_logo.webp,microsoft,MSDefender-isvfrnce,monthly2391,,Annuel,,,,
Microsoft Defender NCE,USCFQ7TTC0JPGV000M,,https://manystacks.s3.eu-west-3.amazonaws.com/Produits/Images/Microsoft_365_logo.webp,microsoft,MSDefender-isvfrnce,monthly2392,,Annuel,,,,
Microsoft Defender NCE,USCFQ7TTC0JPGV000K,,https://manystacks.s3.eu-west-3.amazonaws.com/Produits/Images/Microsoft_365_logo.webp,microsoft,MSDefender-isvfrnce,monthly2390,,Mensuel,,,,
Microsoft Defender NCE,USCFQ7TTC0JPGV000K,,https://manystacks.s3.eu-west-3.amazonaws.com/Produits/Images/Microsoft_365_logo.webp,microsoft,MSDefender-isvfrnce,monthly2388,,Annuel,,,,
Microsoft Defender NCE,USCFQ7TTC0JPGV000K,,https://manystacks.s3.eu-west-3.amazonaws.com/Produits/Images/Microsoft_365_logo.webp,microsoft,MSDefender-isvfrnce,monthly2389,,Annuel,,,,
Microsoft Defender NCE,USCFQ7TTC0LGV0001M,,https://manystacks.s3.eu-west-3.amazonaws.com/Produits/Images/Microsoft_365_logo.webp,microsoft,MSDefender-isvfrnce,monthly371,,Annuel,,,,
Microsoft Defender NCE,USCFQ7TTC0LGV0001M,,https://manystacks.s3.eu-west-3.amazonaws.com/Produits/Images/Microsoft_365_logo.webp,microsoft,MSDefender-isvfrnce,monthly372,,Mensuel,,,,
Microsoft Defender NCE,USCFQ7TTC0LGV0001M,,https://manystacks.s3.eu-west-3.amazonaws.com/Produits/Images/Microsoft_365_logo.webp,microsoft,MSDefender-isvfrnce,monthly370,,Annuel,,,,
Microsoft Defender NCE,USCFQ7TTC0QTFK000K,,https://manystacks.s3.eu-west-3.amazonaws.com/Produits/Images/Microsoft_365_logo.webp,microsoft,MSDefender-isvfrnce,monthly375,,Annuel,,,,
Microsoft Defender NCE,USCFQ7TTC0QTFK000K,,https://manystacks.s3.eu-west-3.amazonaws.com/Produits/Images/Microsoft_365_logo.webp,microsoft,MSDefender-isvfrnce,monthly373,,Mensuel,,,,
Microsoft Defender NCE,USCFQ7TTC0QTFK000K,,https://manystacks.s3.eu-west-3.amazonaws.com/Produits/Images/Microsoft_365_logo.webp,microsoft,MSDefender-isvfrnce,monthly374,,Annuel,,,,
Microsoft Defender NCE,Microsoft-Defender-for-Endpoi-n5,,https://manystacks.s3.eu-west-3.amazonaws.com/Produits/Images/Microsoft_365_logo.webp,microsoft,MSDefender-isvfrnce,Microsoft-Defender-for-Endpoi-n6,,Annuel,,,,
Microsoft Defender NCE,Microsoft-Defender-for-Endpoi-n5,,https://manystacks.s3.eu-west-3.amazonaws.com/Produits/Images/Microsoft_365_logo.webp,microsoft,MSDefender-isvfrnce,Microsoft-Defender-for-Endpoi-n7,,Mensuel,,,,
Microsoft Defender NCE,Microsoft-Defender-for-Endpoi-n5,,https://manystacks.s3.eu-west-3.amazonaws.com/Produits/Images/Microsoft_365_logo.webp,microsoft,MSDefender-isvfrnce,Microsoft-Defender-for-Endpoi-n8,,Mensuel,,,,
Microsoft Defender NCE,Microsoft-Defender-for-Endpoi-n9,,https://manystacks.s3.eu-west-3.amazonaws.com/Produits/Images/Microsoft_365_logo.webp,microsoft,MSDefender-isvfrnce,Microsoft-Defender-for-Endpo-n10,,Mensuel,,,,
Microsoft Defender NCE,USCFQ7TTC0QTFK000G,,https://manystacks.s3.eu-west-3.amazonaws.com/Produits/Images/Microsoft_365_logo.webp,microsoft,MSDefender-isvfrnce,monthly117,,Mensuel,,,,
Microsoft Defender NCE,USCFQ7TTC0QTFK000G,,https://manystacks.s3.eu-west-3.amazonaws.com/Produits/Images/Microsoft_365_logo.webp,microsoft,MSDefender-isvfrnce,monthly118,,Mensuel,,,,
Microsoft Defender NCE,USCFQ7TTC0QTFK000G,,https://manystacks.s3.eu-west-3.amazonaws.com/Produits/Images/Microsoft_365_logo.webp,microsoft,MSDefender-isvfrnce,monthly116,,Annuel,,,,
Microsoft Defender NCE,USCFQ7TTC0LHRR000P,,https://manystacks.s3.eu-west-3.amazonaws.com/Produits/Images/Microsoft_365_logo.webp,microsoft,MSDefender-isvfrnce,monthly93,,Mensuel,,,,
Microsoft Defender NCE,USCFQ7TTC0LHRR000P,,https://manystacks.s3.eu-west-3.amazonaws.com/Produits/Images/Microsoft_365_logo.webp,microsoft,MSDefender-isvfrnce,monthly94,,Mensuel,,,,
Microsoft Defender NCE,USCFQ7TTC0LHRR000P,,https://manystacks.s3.eu-west-3.amazonaws.com/Produits/Images/Microsoft_365_logo.webp,microsoft,MSDefender-isvfrnce,monthly92,,Annuel,,,,
Microsoft Defender NCE,USCFQ7TTC0J1GB0005,,https://manystacks.s3.eu-west-3.amazonaws.com/Produits/Images/Microsoft_365_logo.webp,microsoft,MSDefender-isvfrnce,monthly96,,Mensuel,,,,
Microsoft Defender NCE,USCFQ7TTC0J1GB0005,,https://manystacks.s3.eu-west-3.amazonaws.com/Produits/Images/Microsoft_365_logo.webp,microsoft,MSDefender-isvfrnce,monthly97,,Mensuel,,,,
Microsoft Defender NCE,USCFQ7TTC0J1GB0005,,https://manystacks.s3.eu-west-3.amazonaws.com/Produits/Images/Microsoft_365_logo.webp,microsoft,MSDefender-isvfrnce,monthly95,,Annuel,,,,
Microsoft Defender NCE,USCFQ7TTC0LGV0000V,,https://manystacks.s3.eu-west-3.amazonaws.com/Produits/Images/Microsoft_365_logo.webp,microsoft,MSDefender-isvfrnce,monthly98,,Mensuel,,,,
Microsoft Defender NCE,USCFQ7TTC0LGV0000V,,https://manystacks.s3.eu-west-3.amazonaws.com/Produits/Images/Microsoft_365_logo.webp,microsoft,MSDefender-isvfrnce,monthly100,,Mensuel,,,,
Microsoft Defender NCE,USCFQ7TTC0LGV0000V,,https://manystacks.s3.eu-west-3.amazonaws.com/Produits/Images/Microsoft_365_logo.webp,microsoft,MSDefender-isvfrnce,monthly99,,Annuel,,,,
Microsoft Defender NCE,USCFQ7TTC0LH0D000M,,https://manystacks.s3.eu-west-3.amazonaws.com/Produits/Images/Microsoft_365_logo.webp,microsoft,MSDefender-isvfrnce,monthly102,,Mensuel,,,,
Microsoft Defender NCE,USCFQ7TTC0LH0D000M,,https://manystacks.s3.eu-west-3.amazonaws.com/Produits/Images/Microsoft_365_logo.webp,microsoft,MSDefender-isvfrnce,monthly103,,Mensuel,,,,
Microsoft Defender NCE,USCFQ7TTC0LH0D000M,,https://manystacks.s3.eu-west-3.amazonaws.com/Produits/Images/Microsoft_365_logo.webp,microsoft,MSDefender-isvfrnce,monthly101,,Annuel,,,,
Microsoft Defender NCE,USCFQ7TTC0MLTF000F,,https://manystacks.s3.eu-west-3.amazonaws.com/Produits/Images/Microsoft_365_logo.webp,microsoft,MSDefender-isvfrnce,monthly334,,Annuel,,,,
Microsoft Defender NCE,USCFQ7TTC0MLTF000F,,https://manystacks.s3.eu-west-3.amazonaws.com/Produits/Images/Microsoft_365_logo.webp,microsoft,MSDefender-isvfrnce,monthly339,,Mensuel,,,,
Microsoft Defender NCE,USCFQ7TTC0MLTF000B,,https://manystacks.s3.eu-west-3.amazonaws.com/Produits/Images/Microsoft_365_logo.webp,microsoft,MSDefender-isvfrnce,monthly335,,Mensuel,,,,
Microsoft Defender NCE,USCFQ7TTC0MLTF000B,,https://manystacks.s3.eu-west-3.amazonaws.com/Produits/Images/Microsoft_365_logo.webp,microsoft,MSDefender-isvfrnce,monthly340,,Annuel,,,,
Microsoft Defender NCE,USCFQ7TTC0MLTF0009,,https://manystacks.s3.eu-west-3.amazonaws.com/Produits/Images/Microsoft_365_logo.webp,microsoft,MSDefender-isvfrnce,monthly336,,Annuel,,,,
Microsoft Defender NCE,USCFQ7TTC0MLTF0009,,https://manystacks.s3.eu-west-3.amazonaws.com/Produits/Images/Microsoft_365_logo.webp,microsoft,MSDefender-isvfrnce,monthly345,,Mensuel,,,,
Microsoft Defender NCE,USCFQ7TTC0MLTF000J,,https://manystacks.s3.eu-west-3.amazonaws.com/Produits/Images/Microsoft_365_logo.webp,microsoft,MSDefender-isvfrnce,monthly337,,Mensuel,,,,
Microsoft Defender NCE,USCFQ7TTC0MLTF000J,,https://manystacks.s3.eu-west-3.amazonaws.com/Produits/Images/Microsoft_365_logo.webp,microsoft,MSDefender-isvfrnce,monthly351,,Annuel,,,,
Microsoft Defender NCE,USCFQ7TTC0MLTF000H,,https://manystacks.s3.eu-west-3.amazonaws.com/Produits/Images/Microsoft_365_logo.webp,microsoft,MSDefender-isvfrnce,monthly338,,Annuel,,,,
Microsoft Defender NCE,USCFQ7TTC0MLTF000H,,https://manystacks.s3.eu-west-3.amazonaws.com/Produits/Images/Microsoft_365_logo.webp,microsoft,MSDefender-isvfrnce,monthly350,,Mensuel,,,,
Microsoft Defender NCE,USCFQ7TTC0MLTF000C,,https://manystacks.s3.eu-west-3.amazonaws.com/Produits/Images/Microsoft_365_logo.webp,microsoft,MSDefender-isvfrnce,monthly341,,Annuel,,,,
Microsoft Defender NCE,USCFQ7TTC0MLTF000C,,https://manystacks.s3.eu-west-3.amazonaws.com/Produits/Images/Microsoft_365_logo.webp,microsoft,MSDefender-isvfrnce,monthly353,,Mensuel,,,,
Microsoft Defender NCE,USCFQ7TTC0MLTF000K,,https://manystacks.s3.eu-west-3.amazonaws.com/Produits/Images/Microsoft_365_logo.webp,microsoft,MSDefender-isvfrnce,monthly342,,Annuel,,,,
Microsoft Defender NCE,USCFQ7TTC0MLTF000K,,https://manystacks.s3.eu-west-3.amazonaws.com/Produits/Images/Microsoft_365_logo.webp,microsoft,MSDefender-isvfrnce,monthly349,,Mensuel,,,,
Microsoft Defender NCE,USCFQ7TTC0MLTF000D,,https://manystacks.s3.eu-west-3.amazonaws.com/Produits/Images/Microsoft_365_logo.webp,microsoft,MSDefender-isvfrnce,monthly343,,Annuel,,,,
Microsoft Defender NCE,USCFQ7TTC0MLTF000D,,https://manystacks.s3.eu-west-3.amazonaws.com/Produits/Images/Microsoft_365_logo.webp,microsoft,MSDefender-isvfrnce,monthly347,,Mensuel,,,,
Microsoft Defender NCE,USCFQ7TTC0MLTF000G,,https://manystacks.s3.eu-west-3.amazonaws.com/Produits/Images/Microsoft_365_logo.webp,microsoft,MSDefender-isvfrnce,monthly344,,Annuel,,,,
Microsoft Defender NCE,USCFQ7TTC0MLTF000G,,https://manystacks.s3.eu-west-3.amazonaws.com/Produits/Images/Microsoft_365_logo.webp,microsoft,MSDefender-isvfrnce,monthly352,,Mensuel,,,,
Microsoft Defender NCE,USCFQ7TTC0MLTF0008,,https://manystacks.s3.eu-west-3.amazonaws.com/Produits/Images/Microsoft_365_logo.webp,microsoft,MSDefender-isvfrnce,monthly346,,Mensuel,,,,
Microsoft Defender NCE,USCFQ7TTC0MLTF0008,,https://manystacks.s3.eu-west-3.amazonaws.com/Produits/Images/Microsoft_365_logo.webp,microsoft,MSDefender-isvfrnce,monthly348,,Annuel,,,,
Microsoft Defender NCE,Microsoft-Defender-Vulnerabil-n1,,https://manystacks.s3.eu-west-3.amazonaws.com/Produits/Images/Microsoft_365_logo.webp,microsoft,MSDefender-isvfrnce,Microsoft-Defender-Vulnerabil-n2,,Annuel,,,,
Microsoft Defender NCE,Microsoft-Defender-Vulnerabil-n1,,https://manystacks.s3.eu-west-3.amazonaws.com/Produits/Images/Microsoft_365_logo.webp,microsoft,MSDefender-isvfrnce,Microsoft-Defender-Vulnerabil-n3,,Mensuel,,,,
Microsoft Defender NCE,Microsoft-Defender-Vulnerabil-n1,,https://manystacks.s3.eu-west-3.amazonaws.com/Produits/Images/Microsoft_365_logo.webp,microsoft,MSDefender-isvfrnce,Microsoft-Defender-Vulnerabil-n4,,Mensuel,,,,
Microsoft Defender NCE,Defender-Threat-Intelligence-for,,https://manystacks.s3.eu-west-3.amazonaws.com/Produits/Images/Microsoft_365_logo.webp,microsoft,MSDefender-isvfrnce,Defender-Threat-Intelligence--n1,,Mensuel,,,,
Microsoft Defender NCE,Defender-Threat-Intelligence-for,,https://manystacks.s3.eu-west-3.amazonaws.com/Produits/Images/Microsoft_365_logo.webp,microsoft,MSDefender-isvfrnce,Defender-Threat-Intelligence--n2,,Mensuel,,,,
Microsoft Defender NCE,Defender-Threat-Intelligence-for,,https://manystacks.s3.eu-west-3.amazonaws.com/Produits/Images/Microsoft_365_logo.webp,microsoft,MSDefender-isvfrnce,Defender-Threat-Intelligence--n3,,Annuel,,,,
Microsoft Defender NCE,Microsoft-Defender-Vulnerabil-n5,,https://manystacks.s3.eu-west-3.amazonaws.com/Produits/Images/Microsoft_365_logo.webp,microsoft,MSDefender-isvfrnce,Microsoft-Defender-Vulnerabil-n6,,Mensuel,,,,
Microsoft Defender NCE,Microsoft-Defender-for-Endpo-n11,,https://manystacks.s3.eu-west-3.amazonaws.com/Produits/Images/Microsoft_365_logo.webp,microsoft,MSDefender-isvfrnce,Microsoft-Defender-for-Endpo-n12,,Annuel,,,,
Microsoft Defender NCE,Microsoft-Defender-for-Endpo-n11,,https://manystacks.s3.eu-west-3.amazonaws.com/Produits/Images/Microsoft_365_logo.webp,microsoft,MSDefender-isvfrnce,Microsoft-Defender-for-Endpo-n13,,Mensuel,,,,
Microsoft Defender NCE,Microsoft-Defender-for-Endpo-n11,,https://manystacks.s3.eu-west-3.amazonaws.com/Produits/Images/Microsoft_365_logo.webp,microsoft,MSDefender-isvfrnce,Microsoft-Defender-for-Endpo-n14,,Mensuel,,,,
Microsoft Defender for Office 365 Add On,USCFQ7TTC0LH040001,,https://manystacks.s3.eu-west-3.amazonaws.com/Produits/Images/Microsoft_365_logo.webp,microsoft,MSDef0365-isvfrnce,One-Month-commitment-for-monthly,,Mensuel,,,,
Microsoft Defender for Office 365 Add On,USCFQ7TTC0LH040001,,https://manystacks.s3.eu-west-3.amazonaws.com/Produits/Images/Microsoft_365_logo.webp,microsoft,MSDef0365-isvfrnce,One-Year-commitment-for-monthlyy,,Mensuel,,,,
Microsoft Defender for Office 365 Add On,USCFQ7TTC0LH040001,,https://manystacks.s3.eu-west-3.amazonaws.com/Produits/Images/Microsoft_365_logo.webp,microsoft,MSDef0365-isvfrnce,One-year-term-duration,,Annuel,,,,
Microsoft Defender for Office 365 Add On,USCFQ7TTC0LHXH0001,,https://manystacks.s3.eu-west-3.amazonaws.com/Produits/Images/Microsoft_365_logo.webp,microsoft,MSDef0365-isvfrnce,One-year-term-duration-n0,,Annuel,,,,
Microsoft Defender for Office 365 Add On,USCFQ7TTC0LHXH0001,,https://manystacks.s3.eu-west-3.amazonaws.com/Produits/Images/Microsoft_365_logo.webp,microsoft,MSDef0365-isvfrnce,Monthly-n2,,Mensuel,,,,
Microsoft Defender for Office 365 Add On,USCFQ7TTC0LHXH0001,,https://manystacks.s3.eu-west-3.amazonaws.com/Produits/Images/Microsoft_365_logo.webp,microsoft,MSDef0365-isvfrnce,Monthly---Annual-Commit-n1,,Mensuel,,,,
Microsoft Defender for Office 365 Add On,USCFQ7TTC0QKW20005,,https://manystacks.s3.eu-west-3.amazonaws.com/Produits/Images/Microsoft_365_logo.webp,microsoft,MSDef0365-isvfrnce,Monthly,,Mensuel,,,,
Microsoft Defender for Office 365 Add On,USCFQ7TTC0QKW20005,,https://manystacks.s3.eu-west-3.amazonaws.com/Produits/Images/Microsoft_365_logo.webp,microsoft,MSDef0365-isvfrnce,Monthly---Annual-Commit,,Mensuel,,,,
Microsoft Defender for Office 365 Add On,USCFQ7TTC0QKW20005,,https://manystacks.s3.eu-west-3.amazonaws.com/Produits/Images/Microsoft_365_logo.webp,microsoft,MSDef0365-isvfrnce,Annual,,Annuel,,,,
Microsoft Defender for Office 365 Add On,USCFQ7TTC0JPGV0005,,https://manystacks.s3.eu-west-3.amazonaws.com/Produits/Images/Microsoft_365_logo.webp,microsoft,MSDef0365-isvfrnce,Monthly-n0,,Mensuel,,,,
Microsoft Defender for Office 365 Add On,USCFQ7TTC0JPGV0005,,https://manystacks.s3.eu-west-3.amazonaws.com/Produits/Images/Microsoft_365_logo.webp,microsoft,MSDef0365-isvfrnce,Annual-n1,,Annuel,,,,
Microsoft Defender for Office 365 Add On,USCFQ7TTC0JPGV0005,,https://manystacks.s3.eu-west-3.amazonaws.com/Produits/Images/Microsoft_365_logo.webp,microsoft,MSDef0365-isvfrnce,Monthly---Annual-Commit-n0,,Mensuel,,,,
Microsoft Defender for Office 365 Add On,USCFQ7TTC0QKW20007,,https://manystacks.s3.eu-west-3.amazonaws.com/Produits/Images/Microsoft_365_logo.webp,microsoft,MSDef0365-isvfrnce,monthly751,,Mensuel,,,,
Microsoft Defender for Office 365 Add On,USCFQ7TTC0QKW20007,,https://manystacks.s3.eu-west-3.amazonaws.com/Produits/Images/Microsoft_365_logo.webp,microsoft,MSDef0365-isvfrnce,monthly752,,Mensuel,,,,
Microsoft Defender for Office 365 Add On,USCFQ7TTC0QKW20007,,https://manystacks.s3.eu-west-3.amazonaws.com/Produits/Images/Microsoft_365_logo.webp,microsoft,MSDef0365-isvfrnce,monthly753,,Annuel,,,,
Microsoft Defender for Office 365 Add On,USCFQ7TTC0LH04000W,,https://manystacks.s3.eu-west-3.amazonaws.com/Produits/Images/Microsoft_365_logo.webp,microsoft,MSDef0365-isvfrnce,monthly792,,Mensuel,,,,
Microsoft Defender for Office 365 Add On,USCFQ7TTC0LH04000W,,https://manystacks.s3.eu-west-3.amazonaws.com/Produits/Images/Microsoft_365_logo.webp,microsoft,MSDef0365-isvfrnce,monthly793,,Mensuel,,,,
Microsoft Defender for Office 365 Add On,USCFQ7TTC0LH04000W,,https://manystacks.s3.eu-west-3.amazonaws.com/Produits/Images/Microsoft_365_logo.webp,microsoft,MSDef0365-isvfrnce,monthly794,,Annuel,,,,
Microsoft Defender for Office 365 Add On,USCFQ7TTC0LH04000X,,https://manystacks.s3.eu-west-3.amazonaws.com/Produits/Images/Microsoft_365_logo.webp,microsoft,MSDef0365-isvfrnce,monthly786,,Mensuel,,,,
Microsoft Defender for Office 365 Add On,USCFQ7TTC0LH04000X,,https://manystacks.s3.eu-west-3.amazonaws.com/Produits/Images/Microsoft_365_logo.webp,microsoft,MSDef0365-isvfrnce,monthly787,,Mensuel,,,,
Microsoft Defender for Office 365 Add On,USCFQ7TTC0LH04000X,,https://manystacks.s3.eu-west-3.amazonaws.com/Produits/Images/Microsoft_365_logo.webp,microsoft,MSDef0365-isvfrnce,monthly788,,Annuel,,,,
Microsoft Defender for Office 365 Add On,USCFQ7TTC0LH04000V,,https://manystacks.s3.eu-west-3.amazonaws.com/Produits/Images/Microsoft_365_logo.webp,microsoft,MSDef0365-isvfrnce,monthly789,,Mensuel,,,,
Microsoft Defender for Office 365 Add On,USCFQ7TTC0LH04000V,,https://manystacks.s3.eu-west-3.amazonaws.com/Produits/Images/Microsoft_365_logo.webp,microsoft,MSDef0365-isvfrnce,monthly790,,Mensuel,,,,
Microsoft Defender for Office 365 Add On,USCFQ7TTC0LH04000V,,https://manystacks.s3.eu-west-3.amazonaws.com/Produits/Images/Microsoft_365_logo.webp,microsoft,MSDef0365-isvfrnce,monthly791,,Annuel,,,,
Microsoft Defender for Office 365 Add On,USCFQ7TTC0LHXH000R,,https://manystacks.s3.eu-west-3.amazonaws.com/Produits/Images/Microsoft_365_logo.webp,microsoft,MSDef0365-isvfrnce,monthly795,,Mensuel,,,,
Microsoft Defender for Office 365 Add On,USCFQ7TTC0LHXH000R,,https://manystacks.s3.eu-west-3.amazonaws.com/Produits/Images/Microsoft_365_logo.webp,microsoft,MSDef0365-isvfrnce,monthly796,,Mensuel,,,,
Microsoft Defender for Office 365 Add On,USCFQ7TTC0LHXH000R,,https://manystacks.s3.eu-west-3.amazonaws.com/Produits/Images/Microsoft_365_logo.webp,microsoft,MSDef0365-isvfrnce,monthly797,,Annuel,,,,
Microsoft Defender for Office 365 Add On,USCFQ7TTC0LHXH000P,,https://manystacks.s3.eu-west-3.amazonaws.com/Produits/Images/Microsoft_365_logo.webp,microsoft,MSDef0365-isvfrnce,monthly798,,Mensuel,,,,
Microsoft Defender for Office 365 Add On,USCFQ7TTC0LHXH000P,,https://manystacks.s3.eu-west-3.amazonaws.com/Produits/Images/Microsoft_365_logo.webp,microsoft,MSDef0365-isvfrnce,monthly799,,Mensuel,,,,
Microsoft Defender for Office 365 Add On,USCFQ7TTC0LHXH000P,,https://manystacks.s3.eu-west-3.amazonaws.com/Produits/Images/Microsoft_365_logo.webp,microsoft,MSDef0365-isvfrnce,monthly800,,Annuel,,,,
Microsoft Defender for Office 365 Add On,USCFQ7TTC0LHXH000Q,,https://manystacks.s3.eu-west-3.amazonaws.com/Produits/Images/Microsoft_365_logo.webp,microsoft,MSDef0365-isvfrnce,Monthly355,,Mensuel,,,,
Microsoft Defender for Office 365 Add On,USCFQ7TTC0LHXH000Q,,https://manystacks.s3.eu-west-3.amazonaws.com/Produits/Images/Microsoft_365_logo.webp,microsoft,MSDef0365-isvfrnce,Microsoft-Defender-for-O365-Plan,,Mensuel,,,,
Microsoft Defender for Office 365 Add On,USCFQ7TTC0LHXH000Q,,https://manystacks.s3.eu-west-3.amazonaws.com/Produits/Images/Microsoft_365_logo.webp,microsoft,MSDef0365-isvfrnce,Microsoft-Defender-for-O365-P-n0,,Annuel,,,,
Microsoft Defender for Office 365 Add On,USCFQ7TTC0JPGV000C,,https://manystacks.s3.eu-west-3.amazonaws.com/Produits/Images/Microsoft_365_logo.webp,microsoft,MSDef0365-isvfrnce,Monthly187,,Mensuel,,,,
Microsoft Defender for Office 365 Add On,USCFQ7TTC0JPGV000C,,https://manystacks.s3.eu-west-3.amazonaws.com/Produits/Images/Microsoft_365_logo.webp,microsoft,MSDef0365-isvfrnce,Microsoft-Defender-Vulnerabil-n0,,Mensuel,,,,
Microsoft Defender for Office 365 Add On,USCFQ7TTC0JPGV000C,,https://manystacks.s3.eu-west-3.amazonaws.com/Produits/Images/Microsoft_365_logo.webp,microsoft,MSDef0365-isvfrnce,Microsoft-Defender-Vulnerabil-n1,,Annuel,,,,
Microsoft Defender for Office 365 Add On,USCFQ7TTC0LHSL0020,,https://manystacks.s3.eu-west-3.amazonaws.com/Produits/Images/Microsoft_365_logo.webp,microsoft,MSDef0365-isvfrnce,monthly680,,Annuel,,,,
Microsoft Defender for Office 365 Add On,USCFQ7TTC0LH04000T,,https://manystacks.s3.eu-west-3.amazonaws.com/Produits/Images/Microsoft_365_logo.webp,microsoft,MSDef0365-isvfrnce,monthly740,,Mensuel,,,,
Microsoft Defender for Office 365 Add On,USCFQ7TTC0LH04000T,,https://manystacks.s3.eu-west-3.amazonaws.com/Produits/Images/Microsoft_365_logo.webp,microsoft,MSDef0365-isvfrnce,monthly739,,Mensuel,,,,
Microsoft Defender for Office 365 Add On,USCFQ7TTC0LH04000T,,https://manystacks.s3.eu-west-3.amazonaws.com/Produits/Images/Microsoft_365_logo.webp,microsoft,MSDef0365-isvfrnce,monthly741,,Annuel,,,,
Microsoft Defender for Office 365 Add On,USCFQ7TTC0LHXH000S,,https://manystacks.s3.eu-west-3.amazonaws.com/Produits/Images/Microsoft_365_logo.webp,microsoft,MSDef0365-isvfrnce,monthly743,,Mensuel,,,,
Microsoft Defender for Office 365 Add On,USCFQ7TTC0LHXH000S,,https://manystacks.s3.eu-west-3.amazonaws.com/Produits/Images/Microsoft_365_logo.webp,microsoft,MSDef0365-isvfrnce,monthly742,,Mensuel,,,,
Microsoft Defender for Office 365 Add On,USCFQ7TTC0LHXH000S,,https://manystacks.s3.eu-west-3.amazonaws.com/Produits/Images/Microsoft_365_logo.webp,microsoft,MSDef0365-isvfrnce,monthly744,,Annuel,,,,
Microsoft Defender for Office 365 Add On,USCFQ7TTC0LH04001C,,https://manystacks.s3.eu-west-3.amazonaws.com/Produits/Images/Microsoft_365_logo.webp,microsoft,MSDef0365-isvfrnce,monthly108,,Mensuel,,,,
Microsoft Defender for Office 365 Add On,USCFQ7TTC0LH04001C,,https://manystacks.s3.eu-west-3.amazonaws.com/Produits/Images/Microsoft_365_logo.webp,microsoft,MSDef0365-isvfrnce,monthly109,,Mensuel,,,,
Microsoft Defender for Office 365 Add On,USCFQ7TTC0LH04001C,,https://manystacks.s3.eu-west-3.amazonaws.com/Produits/Images/Microsoft_365_logo.webp,microsoft,MSDef0365-isvfrnce,monthly107,,Annuel,,,,
Microsoft Defender for Office 365 Add On,USCFQ7TTC0LH04000R,,https://manystacks.s3.eu-west-3.amazonaws.com/Produits/Images/Microsoft_365_logo.webp,microsoft,MSDef0365-isvfrnce,monthly105,,Mensuel,,,,
Microsoft Defender for Office 365 Add On,USCFQ7TTC0LH04000R,,https://manystacks.s3.eu-west-3.amazonaws.com/Produits/Images/Microsoft_365_logo.webp,microsoft,MSDef0365-isvfrnce,monthly106,,Mensuel,,,,
Microsoft Defender for Office 365 Add On,USCFQ7TTC0LH04000R,,https://manystacks.s3.eu-west-3.amazonaws.com/Produits/Images/Microsoft_365_logo.webp,microsoft,MSDef0365-isvfrnce,monthly104,,Annuel,,,,
Microsoft Defender for Office 365 Add On,USCFQ7TTC0LHXH000M,,https://manystacks.s3.eu-west-3.amazonaws.com/Produits/Images/Microsoft_365_logo.webp,microsoft,MSDef0365-isvfrnce,monthly111,,Mensuel,,,,
Microsoft Defender for Office 365 Add On,USCFQ7TTC0LHXH000M,,https://manystacks.s3.eu-west-3.amazonaws.com/Produits/Images/Microsoft_365_logo.webp,microsoft,MSDef0365-isvfrnce,monthly112,,Mensuel,,,,
Microsoft Defender for Office 365 Add On,USCFQ7TTC0LHXH000M,,https://manystacks.s3.eu-west-3.amazonaws.com/Produits/Images/Microsoft_365_logo.webp,microsoft,MSDef0365-isvfrnce,monthly110,,Annuel,,,,
Microsoft Defender for Office 365 Add On,Microsoft-Defender-for-IoT----n1,,https://manystacks.s3.eu-west-3.amazonaws.com/Produits/Images/Microsoft_365_logo.webp,microsoft,MSDef0365-isvfrnce,Microsoft-Defender-for-IoT----n2,,Mensuel,,,,
Microsoft Defender for Office 365 Add On,Microsoft-Defender-for-IoT----n1,,https://manystacks.s3.eu-west-3.amazonaws.com/Produits/Images/Microsoft_365_logo.webp,microsoft,MSDef0365-isvfrnce,Microsoft-Defender-for-IoT----n3,,Mensuel,,,,
Microsoft Defender for Office 365 Add On,Microsoft-Defender-for-IoT----n1,,https://manystacks.s3.eu-west-3.amazonaws.com/Produits/Images/Microsoft_365_logo.webp,microsoft,MSDef0365-isvfrnce,Microsoft-Defender-for-IoT----n4,,Annuel,,,,
Microsoft Defender for Office 365 Add On,Microsoft-Defender-for-IoT----n6,,https://manystacks.s3.eu-west-3.amazonaws.com/Produits/Images/Microsoft_365_logo.webp,microsoft,MSDef0365-isvfrnce,Microsoft-Defender-for-IoT----n7,,Mensuel,,,,
Microsoft Defender for Office 365 Add On,Microsoft-Defender-for-IoT----n6,,https://manystacks.s3.eu-west-3.amazonaws.com/Produits/Images/Microsoft_365_logo.webp,microsoft,MSDef0365-isvfrnce,Microsoft-Defender-for-IoT----n8,,Mensuel,,,,
Microsoft Defender for Office 365 Add On,Microsoft-Defender-for-IoT----n6,,https://manystacks.s3.eu-west-3.amazonaws.com/Produits/Images/Microsoft_365_logo.webp,microsoft,MSDef0365-isvfrnce,Microsoft-Defender-for-IoT----n9,,Annuel,,,,
Microsoft Teams,Common-Area-Phone,,https://manystacks.s3.eu-west-3.amazonaws.com/Produits/Images/Microsoft_365_logo.webp,microsoft,MicrosoftTeams-isvfr,Monthly-n4,,Mensuel,,,,
Microsoft Teams,Common-Area-Phone,,https://manystacks.s3.eu-west-3.amazonaws.com/Produits/Images/Microsoft_365_logo.webp,microsoft,MicrosoftTeams-isvfr,Annual-n4,,Annuel,,,,
Microsoft Teams,Microsoft-Teams-Rooms-Standard,,https://manystacks.s3.eu-west-3.amazonaws.com/Produits/Images/Microsoft_365_logo.webp,microsoft,MicrosoftTeams-isvfr,Monthly-n5,,Mensuel,,,,
Microsoft Teams,Microsoft-Teams-Rooms-Standard,,https://manystacks.s3.eu-west-3.amazonaws.com/Produits/Images/Microsoft_365_logo.webp,microsoft,MicrosoftTeams-isvfr,Annual-n5,,Annuel,,,,
Microsoft Teams,Microsoft-Teams-Rooms-Standar-n0,,https://manystacks.s3.eu-west-3.amazonaws.com/Produits/Images/Microsoft_365_logo.webp,microsoft,MicrosoftTeams-isvfr,Monthly-n6,,Mensuel,,,,
Microsoft Teams,Microsoft-Teams-Rooms-Standar-n0,,https://manystacks.s3.eu-west-3.amazonaws.com/Produits/Images/Microsoft_365_logo.webp,microsoft,MicrosoftTeams-isvfr,Annual-n6,,Annuel,,,,
Microsoft Teams,Teams-Rooms-Premium,,https://manystacks.s3.eu-west-3.amazonaws.com/Produits/Images/Microsoft_365_logo.webp,microsoft,MicrosoftTeams-isvfr,Monthly-n7,,Mensuel,,,,
Microsoft Teams,Teams-Rooms-Premium,,https://manystacks.s3.eu-west-3.amazonaws.com/Produits/Images/Microsoft_365_logo.webp,microsoft,MicrosoftTeams-isvfr,Annual-n7,,Annuel,,,,
Microsoft Teams,Teams-Rooms-Premium-without-A-n0,,https://manystacks.s3.eu-west-3.amazonaws.com/Produits/Images/Microsoft_365_logo.webp,microsoft,MicrosoftTeams-isvfr,Monthly-n8,,Mensuel,,,,
Microsoft Teams,Teams-Rooms-Premium-without-A-n0,,https://manystacks.s3.eu-west-3.amazonaws.com/Produits/Images/Microsoft_365_logo.webp,microsoft,MicrosoftTeams-isvfr,Annual-n8,,Annuel,,,,
Microsoft Teams,Teams-Rooms-Premium-without-A-n2,,https://manystacks.s3.eu-west-3.amazonaws.com/Produits/Images/Microsoft_365_logo.webp,microsoft,MicrosoftTeams-isvfr,Monthly-n22,,Mensuel,,,,
Microsoft Teams,Teams-Rooms-Premium-without-A-n2,,https://manystacks.s3.eu-west-3.amazonaws.com/Produits/Images/Microsoft_365_logo.webp,microsoft,MicrosoftTeams-isvfr,Annual-n22,,Annuel,,,,
Microsoft Teams,Teams-Rooms-Premium-for-facul-n1,,https://manystacks.s3.eu-west-3.amazonaws.com/Produits/Images/Microsoft_365_logo.webp,microsoft,MicrosoftTeams-isvfr,Monthly-n25,,Mensuel,,,,
Microsoft Teams,Teams-Rooms-Premium-for-facul-n1,,https://manystacks.s3.eu-west-3.amazonaws.com/Produits/Images/Microsoft_365_logo.webp,microsoft,MicrosoftTeams-isvfr,Annual-n25,,Annuel,,,,
Microsoft Teams,Teams-Rooms-Premium-for-faculty,,https://manystacks.s3.eu-west-3.amazonaws.com/Produits/Images/Microsoft_365_logo.webp,microsoft,MicrosoftTeams-isvfr,Monthly-n26,,Mensuel,,,,
Microsoft Teams,Teams-Rooms-Premium-for-faculty,,https://manystacks.s3.eu-west-3.amazonaws.com/Produits/Images/Microsoft_365_logo.webp,microsoft,MicrosoftTeams-isvfr,Annual-n26,,Annuel,,,,
Microsoft Teams,Microsoft-Teams-Rooms-Standar-n1,,https://manystacks.s3.eu-west-3.amazonaws.com/Produits/Images/Microsoft_365_logo.webp,microsoft,MicrosoftTeams-isvfr,Monthly-n30,,Mensuel,,,,
Microsoft Teams,Microsoft-Teams-Rooms-Standar-n1,,https://manystacks.s3.eu-west-3.amazonaws.com/Produits/Images/Microsoft_365_logo.webp,microsoft,MicrosoftTeams-isvfr,Annual-n30,,Annuel,,,,
Microsoft Teams,Microsoft-Teams-Rooms-Standar-n3,,https://manystacks.s3.eu-west-3.amazonaws.com/Produits/Images/Microsoft_365_logo.webp,microsoft,MicrosoftTeams-isvfr,Monthly-n33,,Mensuel,,,,
Microsoft Teams,Microsoft-Teams-Rooms-Standar-n3,,https://manystacks.s3.eu-west-3.amazonaws.com/Produits/Images/Microsoft_365_logo.webp,microsoft,MicrosoftTeams-isvfr,Annual-n33,,Annuel,,,,
Microsoft Teams,Microsoft-Teams-Rooms-Standar-n5,,https://manystacks.s3.eu-west-3.amazonaws.com/Produits/Images/Microsoft_365_logo.webp,microsoft,MicrosoftTeams-isvfr,Monthly-n35,,Mensuel,,,,
Microsoft Teams,Microsoft-Teams-Rooms-Standar-n5,,https://manystacks.s3.eu-west-3.amazonaws.com/Produits/Images/Microsoft_365_logo.webp,microsoft,MicrosoftTeams-isvfr,Annual-n35,,Annuel,,,,
Microsoft Teams,Common-Area-Phone-for-students,,https://manystacks.s3.eu-west-3.amazonaws.com/Produits/Images/Microsoft_365_logo.webp,microsoft,MicrosoftTeams-isvfr,Monthly-n36,,Mensuel,,,,
Microsoft Teams,Common-Area-Phone-for-students,,https://manystacks.s3.eu-west-3.amazonaws.com/Produits/Images/Microsoft_365_logo.webp,microsoft,MicrosoftTeams-isvfr,Annual-n36,,Annuel,,,,
Microsoft Teams,Common-Area-Phone-for-GCC,,https://manystacks.s3.eu-west-3.amazonaws.com/Produits/Images/Microsoft_365_logo.webp,microsoft,MicrosoftTeams-isvfr,Monthly-n37,,Mensuel,,,,
Microsoft Teams,Common-Area-Phone-for-GCC,,https://manystacks.s3.eu-west-3.amazonaws.com/Produits/Images/Microsoft_365_logo.webp,microsoft,MicrosoftTeams-isvfr,Annual-n37,,Annuel,,,,
Microsoft Teams,Common-Area-Phone-for-faculty,,https://manystacks.s3.eu-west-3.amazonaws.com/Produits/Images/Microsoft_365_logo.webp,microsoft,MicrosoftTeams-isvfr,Monthly-n38,,Mensuel,,,,
Microsoft Teams,Common-Area-Phone-for-faculty,,https://manystacks.s3.eu-west-3.amazonaws.com/Produits/Images/Microsoft_365_logo.webp,microsoft,MicrosoftTeams-isvfr,Annual-n38,,Annuel,,,,
Microsoft Teams,Teams-Rooms-Premium-USACAN,,https://manystacks.s3.eu-west-3.amazonaws.com/Produits/Images/Microsoft_365_logo.webp,microsoft,MicrosoftTeams-isvfr,Monthly-n39,,Mensuel,,,,
Microsoft Teams,Teams-Rooms-Premium-USACAN,,https://manystacks.s3.eu-west-3.amazonaws.com/Produits/Images/Microsoft_365_logo.webp,microsoft,MicrosoftTeams-isvfr,Annual-n39,,Annuel,,,,
Microsoft Teams,Microsoft-Teams-Rooms-Standar-n6,,https://manystacks.s3.eu-west-3.amazonaws.com/Produits/Images/Microsoft_365_logo.webp,microsoft,MicrosoftTeams-isvfr,Monthly-n40,,Mensuel,,,,
Microsoft Teams,Microsoft-Teams-Rooms-Standar-n6,,https://manystacks.s3.eu-west-3.amazonaws.com/Produits/Images/Microsoft_365_logo.webp,microsoft,MicrosoftTeams-isvfr,Annual-n40,,Annuel,,,,
Microsoft Teams,Teams-Rooms-Premium-without-A-n3,,https://manystacks.s3.eu-west-3.amazonaws.com/Produits/Images/Microsoft_365_logo.webp,microsoft,MicrosoftTeams-isvfr,Monthly-n41,,Mensuel,,,,
Microsoft Teams,Teams-Rooms-Premium-without-A-n3,,https://manystacks.s3.eu-west-3.amazonaws.com/Produits/Images/Microsoft_365_logo.webp,microsoft,MicrosoftTeams-isvfr,Annual-n41,,Annuel,,,,
Microsoft Teams,Microsoft-Viva-Insights-Capacity,,https://manystacks.s3.eu-west-3.amazonaws.com/Produits/Images/Microsoft_365_logo.webp,microsoft,MicrosoftTeams-isvfr,Monthly-n42,,Mensuel,,,,
Microsoft Teams,Microsoft-Viva-Insights-Capacity,,https://manystacks.s3.eu-west-3.amazonaws.com/Produits/Images/Microsoft_365_logo.webp,microsoft,MicrosoftTeams-isvfr,Annual-n42,,Annuel,,,,
Microsoft Teams,Microsoft-Viva-Insights-Capac-n0,,https://manystacks.s3.eu-west-3.amazonaws.com/Produits/Images/Microsoft_365_logo.webp,microsoft,MicrosoftTeams-isvfr,Monthly-n43,,Mensuel,,,,
Microsoft Teams,Microsoft-Viva-Insights-Capac-n0,,https://manystacks.s3.eu-west-3.amazonaws.com/Produits/Images/Microsoft_365_logo.webp,microsoft,MicrosoftTeams-isvfr,Annual-n43,,Annuel,,,,
Microsoft Teams,Teams-Rooms-Standard-wo-Audio-n1,,https://manystacks.s3.eu-west-3.amazonaws.com/Produits/Images/Microsoft_365_logo.webp,microsoft,MicrosoftTeams-isvfr,Monthly-n44,,Mensuel,,,,
Microsoft Teams,Teams-Rooms-Standard-wo-Audio-n1,,https://manystacks.s3.eu-west-3.amazonaws.com/Produits/Images/Microsoft_365_logo.webp,microsoft,MicrosoftTeams-isvfr,Annual-n44,,Annuel,,,,
Microsoft Teams,Microsoft-Teams-Essentials-AAD-I,,https://manystacks.s3.eu-west-3.amazonaws.com/Produits/Images/Microsoft_365_logo.webp,microsoft,MicrosoftTeams-isvfr,Monthly-n45,,Mensuel,,,,
Microsoft Teams,Microsoft-Teams-Essentials-AAD-I,,https://manystacks.s3.eu-west-3.amazonaws.com/Produits/Images/Microsoft_365_logo.webp,microsoft,MicrosoftTeams-isvfr,Annual-n45,,Annuel,,,,
Microsoft Teams,Teams-Rooms-Premium-without-A-n4,,https://manystacks.s3.eu-west-3.amazonaws.com/Produits/Images/Microsoft_365_logo.webp,microsoft,MicrosoftTeams-isvfr,Monthly-n46,,Mensuel,,,,
Microsoft Teams,Teams-Rooms-Premium-without-A-n4,,https://manystacks.s3.eu-west-3.amazonaws.com/Produits/Images/Microsoft_365_logo.webp,microsoft,MicrosoftTeams-isvfr,Annual-n46,,Annuel,,,,
Microsoft Teams,Microsoft-Teams-Phone-Standard,,https://manystacks.s3.eu-west-3.amazonaws.com/Produits/Images/Microsoft_365_logo.webp,microsoft,MicrosoftTeams-isvfr,Monthly-n47,,Mensuel,,,,
Microsoft Teams,Microsoft-Teams-Phone-Standard,,https://manystacks.s3.eu-west-3.amazonaws.com/Produits/Images/Microsoft_365_logo.webp,microsoft,MicrosoftTeams-isvfr,Annual-n47,,Annuel,,,,
Microsoft Teams,Microsoft-Teams-Phone-Standard--,,https://manystacks.s3.eu-west-3.amazonaws.com/Produits/Images/Microsoft_365_logo.webp,microsoft,MicrosoftTeams-isvfr,Monthly-n48,,Mensuel,,,,
Microsoft Teams,Microsoft-Teams-Phone-Standard--,,https://manystacks.s3.eu-west-3.amazonaws.com/Produits/Images/Microsoft_365_logo.webp,microsoft,MicrosoftTeams-isvfr,Annual-n48,,Annuel,,,,
Microsoft Teams,Microsoft-Teams-Phone-Standar-n0,,https://manystacks.s3.eu-west-3.amazonaws.com/Produits/Images/Microsoft_365_logo.webp,microsoft,MicrosoftTeams-isvfr,Monthly-n49,,Mensuel,,,,
Microsoft Teams,Microsoft-Teams-Phone-Standar-n0,,https://manystacks.s3.eu-west-3.amazonaws.com/Produits/Images/Microsoft_365_logo.webp,microsoft,MicrosoftTeams-isvfr,Annual-n49,,Annuel,,,,
Microsoft Teams,Microsoft-Teams-Phone-Standar-n1,,https://manystacks.s3.eu-west-3.amazonaws.com/Produits/Images/Microsoft_365_logo.webp,microsoft,MicrosoftTeams-isvfr,Monthly-n50,,Mensuel,,,,
Microsoft Teams,Microsoft-Teams-Phone-Standar-n1,,https://manystacks.s3.eu-west-3.amazonaws.com/Produits/Images/Microsoft_365_logo.webp,microsoft,MicrosoftTeams-isvfr,Annual-n50,,Annuel,,,,
Microsoft Teams,Teams-Phone-Standard---Virtual-U,,https://manystacks.s3.eu-west-3.amazonaws.com/Produits/Images/Microsoft_365_logo.webp,microsoft,MicrosoftTeams-isvfr,Monthly-n51,,Mensuel,,,,
Microsoft Teams,Teams-Phone-Standard---Virtual-U,,https://manystacks.s3.eu-west-3.amazonaws.com/Produits/Images/Microsoft_365_logo.webp,microsoft,MicrosoftTeams-isvfr,Annual-n51,,Annuel,,,,
Microsoft Teams,Teams-Phone-Standard-Nonprofit-S,,https://manystacks.s3.eu-west-3.amazonaws.com/Produits/Images/Microsoft_365_logo.webp,microsoft,MicrosoftTeams-isvfr,Monthly-n52,,Mensuel,,,,
Microsoft Teams,Teams-Phone-Standard-Nonprofit-S,,https://manystacks.s3.eu-west-3.amazonaws.com/Produits/Images/Microsoft_365_logo.webp,microsoft,MicrosoftTeams-isvfr,Annual-n52,,Annuel,,,,
Microsoft Teams,Microsoft-Teams-Phone-Standard-f,,https://manystacks.s3.eu-west-3.amazonaws.com/Produits/Images/Microsoft_365_logo.webp,microsoft,MicrosoftTeams-isvfr,Monthly-n53,,Mensuel,,,,
Microsoft Teams,Microsoft-Teams-Phone-Standard-f,,https://manystacks.s3.eu-west-3.amazonaws.com/Produits/Images/Microsoft_365_logo.webp,microsoft,MicrosoftTeams-isvfr,Annual-n53,,Annuel,,,,
Microsoft Teams,Microsoft-Teams-Phone-Standar-n2,,https://manystacks.s3.eu-west-3.amazonaws.com/Produits/Images/Microsoft_365_logo.webp,microsoft,MicrosoftTeams-isvfr,Monthly-n54,,Mensuel,,,,
Microsoft Teams,Microsoft-Teams-Phone-Standar-n2,,https://manystacks.s3.eu-west-3.amazonaws.com/Produits/Images/Microsoft_365_logo.webp,microsoft,MicrosoftTeams-isvfr,Annual-n54,,Annuel,,,,
Microsoft Teams,Microsoft-Teams-Phone-Standar-n3,,https://manystacks.s3.eu-west-3.amazonaws.com/Produits/Images/Microsoft_365_logo.webp,microsoft,MicrosoftTeams-isvfr,Monthly-n55,,Mensuel,,,,
Microsoft Teams,Microsoft-Teams-Phone-Standar-n3,,https://manystacks.s3.eu-west-3.amazonaws.com/Produits/Images/Microsoft_365_logo.webp,microsoft,MicrosoftTeams-isvfr,Annual-n55,,Annuel,,,,
Microsoft Teams,Common-Area-Phone-Nonprofit-Staf,,https://manystacks.s3.eu-west-3.amazonaws.com/Produits/Images/Microsoft_365_logo.webp,microsoft,MicrosoftTeams-isvfr,Monthly-n56,,Mensuel,,,,
Microsoft Teams,Common-Area-Phone-Nonprofit-Staf,,https://manystacks.s3.eu-west-3.amazonaws.com/Produits/Images/Microsoft_365_logo.webp,microsoft,MicrosoftTeams-isvfr,Annual-n56,,Annuel,,,,
Microsoft Teams,Microsoft-Teams-Rooms-Pro-Nonpro,,https://manystacks.s3.eu-west-3.amazonaws.com/Produits/Images/Microsoft_365_logo.webp,microsoft,MicrosoftTeams-isvfr,Monthly-n57,,Mensuel,,,,
Microsoft Teams,Microsoft-Teams-Rooms-Pro-Nonpro,,https://manystacks.s3.eu-west-3.amazonaws.com/Produits/Images/Microsoft_365_logo.webp,microsoft,MicrosoftTeams-isvfr,Annual-n57,,Annuel,,,,
Microsoft Teams,Microsoft-Teams-Rooms-Pro-for-fa,,https://manystacks.s3.eu-west-3.amazonaws.com/Produits/Images/Microsoft_365_logo.webp,microsoft,MicrosoftTeams-isvfr,Monthly-n58,,Mensuel,,,,
Microsoft Teams,Microsoft-Teams-Rooms-Pro-for-fa,,https://manystacks.s3.eu-west-3.amazonaws.com/Produits/Images/Microsoft_365_logo.webp,microsoft,MicrosoftTeams-isvfr,Annual-n58,,Annuel,,,,
Microsoft Teams,Microsoft-Teams-Rooms-Pro-for-GC,,https://manystacks.s3.eu-west-3.amazonaws.com/Produits/Images/Microsoft_365_logo.webp,microsoft,MicrosoftTeams-isvfr,Monthly-n59,,Mensuel,,,,
Microsoft Teams,Microsoft-Teams-Rooms-Pro-for-GC,,https://manystacks.s3.eu-west-3.amazonaws.com/Produits/Images/Microsoft_365_logo.webp,microsoft,MicrosoftTeams-isvfr,Annual-n59,,Annuel,,,,
Microsoft Teams,Microsoft-Teams-Rooms-Pro-withou,,https://manystacks.s3.eu-west-3.amazonaws.com/Produits/Images/Microsoft_365_logo.webp,microsoft,MicrosoftTeams-isvfr,Monthly-n60,,Mensuel,,,,
Microsoft Teams,Microsoft-Teams-Rooms-Pro-withou,,https://manystacks.s3.eu-west-3.amazonaws.com/Produits/Images/Microsoft_365_logo.webp,microsoft,MicrosoftTeams-isvfr,Annual-n60,,Annuel,,,,
Microsoft Teams,Teams-Rooms-Pro-without-Audio-n0,,https://manystacks.s3.eu-west-3.amazonaws.com/Produits/Images/Microsoft_365_logo.webp,microsoft,MicrosoftTeams-isvfr,Monthly-n61,,Mensuel,,,,
Microsoft Teams,Teams-Rooms-Pro-without-Audio-n0,,https://manystacks.s3.eu-west-3.amazonaws.com/Produits/Images/Microsoft_365_logo.webp,microsoft,MicrosoftTeams-isvfr,Annual-n61,,Annuel,,,,
Microsoft Teams,Microsoft-Teams-Rooms-Pro-Non-n0,,https://manystacks.s3.eu-west-3.amazonaws.com/Produits/Images/Microsoft_365_logo.webp,microsoft,MicrosoftTeams-isvfr,Trial-n0,,Mensuel,,,,
Microsoft Teams,Microsoft-Teams-Rooms-Pro-for-n0,,https://manystacks.s3.eu-west-3.amazonaws.com/Produits/Images/Microsoft_365_logo.webp,microsoft,MicrosoftTeams-isvfr,Trial-n1,,Mensuel,,,,
Microsoft Teams,Microsoft-Teams-Rooms-Pro-for-n1,,https://manystacks.s3.eu-west-3.amazonaws.com/Produits/Images/Microsoft_365_logo.webp,microsoft,MicrosoftTeams-isvfr,Monthly-n62,,Mensuel,,,,
Microsoft Teams,Microsoft-Teams-Rooms-Pro-for-n1,,https://manystacks.s3.eu-west-3.amazonaws.com/Produits/Images/Microsoft_365_logo.webp,microsoft,MicrosoftTeams-isvfr,Annual-n62,,Annuel,,,,
Microsoft Teams,Microsoft-Teams-Rooms-Pro-wit-n0,,https://manystacks.s3.eu-west-3.amazonaws.com/Produits/Images/Microsoft_365_logo.webp,microsoft,MicrosoftTeams-isvfr,Trial-n2,,Mensuel,,,,
Microsoft Teams,Teams-Rooms-Pro-without-Audio-Co,,https://manystacks.s3.eu-west-3.amazonaws.com/Produits/Images/Microsoft_365_logo.webp,microsoft,MicrosoftTeams-isvfr,Trial-n3,,Mensuel,,,,
Microsoft Teams,Teams-Phone-with-Calling-Plan-n0,,https://manystacks.s3.eu-west-3.amazonaws.com/Produits/Images/Microsoft_365_logo.webp,microsoft,MicrosoftTeams-isvfr,Trial-n4,,Mensuel,,,,
Microsoft Teams,Teams-Phone-with-Calling-Plan-n1,,https://manystacks.s3.eu-west-3.amazonaws.com/Produits/Images/Microsoft_365_logo.webp,microsoft,MicrosoftTeams-isvfr,Monthly-n64,,Mensuel,,,,
Microsoft Teams,Teams-Phone-with-Calling-Plan-n1,,https://manystacks.s3.eu-west-3.amazonaws.com/Produits/Images/Microsoft_365_logo.webp,microsoft,MicrosoftTeams-isvfr,Annual-n64,,Annuel,,,,
Microsoft Teams,Teams-Phone-with-Calling-Plan-zo,,https://manystacks.s3.eu-west-3.amazonaws.com/Produits/Images/Microsoft_365_logo.webp,microsoft,MicrosoftTeams-isvfr,Trial-n5,,Mensuel,,,,
Microsoft Teams,Microsoft-Teams-Premium-for-GCC-,,https://manystacks.s3.eu-west-3.amazonaws.com/Produits/Images/Microsoft_365_logo.webp,microsoft,MicrosoftTeams-isvfr,Monthly-n66,,Mensuel,,,,
Microsoft Teams,Microsoft-Teams-Premium-for-GCC-,,https://manystacks.s3.eu-west-3.amazonaws.com/Produits/Images/Microsoft_365_logo.webp,microsoft,MicrosoftTeams-isvfr,Annual-n66,,Annuel,,,,
Microsoft Teams,Microsoft-Teams-Premium-Introduc,,https://manystacks.s3.eu-west-3.amazonaws.com/Produits/Images/Microsoft_365_logo.webp,microsoft,MicrosoftTeams-isvfr,Monthly-n67,,Mensuel,,,,
Microsoft Teams,Microsoft-Teams-Premium-Introduc,,https://manystacks.s3.eu-west-3.amazonaws.com/Produits/Images/Microsoft_365_logo.webp,microsoft,MicrosoftTeams-isvfr,Annual-n67,,Annuel,,,,
Microsoft Teams,Skype-for-Business-Online-Plan,,https://manystacks.s3.eu-west-3.amazonaws.com/Produits/Images/Microsoft_365_logo.webp,microsoft,MicrosoftTeams-isvfr,Monthly-n69,,Mensuel,,,,
Microsoft Teams,Skype-for-Business-Online-Plan,,https://manystacks.s3.eu-west-3.amazonaws.com/Produits/Images/Microsoft_365_logo.webp,microsoft,MicrosoftTeams-isvfr,Annual-n69,,Annuel,,,,
Microsoft Teams,Skype-for-Business-Online-Pla-n0,,https://manystacks.s3.eu-west-3.amazonaws.com/Produits/Images/Microsoft_365_logo.webp,microsoft,MicrosoftTeams-isvfr,Monthly-n72,,Mensuel,,,,
Microsoft Teams,Skype-for-Business-Online-Pla-n0,,https://manystacks.s3.eu-west-3.amazonaws.com/Produits/Images/Microsoft_365_logo.webp,microsoft,MicrosoftTeams-isvfr,Annual-n72,,Annuel,,,,
Microsoft 365 NCE,USCFQ7TTC0LH1F000P,,https://manystacks.s3.eu-west-3.amazonaws.com/Produits/Images/Microsoft_365_logo.webp,microsoft,Microsoft365EandFNCE-isvfrnce,Monthly-n84,,Mensuel,,,,
Microsoft 365 NCE,USCFQ7TTC0LH1F000P,,https://manystacks.s3.eu-west-3.amazonaws.com/Produits/Images/Microsoft_365_logo.webp,microsoft,Microsoft365EandFNCE-isvfrnce,Annual-n87,,Annuel,,,,
Microsoft 365 NCE,USCFQ7TTC0LH1F000P,,https://manystacks.s3.eu-west-3.amazonaws.com/Produits/Images/Microsoft_365_logo.webp,microsoft,Microsoft365EandFNCE-isvfrnce,Monthly---Annual-Commit-n73,,Mensuel,,,,
Microsoft 365 NCE,USCFQ7TTC0LH1G0001,,https://manystacks.s3.eu-west-3.amazonaws.com/Produits/Images/Microsoft_365_logo.webp,microsoft,Microsoft365EandFNCE-isvfrnce,Monthly-n10,,Mensuel,,,,
Microsoft 365 NCE,USCFQ7TTC0LH1G0001,,https://manystacks.s3.eu-west-3.amazonaws.com/Produits/Images/Microsoft_365_logo.webp,microsoft,Microsoft365EandFNCE-isvfrnce,Annual-n42,,Annuel,,,,
Microsoft 365 NCE,USCFQ7TTC0LH1G0001,,https://manystacks.s3.eu-west-3.amazonaws.com/Produits/Images/Microsoft_365_logo.webp,microsoft,Microsoft365EandFNCE-isvfrnce,Monthly---Annual-Commit,,Mensuel,,,,
Microsoft 365 NCE,USCFQ7TTC0LH180001,,https://manystacks.s3.eu-west-3.amazonaws.com/Produits/Images/Microsoft_365_logo.webp,microsoft,Microsoft365EandFNCE-isvfrnce,Annual-n44,,Annuel,,,,
Microsoft 365 NCE,USCFQ7TTC0LH180001,,https://manystacks.s3.eu-west-3.amazonaws.com/Produits/Images/Microsoft_365_logo.webp,microsoft,Microsoft365EandFNCE-isvfrnce,Monthly---Annual-Commit-n0,,Mensuel,,,,
Microsoft 365 NCE,USCFQ7TTC0LH180001,,https://manystacks.s3.eu-west-3.amazonaws.com/Produits/Images/Microsoft_365_logo.webp,microsoft,Microsoft365EandFNCE-isvfrnce,Microsoft-365-Business-Basic,,Mensuel,,,,
Microsoft 365 NCE,USCFQ7TTC0LDPB0001,,https://manystacks.s3.eu-west-3.amazonaws.com/Produits/Images/Microsoft_365_logo.webp,microsoft,Microsoft365EandFNCE-isvfrnce,Monthly-n18,,Mensuel,,,,
Microsoft 365 NCE,USCFQ7TTC0LDPB0001,,https://manystacks.s3.eu-west-3.amazonaws.com/Produits/Images/Microsoft_365_logo.webp,microsoft,Microsoft365EandFNCE-isvfrnce,Annual-n104,,Annuel,,,,
Microsoft 365 NCE,USCFQ7TTC0LDPB0001,,https://manystacks.s3.eu-west-3.amazonaws.com/Produits/Images/Microsoft_365_logo.webp,microsoft,Microsoft365EandFNCE-isvfrnce,Monthly---Annual-Commit-n1,,Mensuel,,,,
Microsoft 365 NCE,USCFQ7TTC0LFLX0003,,https://manystacks.s3.eu-west-3.amazonaws.com/Produits/Images/Microsoft_365_logo.webp,microsoft,Microsoft365EandFNCE-isvfrnce,Monthly-n20,,Mensuel,,,,
Microsoft 365 NCE,USCFQ7TTC0LFLX0003,,https://manystacks.s3.eu-west-3.amazonaws.com/Produits/Images/Microsoft_365_logo.webp,microsoft,Microsoft365EandFNCE-isvfrnce,Annual-n105,,Annuel,,,,
Microsoft 365 NCE,USCFQ7TTC0LFLX0003,,https://manystacks.s3.eu-west-3.amazonaws.com/Produits/Images/Microsoft_365_logo.webp,microsoft,Microsoft365EandFNCE-isvfrnce,Monthly---Annual-Commit-n2,,Mensuel,,,,
Microsoft 365 NCE,USCFQ7TTC0LGZT0001,,https://manystacks.s3.eu-west-3.amazonaws.com/Produits/Images/Microsoft_365_logo.webp,microsoft,Microsoft365EandFNCE-isvfrnce,Monthly-n21,,Mensuel,,,,
Microsoft 365 NCE,USCFQ7TTC0LGZT0001,,https://manystacks.s3.eu-west-3.amazonaws.com/Produits/Images/Microsoft_365_logo.webp,microsoft,Microsoft365EandFNCE-isvfrnce,Annual-n106,,Annuel,,,,
Microsoft 365 NCE,USCFQ7TTC0LGZT0001,,https://manystacks.s3.eu-west-3.amazonaws.com/Produits/Images/Microsoft_365_logo.webp,microsoft,Microsoft365EandFNCE-isvfrnce,Monthly---Annual-Commit-n3,,Mensuel,,,,
Microsoft 365 NCE,USCFQ7TTC0LFLX0001,,https://manystacks.s3.eu-west-3.amazonaws.com/Produits/Images/Microsoft_365_logo.webp,microsoft,Microsoft365EandFNCE-isvfrnce,Monthly-n22,,Mensuel,,,,
Microsoft 365 NCE,USCFQ7TTC0LFLX0001,,https://manystacks.s3.eu-west-3.amazonaws.com/Produits/Images/Microsoft_365_logo.webp,microsoft,Microsoft365EandFNCE-isvfrnce,Annual-n107,,Annuel,,,,
Microsoft 365 NCE,USCFQ7TTC0LFLX0001,,https://manystacks.s3.eu-west-3.amazonaws.com/Produits/Images/Microsoft_365_logo.webp,microsoft,Microsoft365EandFNCE-isvfrnce,Monthly---Annual-Commit-n4,,Mensuel,,,,
Microsoft 365 NCE,USCFQ7TTC0LFLZ0002,,https://manystacks.s3.eu-west-3.amazonaws.com/Produits/Images/Microsoft_365_logo.webp,microsoft,Microsoft365EandFNCE-isvfrnce,Monthly-n23,,Mensuel,,,,
Microsoft 365 NCE,USCFQ7TTC0LFLZ0002,,https://manystacks.s3.eu-west-3.amazonaws.com/Produits/Images/Microsoft_365_logo.webp,microsoft,Microsoft365EandFNCE-isvfrnce,Annual-n108,,Annuel,,,,
Microsoft 365 NCE,USCFQ7TTC0LFLZ0002,,https://manystacks.s3.eu-west-3.amazonaws.com/Produits/Images/Microsoft_365_logo.webp,microsoft,Microsoft365EandFNCE-isvfrnce,Monthly---Annual-Commit-n5,,Mensuel,,,,
Microsoft 365 NCE,USCFQ7TTC0HD6T0001,,https://manystacks.s3.eu-west-3.amazonaws.com/Produits/Images/Microsoft_365_logo.webp,microsoft,Microsoft365EandFNCE-isvfrnce,Annual-n110,,Annuel,,,,
Microsoft 365 NCE,USCFQ7TTC0HD6T0001,,https://manystacks.s3.eu-west-3.amazonaws.com/Produits/Images/Microsoft_365_logo.webp,microsoft,Microsoft365EandFNCE-isvfrnce,Monthly---Annual-Commit-n6,,Mensuel,,,,
Microsoft 365 NCE,USCFQ7TTC0HD6T0001,,https://manystacks.s3.eu-west-3.amazonaws.com/Produits/Images/Microsoft_365_logo.webp,microsoft,Microsoft365EandFNCE-isvfrnce,Annual-Plan-n6,,Mensuel,,,,
Microsoft 365 NCE,USCFQ7TTC0HD6S0001,,https://manystacks.s3.eu-west-3.amazonaws.com/Produits/Images/Microsoft_365_logo.webp,microsoft,Microsoft365EandFNCE-isvfrnce,Annual-n111,,Annuel,,,,
Microsoft 365 NCE,USCFQ7TTC0HD6S0001,,https://manystacks.s3.eu-west-3.amazonaws.com/Produits/Images/Microsoft_365_logo.webp,microsoft,Microsoft365EandFNCE-isvfrnce,Monthly---Annual-Commit-n7,,Mensuel,,,,
Microsoft 365 NCE,USCFQ7TTC0HD6S0001,,https://manystacks.s3.eu-west-3.amazonaws.com/Produits/Images/Microsoft_365_logo.webp,microsoft,Microsoft365EandFNCE-isvfrnce,Monthly-Plan-n6,,Mensuel,,,,
Microsoft 365 NCE,USCFQ7TTC0LH050001,,https://manystacks.s3.eu-west-3.amazonaws.com/Produits/Images/Microsoft_365_logo.webp,microsoft,Microsoft365EandFNCE-isvfrnce,Monthly-n102,,Mensuel,,,,
Microsoft 365 NCE,USCFQ7TTC0LH050001,,https://manystacks.s3.eu-west-3.amazonaws.com/Produits/Images/Microsoft_365_logo.webp,microsoft,Microsoft365EandFNCE-isvfrnce,Annual-n116,,Annuel,,,,
Microsoft 365 NCE,USCFQ7TTC0LH050001,,https://manystacks.s3.eu-west-3.amazonaws.com/Produits/Images/Microsoft_365_logo.webp,microsoft,Microsoft365EandFNCE-isvfrnce,Monthly---Annual-Commit-n8,,Mensuel,,,,
Microsoft 365 NCE,Microsoft-Teams-Rooms-Standard,,https://manystacks.s3.eu-west-3.amazonaws.com/Produits/Images/Microsoft_365_logo.webp,microsoft,Microsoft365EandFNCE-isvfrnce,Annual-n120,,Annuel,,,,
Microsoft 365 NCE,Microsoft-Teams-Rooms-Standard,,https://manystacks.s3.eu-west-3.amazonaws.com/Produits/Images/Microsoft_365_logo.webp,microsoft,Microsoft365EandFNCE-isvfrnce,Monthly---Annual-Commit-n12,,Mensuel,,,,
Microsoft 365 NCE,Microsoft-Teams-Rooms-Standard,,https://manystacks.s3.eu-west-3.amazonaws.com/Produits/Images/Microsoft_365_logo.webp,microsoft,Microsoft365EandFNCE-isvfrnce,Monthly-Plan-n9,,Mensuel,,,,
Microsoft 365 NCE,USCFQ7TTC0LCHC0002,,https://manystacks.s3.eu-west-3.amazonaws.com/Produits/Images/Microsoft_365_logo.webp,microsoft,Microsoft365EandFNCE-isvfrnce,Monthly-n125,,Mensuel,,,,
Microsoft 365 NCE,USCFQ7TTC0LCHC0002,,https://manystacks.s3.eu-west-3.amazonaws.com/Produits/Images/Microsoft_365_logo.webp,microsoft,Microsoft365EandFNCE-isvfrnce,Annual-n155,,Annuel,,,,
Microsoft 365 NCE,USCFQ7TTC0LCHC0002,,https://manystacks.s3.eu-west-3.amazonaws.com/Produits/Images/Microsoft_365_logo.webp,microsoft,Microsoft365EandFNCE-isvfrnce,Monthly---Annual-Commit-n15,,Mensuel,,,,
Microsoft 365 NCE,USCFQ7TTC0MBMD0002,,https://manystacks.s3.eu-west-3.amazonaws.com/Produits/Images/Microsoft_365_logo.webp,microsoft,Microsoft365EandFNCE-isvfrnce,Monthly-n127,,Mensuel,,,,
Microsoft 365 NCE,USCFQ7TTC0MBMD0002,,https://manystacks.s3.eu-west-3.amazonaws.com/Produits/Images/Microsoft_365_logo.webp,microsoft,Microsoft365EandFNCE-isvfrnce,Annual-n157,,Annuel,,,,
Microsoft 365 NCE,USCFQ7TTC0MBMD0002,,https://manystacks.s3.eu-west-3.amazonaws.com/Produits/Images/Microsoft_365_logo.webp,microsoft,Microsoft365EandFNCE-isvfrnce,Monthly---Annual-Commit-n16,,Mensuel,,,,
Microsoft 365 NCE,USCFQ7TTC0HD6V0001,,https://manystacks.s3.eu-west-3.amazonaws.com/Produits/Images/Microsoft_365_logo.webp,microsoft,Microsoft365EandFNCE-isvfrnce,Monthly-n128,,Mensuel,,,,
Microsoft 365 NCE,USCFQ7TTC0HD6V0001,,https://manystacks.s3.eu-west-3.amazonaws.com/Produits/Images/Microsoft_365_logo.webp,microsoft,Microsoft365EandFNCE-isvfrnce,Annual-n158,,Annuel,,,,
Microsoft 365 NCE,USCFQ7TTC0HD6V0001,,https://manystacks.s3.eu-west-3.amazonaws.com/Produits/Images/Microsoft_365_logo.webp,microsoft,Microsoft365EandFNCE-isvfrnce,Monthly---Annual-Commit-n17,,Mensuel,,,,
Microsoft 365 NCE,USCFQ7TTC0LCH40004,,https://manystacks.s3.eu-west-3.amazonaws.com/Produits/Images/Microsoft_365_logo.webp,microsoft,Microsoft365EandFNCE-isvfrnce,Monthly-n4,,Mensuel,,,,
Microsoft 365 NCE,USCFQ7TTC0LCH40004,,https://manystacks.s3.eu-west-3.amazonaws.com/Produits/Images/Microsoft_365_logo.webp,microsoft,Microsoft365EandFNCE-isvfrnce,Annual-n3,,Annuel,,,,
Microsoft 365 NCE,USCFQ7TTC0LCH40009,,https://manystacks.s3.eu-west-3.amazonaws.com/Produits/Images/Microsoft_365_logo.webp,microsoft,Microsoft365EandFNCE-isvfrnce,Monthly-n5,,Mensuel,,,,
Microsoft 365 NCE,USCFQ7TTC0LCH40009,,https://manystacks.s3.eu-west-3.amazonaws.com/Produits/Images/Microsoft_365_logo.webp,microsoft,Microsoft365EandFNCE-isvfrnce,Annual-n1,,Annuel,,,,
Microsoft 365 NCE,USCFQ7TTC0LCH40009,,https://manystacks.s3.eu-west-3.amazonaws.com/Produits/Images/Microsoft_365_logo.webp,microsoft,Microsoft365EandFNCE-isvfrnce,Annual-Plan-Monthly-Payment-n0,,Mensuel,,,,
Microsoft 365 NCE,USCFQ7TTC0MBMD0003,,https://manystacks.s3.eu-west-3.amazonaws.com/Produits/Images/Microsoft_365_logo.webp,microsoft,Microsoft365EandFNCE-isvfrnce,Trial-n0,,Mensuel,,,,
Microsoft 365 NCE,USCFQ7TTC0LCHC0003,,https://manystacks.s3.eu-west-3.amazonaws.com/Produits/Images/Microsoft_365_logo.webp,microsoft,Microsoft365EandFNCE-isvfrnce,Trial-n1,,Mensuel,,,,
Microsoft 365 NCE,USCFQ7TTC0Q1710004,,https://manystacks.s3.eu-west-3.amazonaws.com/Produits/Images/Microsoft_365_logo.webp,microsoft,Microsoft365EandFNCE-isvfrnce,Monthly-n32,,Mensuel,,,,
Microsoft 365 NCE,USCFQ7TTC0Q1710004,,https://manystacks.s3.eu-west-3.amazonaws.com/Produits/Images/Microsoft_365_logo.webp,microsoft,Microsoft365EandFNCE-isvfrnce,Annual-n23,,Annuel,,,,
Microsoft 365 NCE,USCFQ7TTC0Q1710004,,https://manystacks.s3.eu-west-3.amazonaws.com/Produits/Images/Microsoft_365_logo.webp,microsoft,Microsoft365EandFNCE-isvfrnce,Monthly---Annual-Commit-n29,,Mensuel,,,,
Microsoft 365 NCE,Microsoft-Cloud-for-Nonprofit---,,https://manystacks.s3.eu-west-3.amazonaws.com/Produits/Images/Microsoft_365_logo.webp,microsoft,Microsoft365EandFNCE-isvfrnce,Annual-n31,,Annuel,,,,
Microsoft 365 NCE,Microsoft-Cloud-for-Nonprofit---,,https://manystacks.s3.eu-west-3.amazonaws.com/Produits/Images/Microsoft_365_logo.webp,microsoft,Microsoft365EandFNCE-isvfrnce,Monthly---Annual-Commit-n26,,Mensuel,,,,
Microsoft 365 NCE,Microsoft-Cloud-for-Nonprofit-n0,,https://manystacks.s3.eu-west-3.amazonaws.com/Produits/Images/Microsoft_365_logo.webp,microsoft,Microsoft365EandFNCE-isvfrnce,Annual-n32,,Annuel,,,,
Microsoft 365 NCE,Microsoft-Cloud-for-Nonprofit-n0,,https://manystacks.s3.eu-west-3.amazonaws.com/Produits/Images/Microsoft_365_logo.webp,microsoft,Microsoft365EandFNCE-isvfrnce,Monthly---Annual-Commit-n27,,Mensuel,,,,
Microsoft 365 NCE,USCFQ7TTC0Q17R0001,,https://manystacks.s3.eu-west-3.amazonaws.com/Produits/Images/Microsoft_365_logo.webp,microsoft,Microsoft365EandFNCE-isvfrnce,Monthly-n41,,Mensuel,,,,
Microsoft 365 NCE,USCFQ7TTC0Q17R0001,,https://manystacks.s3.eu-west-3.amazonaws.com/Produits/Images/Microsoft_365_logo.webp,microsoft,Microsoft365EandFNCE-isvfrnce,Annual-n36,,Annuel,,,,
Microsoft 365 NCE,USCFQ7TTC0Q17R0001,,https://manystacks.s3.eu-west-3.amazonaws.com/Produits/Images/Microsoft_365_logo.webp,microsoft,Microsoft365EandFNCE-isvfrnce,Monthly---Annual-Commit-n30,,Mensuel,,,,
Microsoft 365 NCE,USCFQ7TTC0RP760002,,https://manystacks.s3.eu-west-3.amazonaws.com/Produits/Images/Microsoft_365_logo.webp,microsoft,Microsoft365EandFNCE-isvfrnce,Monthly-n54,,Mensuel,,,,
Microsoft 365 NCE,USCFQ7TTC0RP760002,,https://manystacks.s3.eu-west-3.amazonaws.com/Produits/Images/Microsoft_365_logo.webp,microsoft,Microsoft365EandFNCE-isvfrnce,Annual-n53,,Annuel,,,,
Microsoft 365 NCE,USCFQ7TTC0RP760002,,https://manystacks.s3.eu-west-3.amazonaws.com/Produits/Images/Microsoft_365_logo.webp,microsoft,Microsoft365EandFNCE-isvfrnce,Monthly---Annual-Commit-n43,,Mensuel,,,,
Microsoft 365 NCE,USCFQ7TTC0RZFJ0001,,https://manystacks.s3.eu-west-3.amazonaws.com/Produits/Images/Microsoft_365_logo.webp,microsoft,Microsoft365EandFNCE-isvfrnce,Monthly-n55,,Mensuel,,,,
Microsoft 365 NCE,USCFQ7TTC0RZFJ0001,,https://manystacks.s3.eu-west-3.amazonaws.com/Produits/Images/Microsoft_365_logo.webp,microsoft,Microsoft365EandFNCE-isvfrnce,Annual-n54,,Annuel,,,,
Microsoft 365 NCE,USCFQ7TTC0RZFJ0001,,https://manystacks.s3.eu-west-3.amazonaws.com/Produits/Images/Microsoft_365_logo.webp,microsoft,Microsoft365EandFNCE-isvfrnce,Monthly---Annual-Commit-n44,,Mensuel,,,,
Microsoft 365 NCE,USCFQ7TTC0LFLZ0003,,https://manystacks.s3.eu-west-3.amazonaws.com/Produits/Images/Microsoft_365_logo.webp,microsoft,Microsoft365EandFNCE-isvfrnce,Monthly-n56,,Mensuel,,,,
Microsoft 365 NCE,USCFQ7TTC0LFLZ0003,,https://manystacks.s3.eu-west-3.amazonaws.com/Produits/Images/Microsoft_365_logo.webp,microsoft,Microsoft365EandFNCE-isvfrnce,Monthly---Annual-Commit-n45,,Mensuel,,,,
Microsoft 365 NCE,USCFQ7TTC0LFLZ0003,,https://manystacks.s3.eu-west-3.amazonaws.com/Produits/Images/Microsoft_365_logo.webp,microsoft,Microsoft365EandFNCE-isvfrnce,Annual-n55,,Annuel,,,,
Microsoft 365 NCE,USCFQ7TTC0RP6S0001,,https://manystacks.s3.eu-west-3.amazonaws.com/Produits/Images/Microsoft_365_logo.webp,microsoft,Microsoft365EandFNCE-isvfrnce,Monthly-n58,,Mensuel,,,,
Microsoft 365 NCE,USCFQ7TTC0RP6S0001,,https://manystacks.s3.eu-west-3.amazonaws.com/Produits/Images/Microsoft_365_logo.webp,microsoft,Microsoft365EandFNCE-isvfrnce,Annual-n57,,Annuel,,,,
Microsoft 365 NCE,USCFQ7TTC0RP6S0001,,https://manystacks.s3.eu-west-3.amazonaws.com/Produits/Images/Microsoft_365_logo.webp,microsoft,Microsoft365EandFNCE-isvfrnce,Monthly---Annual-Commit-n47,,Mensuel,,,,
Microsoft 365 NCE,USCFQ7TTC0LH0Z0008,,https://manystacks.s3.eu-west-3.amazonaws.com/Produits/Images/Microsoft_365_logo.webp,microsoft,Microsoft365EandFNCE-isvfrnce,Monthly-n59,,Mensuel,,,,
Microsoft 365 NCE,USCFQ7TTC0LH0Z0008,,https://manystacks.s3.eu-west-3.amazonaws.com/Produits/Images/Microsoft_365_logo.webp,microsoft,Microsoft365EandFNCE-isvfrnce,Annual-n58,,Annuel,,,,
Microsoft 365 NCE,USCFQ7TTC0LH0Z0008,,https://manystacks.s3.eu-west-3.amazonaws.com/Produits/Images/Microsoft_365_logo.webp,microsoft,Microsoft365EandFNCE-isvfrnce,Monthly--Annual-commit-,,Mensuel,,,,
Microsoft 365 NCE,USCFQ7TTC0LH0Z0009,,https://manystacks.s3.eu-west-3.amazonaws.com/Produits/Images/Microsoft_365_logo.webp,microsoft,Microsoft365EandFNCE-isvfrnce,Monthly-n60,,Mensuel,,,,
Microsoft 365 NCE,USCFQ7TTC0LH0Z0009,,https://manystacks.s3.eu-west-3.amazonaws.com/Produits/Images/Microsoft_365_logo.webp,microsoft,Microsoft365EandFNCE-isvfrnce,Annual-n59,,Annuel,,,,
Microsoft 365 NCE,USCFQ7TTC0LH0Z0009,,https://manystacks.s3.eu-west-3.amazonaws.com/Produits/Images/Microsoft_365_logo.webp,microsoft,Microsoft365EandFNCE-isvfrnce,Monthly--Annual-commit--n0,,Mensuel,,,,
Microsoft 365 NCE,Microsoft-365-E3-EEA-no-Teams,,https://manystacks.s3.eu-west-3.amazonaws.com/Produits/Images/Microsoft_365_logo.webp,microsoft,Microsoft365EandFNCE-isvfrnce,Monthly-n64,,Mensuel,,,,
Microsoft 365 NCE,Microsoft-365-E3-EEA-no-Teams,,https://manystacks.s3.eu-west-3.amazonaws.com/Produits/Images/Microsoft_365_logo.webp,microsoft,Microsoft365EandFNCE-isvfrnce,Annual-n67,,Annuel,,,,
Microsoft 365 NCE,Microsoft-365-E3-EEA-no-Teams,,https://manystacks.s3.eu-west-3.amazonaws.com/Produits/Images/Microsoft_365_logo.webp,microsoft,Microsoft365EandFNCE-isvfrnce,Monthly---Annual-Commit-n53,,Mensuel,,,,
Microsoft 365 NCE,Microsoft-365-E3-EEA-no-Teams---,,https://manystacks.s3.eu-west-3.amazonaws.com/Produits/Images/Microsoft_365_logo.webp,microsoft,Microsoft365EandFNCE-isvfrnce,Monthly-n65,,Mensuel,,,,
Microsoft 365 NCE,Microsoft-365-E3-EEA-no-Teams---,,https://manystacks.s3.eu-west-3.amazonaws.com/Produits/Images/Microsoft_365_logo.webp,microsoft,Microsoft365EandFNCE-isvfrnce,Annual-n68,,Annuel,,,,
Microsoft 365 NCE,Microsoft-365-E3-EEA-no-Teams---,,https://manystacks.s3.eu-west-3.amazonaws.com/Produits/Images/Microsoft_365_logo.webp,microsoft,Microsoft365EandFNCE-isvfrnce,Monthly---Annual-Commit-n54,,Mensuel,,,,
Microsoft 365 NCE,Microsoft-365-E5-EEA-no-Teams,,https://manystacks.s3.eu-west-3.amazonaws.com/Produits/Images/Microsoft_365_logo.webp,microsoft,Microsoft365EandFNCE-isvfrnce,Monthly-n66,,Mensuel,,,,
Microsoft 365 NCE,Microsoft-365-E5-EEA-no-Teams,,https://manystacks.s3.eu-west-3.amazonaws.com/Produits/Images/Microsoft_365_logo.webp,microsoft,Microsoft365EandFNCE-isvfrnce,Annual-n69,,Annuel,,,,
Microsoft 365 NCE,Microsoft-365-E5-EEA-no-Teams,,https://manystacks.s3.eu-west-3.amazonaws.com/Produits/Images/Microsoft_365_logo.webp,microsoft,Microsoft365EandFNCE-isvfrnce,Monthly---Annual-Commit-n55,,Mensuel,,,,
Microsoft 365 NCE,Microsoft-365-E5-EEA-no-Teams-wi,,https://manystacks.s3.eu-west-3.amazonaws.com/Produits/Images/Microsoft_365_logo.webp,microsoft,Microsoft365EandFNCE-isvfrnce,Monthly-n67,,Mensuel,,,,
Microsoft 365 NCE,Microsoft-365-E5-EEA-no-Teams-wi,,https://manystacks.s3.eu-west-3.amazonaws.com/Produits/Images/Microsoft_365_logo.webp,microsoft,Microsoft365EandFNCE-isvfrnce,Annual-n70,,Annuel,,,,
Microsoft 365 NCE,Microsoft-365-E5-EEA-no-Teams-wi,,https://manystacks.s3.eu-west-3.amazonaws.com/Produits/Images/Microsoft_365_logo.webp,microsoft,Microsoft365EandFNCE-isvfrnce,Monthly---Annual-Commit-n56,,Mensuel,,,,
Microsoft 365 NCE,Microsoft-365-F3-EEA-no-Teams,,https://manystacks.s3.eu-west-3.amazonaws.com/Produits/Images/Microsoft_365_logo.webp,microsoft,Microsoft365EandFNCE-isvfrnce,Monthly-n68,,Mensuel,,,,
Microsoft 365 NCE,Microsoft-365-F3-EEA-no-Teams,,https://manystacks.s3.eu-west-3.amazonaws.com/Produits/Images/Microsoft_365_logo.webp,microsoft,Microsoft365EandFNCE-isvfrnce,Annual-n71,,Annuel,,,,
Microsoft 365 NCE,Microsoft-365-F3-EEA-no-Teams,,https://manystacks.s3.eu-west-3.amazonaws.com/Produits/Images/Microsoft_365_logo.webp,microsoft,Microsoft365EandFNCE-isvfrnce,Monthly---Annual-Commit-n57,,Mensuel,,,,
Microsoft 365 NCE,Microsoft-365-Business-Basic-EEA,,https://manystacks.s3.eu-west-3.amazonaws.com/Produits/Images/Microsoft_365_logo.webp,microsoft,Microsoft365EandFNCE-isvfrnce,Monthly-n69,,Mensuel,,,,
Microsoft 365 NCE,Microsoft-365-Business-Basic-EEA,,https://manystacks.s3.eu-west-3.amazonaws.com/Produits/Images/Microsoft_365_logo.webp,microsoft,Microsoft365EandFNCE-isvfrnce,Annual-n72,,Annuel,,,,
Microsoft 365 NCE,Microsoft-365-Business-Basic-EEA,,https://manystacks.s3.eu-west-3.amazonaws.com/Produits/Images/Microsoft_365_logo.webp,microsoft,Microsoft365EandFNCE-isvfrnce,Monthly---Annual-Commit-n58,,Mensuel,,,,
Microsoft 365 NCE,Microsoft-365-F1-EEA-no-Teams,,https://manystacks.s3.eu-west-3.amazonaws.com/Produits/Images/Microsoft_365_logo.webp,microsoft,Microsoft365EandFNCE-isvfrnce,Monthly-n70,,Mensuel,,,,
Microsoft 365 NCE,Microsoft-365-F1-EEA-no-Teams,,https://manystacks.s3.eu-west-3.amazonaws.com/Produits/Images/Microsoft_365_logo.webp,microsoft,Microsoft365EandFNCE-isvfrnce,Annual-n73,,Annuel,,,,
Microsoft 365 NCE,Microsoft-365-F1-EEA-no-Teams,,https://manystacks.s3.eu-west-3.amazonaws.com/Produits/Images/Microsoft_365_logo.webp,microsoft,Microsoft365EandFNCE-isvfrnce,Monthly---Annual-Commit-n59,,Mensuel,,,,
Microsoft 365 NCE,Microsoft-365-Business-Premium-E,,https://manystacks.s3.eu-west-3.amazonaws.com/Produits/Images/Microsoft_365_logo.webp,microsoft,Microsoft365EandFNCE-isvfrnce,Monthly-n71,,Mensuel,,,,
Microsoft 365 NCE,Microsoft-365-Business-Premium-E,,https://manystacks.s3.eu-west-3.amazonaws.com/Produits/Images/Microsoft_365_logo.webp,microsoft,Microsoft365EandFNCE-isvfrnce,Annual-n74,,Annuel,,,,
Microsoft 365 NCE,Microsoft-365-Business-Premium-E,,https://manystacks.s3.eu-west-3.amazonaws.com/Produits/Images/Microsoft_365_logo.webp,microsoft,Microsoft365EandFNCE-isvfrnce,Monthly---Annual-Commit-n60,,Mensuel,,,,
Microsoft 365 NCE,Microsoft-365-Business-Standa-n0,,https://manystacks.s3.eu-west-3.amazonaws.com/Produits/Images/Microsoft_365_logo.webp,microsoft,Microsoft365EandFNCE-isvfrnce,Monthly-n72,,Mensuel,,,,
Microsoft 365 NCE,Microsoft-365-Business-Standa-n0,,https://manystacks.s3.eu-west-3.amazonaws.com/Produits/Images/Microsoft_365_logo.webp,microsoft,Microsoft365EandFNCE-isvfrnce,Annual-n75,,Annuel,,,,
Microsoft 365 NCE,Microsoft-365-Business-Standa-n0,,https://manystacks.s3.eu-west-3.amazonaws.com/Produits/Images/Microsoft_365_logo.webp,microsoft,Microsoft365EandFNCE-isvfrnce,Monthly---Annual-Commit-n61,,Mensuel,,,,
Microsoft 365 NCE,Microsoft-Sales-Copilot,,https://manystacks.s3.eu-west-3.amazonaws.com/Produits/Images/Microsoft_365_logo.webp,microsoft,Microsoft365EandFNCE-isvfrnce,Monthly-n75,,Mensuel,,,,
Microsoft 365 NCE,Microsoft-Sales-Copilot,,https://manystacks.s3.eu-west-3.amazonaws.com/Produits/Images/Microsoft_365_logo.webp,microsoft,Microsoft365EandFNCE-isvfrnce,Annual-n78,,Annuel,,,,
Microsoft 365 NCE,Microsoft-Sales-Copilot,,https://manystacks.s3.eu-west-3.amazonaws.com/Produits/Images/Microsoft_365_logo.webp,microsoft,Microsoft365EandFNCE-isvfrnce,Monthly---Annual-Commit-n64,,Mensuel,,,,
Microsoft 365 NCE,Microsoft-Sales-Copilot-Trial,,https://manystacks.s3.eu-west-3.amazonaws.com/Produits/Images/Microsoft_365_logo.webp,microsoft,Microsoft365EandFNCE-isvfrnce,Trial-n9,,Mensuel,,,,
Microsoft 365 NCE,USCFQ7TTC0N8SS0005,,https://manystacks.s3.eu-west-3.amazonaws.com/Produits/Images/Microsoft_365_logo.webp,microsoft,Microsoft365EandFNCE-isvfrnce,Monthly-n76,,Mensuel,,,,
Microsoft 365 NCE,USCFQ7TTC0N8SS0008,,https://manystacks.s3.eu-west-3.amazonaws.com/Produits/Images/Microsoft_365_logo.webp,microsoft,Microsoft365EandFNCE-isvfrnce,Monthly-n77,,Mensuel,,,,
Microsoft 365 NCE,USCFQ7TTC0N8SS0008,,https://manystacks.s3.eu-west-3.amazonaws.com/Produits/Images/Microsoft_365_logo.webp,microsoft,Microsoft365EandFNCE-isvfrnce,Annual-n80,,Annuel,,,,
Microsoft 365 NCE,USCFQ7TTC0N8SS0008,,https://manystacks.s3.eu-west-3.amazonaws.com/Produits/Images/Microsoft_365_logo.webp,microsoft,Microsoft365EandFNCE-isvfrnce,Monthly---Annual-Commit-n66,,Mensuel,,,,
Microsoft 365 NCE,USCFQ7TTC0N8SS0007,,https://manystacks.s3.eu-west-3.amazonaws.com/Produits/Images/Microsoft_365_logo.webp,microsoft,Microsoft365EandFNCE-isvfrnce,Monthly-n78,,Mensuel,,,,
Microsoft 365 NCE,USCFQ7TTC0N8SS0007,,https://manystacks.s3.eu-west-3.amazonaws.com/Produits/Images/Microsoft_365_logo.webp,microsoft,Microsoft365EandFNCE-isvfrnce,Annual-n81,,Annuel,,,,
Microsoft 365 NCE,USCFQ7TTC0N8SS0007,,https://manystacks.s3.eu-west-3.amazonaws.com/Produits/Images/Microsoft_365_logo.webp,microsoft,Microsoft365EandFNCE-isvfrnce,Monthly---Annual-Commit-n67,,Mensuel,,,,
Microsoft 365 NCE,Microsoft-Sustainability-Mana-n1,,https://manystacks.s3.eu-west-3.amazonaws.com/Produits/Images/Microsoft_365_logo.webp,microsoft,Microsoft365EandFNCE-isvfrnce,Monthly-n79,,Mensuel,,,,
Microsoft 365 NCE,USCFQ7TTC0N38H0002,,https://manystacks.s3.eu-west-3.amazonaws.com/Produits/Images/Microsoft_365_logo.webp,microsoft,Microsoft365EandFNCE-isvfrnce,Monthly-n80,,Mensuel,,,,
Microsoft 365 NCE,Microsoft-Sustainability-Mana-n3,,https://manystacks.s3.eu-west-3.amazonaws.com/Produits/Images/Microsoft_365_logo.webp,microsoft,Microsoft365EandFNCE-isvfrnce,Monthly-n81,,Mensuel,,,,
Microsoft 365 NCE,Microsoft-Sustainability-Mana-n3,,https://manystacks.s3.eu-west-3.amazonaws.com/Produits/Images/Microsoft_365_logo.webp,microsoft,Microsoft365EandFNCE-isvfrnce,Annual-n84,,Annuel,,,,
Microsoft 365 NCE,Microsoft-Sustainability-Mana-n3,,https://manystacks.s3.eu-west-3.amazonaws.com/Produits/Images/Microsoft_365_logo.webp,microsoft,Microsoft365EandFNCE-isvfrnce,Monthly---Annual-Commit-n70,,Mensuel,,,,
Microsoft 365 NCE,USCFQ7TTC0N38H0003,,https://manystacks.s3.eu-west-3.amazonaws.com/Produits/Images/Microsoft_365_logo.webp,microsoft,Microsoft365EandFNCE-isvfrnce,Monthly-n82,,Mensuel,,,,
Microsoft 365 NCE,USCFQ7TTC0N38H0003,,https://manystacks.s3.eu-west-3.amazonaws.com/Produits/Images/Microsoft_365_logo.webp,microsoft,Microsoft365EandFNCE-isvfrnce,Annual-n85,,Annuel,,,,
Microsoft 365 NCE,USCFQ7TTC0N38H0003,,https://manystacks.s3.eu-west-3.amazonaws.com/Produits/Images/Microsoft_365_logo.webp,microsoft,Microsoft365EandFNCE-isvfrnce,Monthly---Annual-Commit-n71,,Mensuel,,,,
Microsoft 365 NCE,USCFQ7TTC0NGGX0004,,https://manystacks.s3.eu-west-3.amazonaws.com/Produits/Images/Microsoft_365_logo.webp,microsoft,Microsoft365EandFNCE-isvfrnce,Microsoft-Intune-Advanced-Ana-n0,,Mensuel,,,,
Microsoft 365 NCE,USCFQ7TTC0NGGX0004,,https://manystacks.s3.eu-west-3.amazonaws.com/Produits/Images/Microsoft_365_logo.webp,microsoft,Microsoft365EandFNCE-isvfrnce,Microsoft-Intune-Advanced-Ana-n1,,Mensuel,,,,
Microsoft 365 NCE,USCFQ7TTC0NGGX0004,,https://manystacks.s3.eu-west-3.amazonaws.com/Produits/Images/Microsoft_365_logo.webp,microsoft,Microsoft365EandFNCE-isvfrnce,Microsoft-Intune-Advanced-Ana-n2,,Annuel,,,,
Microsoft 365 NCE,USCFQ7TTC0N4000001,,https://manystacks.s3.eu-west-3.amazonaws.com/Produits/Images/Microsoft_365_logo.webp,microsoft,Microsoft365EandFNCE-isvfrnce,Microsoft-Intune-Enterprise-A-n0,,Mensuel,,,,
Microsoft 365 NCE,USCFQ7TTC0N4000001,,https://manystacks.s3.eu-west-3.amazonaws.com/Produits/Images/Microsoft_365_logo.webp,microsoft,Microsoft365EandFNCE-isvfrnce,Microsoft-Intune-Enterprise-A-n2,,Mensuel,,,,
Microsoft 365 NCE,USCFQ7TTC0N4000001,,https://manystacks.s3.eu-west-3.amazonaws.com/Produits/Images/Microsoft_365_logo.webp,microsoft,Microsoft365EandFNCE-isvfrnce,Microsoft-Intune-Enterprise-A-n1,,Annuel,,,,
Microsoft 365 NCE,Microsoft-365-Business-Premiu-n0,,https://manystacks.s3.eu-west-3.amazonaws.com/Produits/Images/Microsoft_365_logo.webp,microsoft,Microsoft365EandFNCE-isvfrnce,Microsoft-365-Business-Premiu-n1,,Mensuel,,,,
Microsoft 365 NCE,Microsoft-365-Business-Standa-n1,,https://manystacks.s3.eu-west-3.amazonaws.com/Produits/Images/Microsoft_365_logo.webp,microsoft,Microsoft365EandFNCE-isvfrnce,Microsoft-365-Business-Standa-n3,,Mensuel,,,,
Microsoft 365 NCE,Microsoft-365-F1-EEA-no-Teams-Tr,,https://manystacks.s3.eu-west-3.amazonaws.com/Produits/Images/Microsoft_365_logo.webp,microsoft,Microsoft365EandFNCE-isvfrnce,Microsoft-365-F1-EEA-no-Teams-n0,,Mensuel,,,,
Microsoft 365 NCE,USCFQ7TTC0LH0Z000K,,https://manystacks.s3.eu-west-3.amazonaws.com/Produits/Images/Microsoft_365_logo.webp,microsoft,Microsoft365EandFNCE-isvfrnce,monthly7,,Annuel,,,,
Microsoft 365 NCE,USCFQ7TTC0LH0Z000K,,https://manystacks.s3.eu-west-3.amazonaws.com/Produits/Images/Microsoft_365_logo.webp,microsoft,Microsoft365EandFNCE-isvfrnce,monthly8,,Mensuel,,,,
Microsoft 365 NCE,USCFQ7TTC0LH0Z000K,,https://manystacks.s3.eu-west-3.amazonaws.com/Produits/Images/Microsoft_365_logo.webp,microsoft,Microsoft365EandFNCE-isvfrnce,monthly9,,Mensuel,,,,
Microsoft 365 NCE,USCFQ7TTC0LH0Z000J,,https://manystacks.s3.eu-west-3.amazonaws.com/Produits/Images/Microsoft_365_logo.webp,microsoft,Microsoft365EandFNCE-isvfrnce,monthly10,,Annuel,,,,
Microsoft 365 NCE,USCFQ7TTC0LH0Z000J,,https://manystacks.s3.eu-west-3.amazonaws.com/Produits/Images/Microsoft_365_logo.webp,microsoft,Microsoft365EandFNCE-isvfrnce,monthly11,,Mensuel,,,,
Microsoft 365 NCE,USCFQ7TTC0LH0Z000J,,https://manystacks.s3.eu-west-3.amazonaws.com/Produits/Images/Microsoft_365_logo.webp,microsoft,Microsoft365EandFNCE-isvfrnce,monthly12,,Mensuel,,,,
Microsoft 365 NCE,USCFQ7TTC0LHPL000W,,https://manystacks.s3.eu-west-3.amazonaws.com/Produits/Images/Microsoft_365_logo.webp,microsoft,Microsoft365EandFNCE-isvfrnce,monthly638,,Annuel,,,,
Microsoft 365 NCE,USCFQ7TTC0LHPL000W,,https://manystacks.s3.eu-west-3.amazonaws.com/Produits/Images/Microsoft_365_logo.webp,microsoft,Microsoft365EandFNCE-isvfrnce,monthly639,,Mensuel,,,,
Microsoft 365 NCE,USCFQ7TTC0LHPL000W,,https://manystacks.s3.eu-west-3.amazonaws.com/Produits/Images/Microsoft_365_logo.webp,microsoft,Microsoft365EandFNCE-isvfrnce,monthly640,,Mensuel,,,,
Microsoft 365 NCE,USCFQ7TTC0LHPL0012,,https://manystacks.s3.eu-west-3.amazonaws.com/Produits/Images/Microsoft_365_logo.webp,microsoft,Microsoft365EandFNCE-isvfrnce,monthly641,,Annuel,,,,
Microsoft 365 NCE,USCFQ7TTC0LHPL0012,,https://manystacks.s3.eu-west-3.amazonaws.com/Produits/Images/Microsoft_365_logo.webp,microsoft,Microsoft365EandFNCE-isvfrnce,monthly642,,Mensuel,,,,
Microsoft 365 NCE,USCFQ7TTC0LHPL0012,,https://manystacks.s3.eu-west-3.amazonaws.com/Produits/Images/Microsoft_365_logo.webp,microsoft,Microsoft365EandFNCE-isvfrnce,monthly643,,Mensuel,,,,
Microsoft 365 NCE,USCFQ7TTC0LHPL000X,,https://manystacks.s3.eu-west-3.amazonaws.com/Produits/Images/Microsoft_365_logo.webp,microsoft,Microsoft365EandFNCE-isvfrnce,monthly644,,Annuel,,,,
Microsoft 365 NCE,USCFQ7TTC0LHPL000X,,https://manystacks.s3.eu-west-3.amazonaws.com/Produits/Images/Microsoft_365_logo.webp,microsoft,Microsoft365EandFNCE-isvfrnce,monthly645,,Mensuel,,,,
Microsoft 365 NCE,USCFQ7TTC0LHPL000X,,https://manystacks.s3.eu-west-3.amazonaws.com/Produits/Images/Microsoft_365_logo.webp,microsoft,Microsoft365EandFNCE-isvfrnce,monthly646,,Mensuel,,,,
Microsoft 365 NCE,USCFQ7TTC0LHPL000Z,,https://manystacks.s3.eu-west-3.amazonaws.com/Produits/Images/Microsoft_365_logo.webp,microsoft,Microsoft365EandFNCE-isvfrnce,monthly647,,Annuel,,,,
Microsoft 365 NCE,USCFQ7TTC0LHPL000Z,,https://manystacks.s3.eu-west-3.amazonaws.com/Produits/Images/Microsoft_365_logo.webp,microsoft,Microsoft365EandFNCE-isvfrnce,monthly648,,Mensuel,,,,
Microsoft 365 NCE,USCFQ7TTC0LHPL000Z,,https://manystacks.s3.eu-west-3.amazonaws.com/Produits/Images/Microsoft_365_logo.webp,microsoft,Microsoft365EandFNCE-isvfrnce,monthly649,,Mensuel,,,,
Microsoft 365 NCE,USCFQ7TTC0LHP80005,,https://manystacks.s3.eu-west-3.amazonaws.com/Produits/Images/Microsoft_365_logo.webp,microsoft,Microsoft365EandFNCE-isvfrnce,monthly650,,Annuel,,,,
Microsoft 365 NCE,USCFQ7TTC0LHP80005,,https://manystacks.s3.eu-west-3.amazonaws.com/Produits/Images/Microsoft_365_logo.webp,microsoft,Microsoft365EandFNCE-isvfrnce,monthly651,,Mensuel,,,,
Microsoft 365 NCE,USCFQ7TTC0LHP80005,,https://manystacks.s3.eu-west-3.amazonaws.com/Produits/Images/Microsoft_365_logo.webp,microsoft,Microsoft365EandFNCE-isvfrnce,monthly652,,Mensuel,,,,
Microsoft 365 NCE,USCFQ7TTC0LHPJ0015,,https://manystacks.s3.eu-west-3.amazonaws.com/Produits/Images/Microsoft_365_logo.webp,microsoft,Microsoft365EandFNCE-isvfrnce,monthly653,,Annuel,,,,
Microsoft 365 NCE,USCFQ7TTC0LHPJ0015,,https://manystacks.s3.eu-west-3.amazonaws.com/Produits/Images/Microsoft_365_logo.webp,microsoft,Microsoft365EandFNCE-isvfrnce,monthly654,,Mensuel,,,,
Microsoft 365 NCE,USCFQ7TTC0LHPJ0015,,https://manystacks.s3.eu-west-3.amazonaws.com/Produits/Images/Microsoft_365_logo.webp,microsoft,Microsoft365EandFNCE-isvfrnce,monthly655,,Mensuel,,,,
Microsoft 365 NCE,USCFQ7TTC0LHPJ0013,,https://manystacks.s3.eu-west-3.amazonaws.com/Produits/Images/Microsoft_365_logo.webp,microsoft,Microsoft365EandFNCE-isvfrnce,monthly656,,Annuel,,,,
Microsoft 365 NCE,USCFQ7TTC0LHPJ0013,,https://manystacks.s3.eu-west-3.amazonaws.com/Produits/Images/Microsoft_365_logo.webp,microsoft,Microsoft365EandFNCE-isvfrnce,monthly657,,Mensuel,,,,
Microsoft 365 NCE,USCFQ7TTC0LHPJ0013,,https://manystacks.s3.eu-west-3.amazonaws.com/Produits/Images/Microsoft_365_logo.webp,microsoft,Microsoft365EandFNCE-isvfrnce,monthly658,,Mensuel,,,,
Microsoft 365 NCE,USCFQ7TTC0HD6T000J,,https://manystacks.s3.eu-west-3.amazonaws.com/Produits/Images/Microsoft_365_logo.webp,microsoft,Microsoft365EandFNCE-isvfrnce,monthly662,,Annuel,,,,
Microsoft 365 NCE,USCFQ7TTC0HD6T000J,,https://manystacks.s3.eu-west-3.amazonaws.com/Produits/Images/Microsoft_365_logo.webp,microsoft,Microsoft365EandFNCE-isvfrnce,monthly663,,Mensuel,,,,
Microsoft 365 NCE,USCFQ7TTC0HD6T000J,,https://manystacks.s3.eu-west-3.amazonaws.com/Produits/Images/Microsoft_365_logo.webp,microsoft,Microsoft365EandFNCE-isvfrnce,monthly664,,Mensuel,,,,
Microsoft 365 NCE,USCFQ7TTC0LHPJ0019,,https://manystacks.s3.eu-west-3.amazonaws.com/Produits/Images/Microsoft_365_logo.webp,microsoft,Microsoft365EandFNCE-isvfrnce,monthly671,,Annuel,,,,
Microsoft 365 NCE,USCFQ7TTC0LHPJ0019,,https://manystacks.s3.eu-west-3.amazonaws.com/Produits/Images/Microsoft_365_logo.webp,microsoft,Microsoft365EandFNCE-isvfrnce,monthly672,,Mensuel,,,,
Microsoft 365 NCE,USCFQ7TTC0LHPJ0019,,https://manystacks.s3.eu-west-3.amazonaws.com/Produits/Images/Microsoft_365_logo.webp,microsoft,Microsoft365EandFNCE-isvfrnce,monthly673,,Mensuel,,,,
Microsoft 365 NCE,USCFQ7TTC0LGZT001D,,https://manystacks.s3.eu-west-3.amazonaws.com/Produits/Images/Microsoft_365_logo.webp,microsoft,Microsoft365EandFNCE-isvfrnce,monthly677,,Annuel,,,,
Microsoft 365 NCE,USCFQ7TTC0LGZT001D,,https://manystacks.s3.eu-west-3.amazonaws.com/Produits/Images/Microsoft_365_logo.webp,microsoft,Microsoft365EandFNCE-isvfrnce,monthly678,,Mensuel,,,,
Microsoft 365 NCE,USCFQ7TTC0LGZT001D,,https://manystacks.s3.eu-west-3.amazonaws.com/Produits/Images/Microsoft_365_logo.webp,microsoft,Microsoft365EandFNCE-isvfrnce,monthly679,,Mensuel,,,,
Microsoft 365 NCE,USCFQ7TTC0LGZT001F,,https://manystacks.s3.eu-west-3.amazonaws.com/Produits/Images/Microsoft_365_logo.webp,microsoft,Microsoft365EandFNCE-isvfrnce,monthly680,,Annuel,,,,
Microsoft 365 NCE,USCFQ7TTC0LGZT001F,,https://manystacks.s3.eu-west-3.amazonaws.com/Produits/Images/Microsoft_365_logo.webp,microsoft,Microsoft365EandFNCE-isvfrnce,monthly681,,Mensuel,,,,
Microsoft 365 NCE,USCFQ7TTC0LGZT001F,,https://manystacks.s3.eu-west-3.amazonaws.com/Produits/Images/Microsoft_365_logo.webp,microsoft,Microsoft365EandFNCE-isvfrnce,monthly682,,Mensuel,,,,
Microsoft 365 NCE,USCFQ7TTC0LGZT001B,,https://manystacks.s3.eu-west-3.amazonaws.com/Produits/Images/Microsoft_365_logo.webp,microsoft,Microsoft365EandFNCE-isvfrnce,monthly683,,Annuel,,,,
Microsoft 365 NCE,USCFQ7TTC0LGZT001B,,https://manystacks.s3.eu-west-3.amazonaws.com/Produits/Images/Microsoft_365_logo.webp,microsoft,Microsoft365EandFNCE-isvfrnce,monthly684,,Mensuel,,,,
Microsoft 365 NCE,USCFQ7TTC0LGZT001B,,https://manystacks.s3.eu-west-3.amazonaws.com/Produits/Images/Microsoft_365_logo.webp,microsoft,Microsoft365EandFNCE-isvfrnce,monthly685,,Mensuel,,,,
Microsoft 365 NCE,USCFQ7TTC0LH18000L,,https://manystacks.s3.eu-west-3.amazonaws.com/Produits/Images/Microsoft_365_logo.webp,microsoft,Microsoft365EandFNCE-isvfrnce,monthly692,,Annuel,,,,
Microsoft 365 NCE,USCFQ7TTC0LH18000L,,https://manystacks.s3.eu-west-3.amazonaws.com/Produits/Images/Microsoft_365_logo.webp,microsoft,Microsoft365EandFNCE-isvfrnce,monthly693,,Mensuel,,,,
Microsoft 365 NCE,USCFQ7TTC0LH18000L,,https://manystacks.s3.eu-west-3.amazonaws.com/Produits/Images/Microsoft_365_logo.webp,microsoft,Microsoft365EandFNCE-isvfrnce,monthly694,,Mensuel,,,,
Microsoft 365 NCE,USCFQ7TTC0LCHC000J,,https://manystacks.s3.eu-west-3.amazonaws.com/Produits/Images/Microsoft_365_logo.webp,microsoft,Microsoft365EandFNCE-isvfrnce,monthly695,,Annuel,,,,
Microsoft 365 NCE,USCFQ7TTC0LCHC000J,,https://manystacks.s3.eu-west-3.amazonaws.com/Produits/Images/Microsoft_365_logo.webp,microsoft,Microsoft365EandFNCE-isvfrnce,monthly696,,Mensuel,,,,
Microsoft 365 NCE,USCFQ7TTC0LCHC000J,,https://manystacks.s3.eu-west-3.amazonaws.com/Produits/Images/Microsoft_365_logo.webp,microsoft,Microsoft365EandFNCE-isvfrnce,monthly697,,Mensuel,,,,
Microsoft 365 NCE,USCFQ7TTC0LCHC000W,,https://manystacks.s3.eu-west-3.amazonaws.com/Produits/Images/Microsoft_365_logo.webp,microsoft,Microsoft365EandFNCE-isvfrnce,monthly698,,Annuel,,,,
Microsoft 365 NCE,USCFQ7TTC0LCHC000W,,https://manystacks.s3.eu-west-3.amazonaws.com/Produits/Images/Microsoft_365_logo.webp,microsoft,Microsoft365EandFNCE-isvfrnce,monthly699,,Mensuel,,,,
Microsoft 365 NCE,USCFQ7TTC0LDPB000M,,https://manystacks.s3.eu-west-3.amazonaws.com/Produits/Images/Microsoft_365_logo.webp,microsoft,Microsoft365EandFNCE-isvfrnce,monthly700,,Annuel,,,,
Microsoft 365 NCE,USCFQ7TTC0LDPB000M,,https://manystacks.s3.eu-west-3.amazonaws.com/Produits/Images/Microsoft_365_logo.webp,microsoft,Microsoft365EandFNCE-isvfrnce,monthly701,,Mensuel,,,,
Microsoft 365 NCE,USCFQ7TTC0LDPB000M,,https://manystacks.s3.eu-west-3.amazonaws.com/Produits/Images/Microsoft_365_logo.webp,microsoft,Microsoft365EandFNCE-isvfrnce,monthly702,,Mensuel,,,,
Microsoft 365 NCE,USCFQ7TTC0LFLX001G,,https://manystacks.s3.eu-west-3.amazonaws.com/Produits/Images/Microsoft_365_logo.webp,microsoft,Microsoft365EandFNCE-isvfrnce,monthly709,,Annuel,,,,
Microsoft 365 NCE,USCFQ7TTC0LFLX001G,,https://manystacks.s3.eu-west-3.amazonaws.com/Produits/Images/Microsoft_365_logo.webp,microsoft,Microsoft365EandFNCE-isvfrnce,monthly710,,Mensuel,,,,
Microsoft 365 NCE,USCFQ7TTC0LFLX001G,,https://manystacks.s3.eu-west-3.amazonaws.com/Produits/Images/Microsoft_365_logo.webp,microsoft,Microsoft365EandFNCE-isvfrnce,monthly711,,Mensuel,,,,
Microsoft 365 NCE,USCFQ7TTC0LFLZ001B,,https://manystacks.s3.eu-west-3.amazonaws.com/Produits/Images/Microsoft_365_logo.webp,microsoft,Microsoft365EandFNCE-isvfrnce,monthly712,,Annuel,,,,
Microsoft 365 NCE,USCFQ7TTC0LFLZ001B,,https://manystacks.s3.eu-west-3.amazonaws.com/Produits/Images/Microsoft_365_logo.webp,microsoft,Microsoft365EandFNCE-isvfrnce,monthly713,,Mensuel,,,,
Microsoft 365 NCE,USCFQ7TTC0LFLZ001B,,https://manystacks.s3.eu-west-3.amazonaws.com/Produits/Images/Microsoft_365_logo.webp,microsoft,Microsoft365EandFNCE-isvfrnce,monthly714,,Mensuel,,,,
Microsoft 365 NCE,USCFQ7TTC0HD6V000L,,https://manystacks.s3.eu-west-3.amazonaws.com/Produits/Images/Microsoft_365_logo.webp,microsoft,Microsoft365EandFNCE-isvfrnce,monthly718,,Annuel,,,,
Microsoft 365 NCE,USCFQ7TTC0HD6V000L,,https://manystacks.s3.eu-west-3.amazonaws.com/Produits/Images/Microsoft_365_logo.webp,microsoft,Microsoft365EandFNCE-isvfrnce,monthly719,,Mensuel,,,,
Microsoft 365 NCE,USCFQ7TTC0HD6V000L,,https://manystacks.s3.eu-west-3.amazonaws.com/Produits/Images/Microsoft_365_logo.webp,microsoft,Microsoft365EandFNCE-isvfrnce,monthly720,,Mensuel,,,,
Microsoft 365 NCE,USCFQ7TTC0HD6T000L,,https://manystacks.s3.eu-west-3.amazonaws.com/Produits/Images/Microsoft_365_logo.webp,microsoft,Microsoft365EandFNCE-isvfrnce,monthly721,,Annuel,,,,
Microsoft 365 NCE,USCFQ7TTC0HD6T000L,,https://manystacks.s3.eu-west-3.amazonaws.com/Produits/Images/Microsoft_365_logo.webp,microsoft,Microsoft365EandFNCE-isvfrnce,monthly722,,Mensuel,,,,
Microsoft 365 NCE,USCFQ7TTC0HD6T000L,,https://manystacks.s3.eu-west-3.amazonaws.com/Produits/Images/Microsoft_365_logo.webp,microsoft,Microsoft365EandFNCE-isvfrnce,monthly723,,Mensuel,,,,
Microsoft 365 NCE,USCFQ7TTC0HD6S000L,,https://manystacks.s3.eu-west-3.amazonaws.com/Produits/Images/Microsoft_365_logo.webp,microsoft,Microsoft365EandFNCE-isvfrnce,monthly724,,Annuel,,,,
Microsoft 365 NCE,USCFQ7TTC0HD6S000L,,https://manystacks.s3.eu-west-3.amazonaws.com/Produits/Images/Microsoft_365_logo.webp,microsoft,Microsoft365EandFNCE-isvfrnce,monthly725,,Mensuel,,,,
Microsoft 365 NCE,USCFQ7TTC0HD6S000L,,https://manystacks.s3.eu-west-3.amazonaws.com/Produits/Images/Microsoft_365_logo.webp,microsoft,Microsoft365EandFNCE-isvfrnce,monthly726,,Mensuel,,,,
Microsoft 365 NCE,USCFQ7TTC0MBMD001V,,https://manystacks.s3.eu-west-3.amazonaws.com/Produits/Images/Microsoft_365_logo.webp,microsoft,Microsoft365EandFNCE-isvfrnce,monthly730,,Annuel,,,,
Microsoft 365 NCE,USCFQ7TTC0MBMD001V,,https://manystacks.s3.eu-west-3.amazonaws.com/Produits/Images/Microsoft_365_logo.webp,microsoft,Microsoft365EandFNCE-isvfrnce,monthly731,,Mensuel,,,,
Microsoft 365 NCE,USCFQ7TTC0MBMD001V,,https://manystacks.s3.eu-west-3.amazonaws.com/Produits/Images/Microsoft_365_logo.webp,microsoft,Microsoft365EandFNCE-isvfrnce,monthly732,,Mensuel,,,,
Microsoft 365 NCE,USCFQ7TTC0LH05000W,,https://manystacks.s3.eu-west-3.amazonaws.com/Produits/Images/Microsoft_365_logo.webp,microsoft,Microsoft365EandFNCE-isvfrnce,monthly733,,Annuel,,,,
Microsoft 365 NCE,USCFQ7TTC0LH05000W,,https://manystacks.s3.eu-west-3.amazonaws.com/Produits/Images/Microsoft_365_logo.webp,microsoft,Microsoft365EandFNCE-isvfrnce,monthly734,,Mensuel,,,,
Microsoft 365 NCE,USCFQ7TTC0LH05000W,,https://manystacks.s3.eu-west-3.amazonaws.com/Produits/Images/Microsoft_365_logo.webp,microsoft,Microsoft365EandFNCE-isvfrnce,monthly735,,Mensuel,,,,
Microsoft 365 NCE,USCFQ7TTC0P4WT0005,,https://manystacks.s3.eu-west-3.amazonaws.com/Produits/Images/Microsoft_365_logo.webp,microsoft,Microsoft365EandFNCE-isvfrnce,monthly742,,Annuel,,,,
Microsoft 365 NCE,USCFQ7TTC0P4WT0005,,https://manystacks.s3.eu-west-3.amazonaws.com/Produits/Images/Microsoft_365_logo.webp,microsoft,Microsoft365EandFNCE-isvfrnce,monthly743,,Mensuel,,,,
Microsoft 365 NCE,USCFQ7TTC0P4WT0005,,https://manystacks.s3.eu-west-3.amazonaws.com/Produits/Images/Microsoft_365_logo.webp,microsoft,Microsoft365EandFNCE-isvfrnce,monthly744,,Mensuel,,,,
Microsoft 365 NCE,USCFQ7TTC0LCH4001M,,https://manystacks.s3.eu-west-3.amazonaws.com/Produits/Images/Microsoft_365_logo.webp,microsoft,Microsoft365EandFNCE-isvfrnce,monthly824,,Annuel,,,,
Microsoft 365 NCE,USCFQ7TTC0LCH4001M,,https://manystacks.s3.eu-west-3.amazonaws.com/Produits/Images/Microsoft_365_logo.webp,microsoft,Microsoft365EandFNCE-isvfrnce,monthly825,,Mensuel,,,,
Microsoft 365 NCE,USCFQ7TTC0LCH4001M,,https://manystacks.s3.eu-west-3.amazonaws.com/Produits/Images/Microsoft_365_logo.webp,microsoft,Microsoft365EandFNCE-isvfrnce,monthly826,,Mensuel,,,,
Microsoft 365 NCE,USCFQ7TTC0LCH4001K,,https://manystacks.s3.eu-west-3.amazonaws.com/Produits/Images/Microsoft_365_logo.webp,microsoft,Microsoft365EandFNCE-isvfrnce,monthly827,,Annuel,,,,
Microsoft 365 NCE,USCFQ7TTC0LCH4001K,,https://manystacks.s3.eu-west-3.amazonaws.com/Produits/Images/Microsoft_365_logo.webp,microsoft,Microsoft365EandFNCE-isvfrnce,monthly828,,Mensuel,,,,
Microsoft 365 NCE,USCFQ7TTC0LCH4001K,,https://manystacks.s3.eu-west-3.amazonaws.com/Produits/Images/Microsoft_365_logo.webp,microsoft,Microsoft365EandFNCE-isvfrnce,monthly829,,Mensuel,,,,
Microsoft 365 NCE,USCFQ7TTC0NGGX000D,,https://manystacks.s3.eu-west-3.amazonaws.com/Produits/Images/Microsoft_365_logo.webp,microsoft,Microsoft365EandFNCE-isvfrnce,monthly830,,Annuel,,,,
Microsoft 365 NCE,USCFQ7TTC0NGGX000D,,https://manystacks.s3.eu-west-3.amazonaws.com/Produits/Images/Microsoft_365_logo.webp,microsoft,Microsoft365EandFNCE-isvfrnce,monthly831,,Mensuel,,,,
Microsoft 365 NCE,USCFQ7TTC0NGGX000D,,https://manystacks.s3.eu-west-3.amazonaws.com/Produits/Images/Microsoft_365_logo.webp,microsoft,Microsoft365EandFNCE-isvfrnce,monthly832,,Mensuel,,,,
Microsoft 365 NCE,USCFQ7TTC0NGGX000B,,https://manystacks.s3.eu-west-3.amazonaws.com/Produits/Images/Microsoft_365_logo.webp,microsoft,Microsoft365EandFNCE-isvfrnce,monthly833,,Annuel,,,,
Microsoft 365 NCE,USCFQ7TTC0NGGX000B,,https://manystacks.s3.eu-west-3.amazonaws.com/Produits/Images/Microsoft_365_logo.webp,microsoft,Microsoft365EandFNCE-isvfrnce,monthly834,,Mensuel,,,,
Microsoft 365 NCE,USCFQ7TTC0NGGX000B,,https://manystacks.s3.eu-west-3.amazonaws.com/Produits/Images/Microsoft_365_logo.webp,microsoft,Microsoft365EandFNCE-isvfrnce,monthly835,,Mensuel,,,,
Microsoft 365 NCE,USCFQ7TTC0NGGX000C,,https://manystacks.s3.eu-west-3.amazonaws.com/Produits/Images/Microsoft_365_logo.webp,microsoft,Microsoft365EandFNCE-isvfrnce,monthly836,,Annuel,,,,
Microsoft 365 NCE,USCFQ7TTC0NGGX000C,,https://manystacks.s3.eu-west-3.amazonaws.com/Produits/Images/Microsoft_365_logo.webp,microsoft,Microsoft365EandFNCE-isvfrnce,monthly837,,Mensuel,,,,
Microsoft 365 NCE,USCFQ7TTC0NGGX000C,,https://manystacks.s3.eu-west-3.amazonaws.com/Produits/Images/Microsoft_365_logo.webp,microsoft,Microsoft365EandFNCE-isvfrnce,monthly838,,Mensuel,,,,
Microsoft 365 NCE,USCFQ7TTC0LSNL0005,,https://manystacks.s3.eu-west-3.amazonaws.com/Produits/Images/Microsoft_365_logo.webp,microsoft,Microsoft365EandFNCE-isvfrnce,Microsoft-Intune---Edu-Facult-n0,,Annuel,,,,
Microsoft 365 NCE,USCFQ7TTC0LSNL0005,,https://manystacks.s3.eu-west-3.amazonaws.com/Produits/Images/Microsoft_365_logo.webp,microsoft,Microsoft365EandFNCE-isvfrnce,Microsoft-Intune---Edu-Facult-n1,,Mensuel,,,,
Microsoft 365 NCE,USCFQ7TTC0LSNL0005,,https://manystacks.s3.eu-west-3.amazonaws.com/Produits/Images/Microsoft_365_logo.webp,microsoft,Microsoft365EandFNCE-isvfrnce,monthly841,,Mensuel,,,,
Microsoft 365 NCE,USCFQ7TTC0RP6S0003,,https://manystacks.s3.eu-west-3.amazonaws.com/Produits/Images/Microsoft_365_logo.webp,microsoft,Microsoft365EandFNCE-isvfrnce,monthly842,,Annuel,,,,
Microsoft 365 NCE,USCFQ7TTC0RP6S0003,,https://manystacks.s3.eu-west-3.amazonaws.com/Produits/Images/Microsoft_365_logo.webp,microsoft,Microsoft365EandFNCE-isvfrnce,monthly843,,Mensuel,,,,
Microsoft 365 NCE,USCFQ7TTC0RP6S0003,,https://manystacks.s3.eu-west-3.amazonaws.com/Produits/Images/Microsoft_365_logo.webp,microsoft,Microsoft365EandFNCE-isvfrnce,Monthly822167,,Mensuel,,,,
Microsoft 365 NCE,USCFQ7TTC0N400000D,,https://manystacks.s3.eu-west-3.amazonaws.com/Produits/Images/Microsoft_365_logo.webp,microsoft,Microsoft365EandFNCE-isvfrnce,monthly844,,Annuel,,,,
Microsoft 365 NCE,USCFQ7TTC0N400000D,,https://manystacks.s3.eu-west-3.amazonaws.com/Produits/Images/Microsoft_365_logo.webp,microsoft,Microsoft365EandFNCE-isvfrnce,monthly845,,Mensuel,,,,
Microsoft 365 NCE,USCFQ7TTC0N400000D,,https://manystacks.s3.eu-west-3.amazonaws.com/Produits/Images/Microsoft_365_logo.webp,microsoft,Microsoft365EandFNCE-isvfrnce,monthly846,,Mensuel,,,,
Microsoft 365 NCE,USCFQ7TTC0N4000009,,https://manystacks.s3.eu-west-3.amazonaws.com/Produits/Images/Microsoft_365_logo.webp,microsoft,Microsoft365EandFNCE-isvfrnce,monthly847,,Annuel,,,,
Microsoft 365 NCE,USCFQ7TTC0N4000009,,https://manystacks.s3.eu-west-3.amazonaws.com/Produits/Images/Microsoft_365_logo.webp,microsoft,Microsoft365EandFNCE-isvfrnce,monthly848,,Mensuel,,,,
Microsoft 365 NCE,USCFQ7TTC0N4000009,,https://manystacks.s3.eu-west-3.amazonaws.com/Produits/Images/Microsoft_365_logo.webp,microsoft,Microsoft365EandFNCE-isvfrnce,monthly849,,Mensuel,,,,
Microsoft 365 NCE,USCFQ7TTC0N400000B,,https://manystacks.s3.eu-west-3.amazonaws.com/Produits/Images/Microsoft_365_logo.webp,microsoft,Microsoft365EandFNCE-isvfrnce,monthly850,,Annuel,,,,
Microsoft 365 NCE,USCFQ7TTC0N400000B,,https://manystacks.s3.eu-west-3.amazonaws.com/Produits/Images/Microsoft_365_logo.webp,microsoft,Microsoft365EandFNCE-isvfrnce,monthly851,,Mensuel,,,,
Microsoft 365 NCE,USCFQ7TTC0N400000B,,https://manystacks.s3.eu-west-3.amazonaws.com/Produits/Images/Microsoft_365_logo.webp,microsoft,Microsoft365EandFNCE-isvfrnce,Monthly822174,,Mensuel,,,,
Microsoft 365 NCE,USCFQ7TTC0RP760004,,https://manystacks.s3.eu-west-3.amazonaws.com/Produits/Images/Microsoft_365_logo.webp,microsoft,Microsoft365EandFNCE-isvfrnce,monthly852,,Annuel,,,,
Microsoft 365 NCE,USCFQ7TTC0RP760004,,https://manystacks.s3.eu-west-3.amazonaws.com/Produits/Images/Microsoft_365_logo.webp,microsoft,Microsoft365EandFNCE-isvfrnce,monthly853,,Mensuel,,,,
Microsoft 365 NCE,USCFQ7TTC0RP760004,,https://manystacks.s3.eu-west-3.amazonaws.com/Produits/Images/Microsoft_365_logo.webp,microsoft,Microsoft365EandFNCE-isvfrnce,Monthly822175,,Mensuel,,,,
Microsoft 365 NCE,USCFQ7TTC0RP760003,,https://manystacks.s3.eu-west-3.amazonaws.com/Produits/Images/Microsoft_365_logo.webp,microsoft,Microsoft365EandFNCE-isvfrnce,monthly854,,Annuel,,,,
Microsoft 365 NCE,USCFQ7TTC0RP760003,,https://manystacks.s3.eu-west-3.amazonaws.com/Produits/Images/Microsoft_365_logo.webp,microsoft,Microsoft365EandFNCE-isvfrnce,monthly855,,Mensuel,,,,
Microsoft 365 NCE,USCFQ7TTC0RP760003,,https://manystacks.s3.eu-west-3.amazonaws.com/Produits/Images/Microsoft_365_logo.webp,microsoft,Microsoft365EandFNCE-isvfrnce,Monthly822176,,Mensuel,,,,
Microsoft 365 NCE,USCFQ7TTC0RP760005,,https://manystacks.s3.eu-west-3.amazonaws.com/Produits/Images/Microsoft_365_logo.webp,microsoft,Microsoft365EandFNCE-isvfrnce,monthly856,,Annuel,,,,
Microsoft 365 NCE,USCFQ7TTC0RP760005,,https://manystacks.s3.eu-west-3.amazonaws.com/Produits/Images/Microsoft_365_logo.webp,microsoft,Microsoft365EandFNCE-isvfrnce,monthly857,,Mensuel,,,,
Microsoft 365 NCE,USCFQ7TTC0RP760005,,https://manystacks.s3.eu-west-3.amazonaws.com/Produits/Images/Microsoft_365_logo.webp,microsoft,Microsoft365EandFNCE-isvfrnce,Monthly822177,,Mensuel,,,,
Microsoft 365 NCE,USCFQ7TTC0LSNL0004,,https://manystacks.s3.eu-west-3.amazonaws.com/Produits/Images/Microsoft_365_logo.webp,microsoft,Microsoft365EandFNCE-isvfrnce,monthly858,,Annuel,,,,
Microsoft 365 NCE,USCFQ7TTC0LSNL0004,,https://manystacks.s3.eu-west-3.amazonaws.com/Produits/Images/Microsoft_365_logo.webp,microsoft,Microsoft365EandFNCE-isvfrnce,monthly859,,Mensuel,,,,
Microsoft 365 NCE,USCFQ7TTC0LSNL0004,,https://manystacks.s3.eu-west-3.amazonaws.com/Produits/Images/Microsoft_365_logo.webp,microsoft,Microsoft365EandFNCE-isvfrnce,monthly860,,Mensuel,,,,
Microsoft 365 NCE,USCFQ7TTC0RZFJ0003,,https://manystacks.s3.eu-west-3.amazonaws.com/Produits/Images/Microsoft_365_logo.webp,microsoft,Microsoft365EandFNCE-isvfrnce,monthly861,,Annuel,,,,
Microsoft 365 NCE,USCFQ7TTC0RZFJ0003,,https://manystacks.s3.eu-west-3.amazonaws.com/Produits/Images/Microsoft_365_logo.webp,microsoft,Microsoft365EandFNCE-isvfrnce,monthly862,,Mensuel,,,,
Microsoft 365 NCE,USCFQ7TTC0RZFJ0003,,https://manystacks.s3.eu-west-3.amazonaws.com/Produits/Images/Microsoft_365_logo.webp,microsoft,Microsoft365EandFNCE-isvfrnce,Monthly822181,,Mensuel,,,,
Microsoft 365 NCE,USCFQ7TTC0RZFJ0004,,https://manystacks.s3.eu-west-3.amazonaws.com/Produits/Images/Microsoft_365_logo.webp,microsoft,Microsoft365EandFNCE-isvfrnce,monthly863,,Annuel,,,,
Microsoft 365 NCE,USCFQ7TTC0RZFJ0004,,https://manystacks.s3.eu-west-3.amazonaws.com/Produits/Images/Microsoft_365_logo.webp,microsoft,Microsoft365EandFNCE-isvfrnce,monthly864,,Mensuel,,,,
Microsoft 365 NCE,USCFQ7TTC0RZFJ0004,,https://manystacks.s3.eu-west-3.amazonaws.com/Produits/Images/Microsoft_365_logo.webp,microsoft,Microsoft365EandFNCE-isvfrnce,Monthly822185,,Mensuel,,,,
Microsoft 365 NCE,USCFQ7TTC0Q1710005,,https://manystacks.s3.eu-west-3.amazonaws.com/Produits/Images/Microsoft_365_logo.webp,microsoft,Microsoft365EandFNCE-isvfrnce,monthly868,,Annuel,,,,
Microsoft 365 NCE,USCFQ7TTC0Q1710005,,https://manystacks.s3.eu-west-3.amazonaws.com/Produits/Images/Microsoft_365_logo.webp,microsoft,Microsoft365EandFNCE-isvfrnce,monthly869,,Mensuel,,,,
Microsoft 365 NCE,USCFQ7TTC0Q1710005,,https://manystacks.s3.eu-west-3.amazonaws.com/Produits/Images/Microsoft_365_logo.webp,microsoft,Microsoft365EandFNCE-isvfrnce,monthly870,,Mensuel,,,,
Microsoft 365 NCE,USCFQ7TTC0Q1710006,,https://manystacks.s3.eu-west-3.amazonaws.com/Produits/Images/Microsoft_365_logo.webp,microsoft,Microsoft365EandFNCE-isvfrnce,monthly871,,Annuel,,,,
Microsoft 365 NCE,USCFQ7TTC0Q1710006,,https://manystacks.s3.eu-west-3.amazonaws.com/Produits/Images/Microsoft_365_logo.webp,microsoft,Microsoft365EandFNCE-isvfrnce,monthly872,,Mensuel,,,,
Microsoft 365 NCE,USCFQ7TTC0Q1710006,,https://manystacks.s3.eu-west-3.amazonaws.com/Produits/Images/Microsoft_365_logo.webp,microsoft,Microsoft365EandFNCE-isvfrnce,monthly873,,Mensuel,,,,
Microsoft 365 NCE,ncingusebenefit-EducationStudent,,https://manystacks.s3.eu-west-3.amazonaws.com/Produits/Images/Microsoft_365_logo.webp,microsoft,Microsoft365EandFNCE-isvfrnce,Microsoft-365-A5-wo-Audio-conf-b,,Annuel,,,,
Microsoft 365 NCE,ncingusebenefit-EducationStudent,,https://manystacks.s3.eu-west-3.amazonaws.com/Produits/Images/Microsoft_365_logo.webp,microsoft,Microsoft365EandFNCE-isvfrnce,Microsoft-365-A5-wo-Audio-con-n0,,Mensuel,,,,
Microsoft 365 NCE,ncingusebenefit-EducationStudent,,https://manystacks.s3.eu-west-3.amazonaws.com/Produits/Images/Microsoft_365_logo.webp,microsoft,Microsoft365EandFNCE-isvfrnce,Microsoft-365-A5-wo-Audio-con-n1,,Mensuel,,,,
Microsoft 365 NCE,USCFQ7TTC0LHPL0013,,https://manystacks.s3.eu-west-3.amazonaws.com/Produits/Images/Microsoft_365_logo.webp,microsoft,Microsoft365EandFNCE-isvfrnce,Monthly303,,Mensuel,,,,
Microsoft 365 NCE,USCFQ7TTC0LHPL0013,,https://manystacks.s3.eu-west-3.amazonaws.com/Produits/Images/Microsoft_365_logo.webp,microsoft,Microsoft365EandFNCE-isvfrnce,Monthly304,,Mensuel,,,,
Microsoft 365 NCE,USCFQ7TTC0LHPL0013,,https://manystacks.s3.eu-west-3.amazonaws.com/Produits/Images/Microsoft_365_logo.webp,microsoft,Microsoft365EandFNCE-isvfrnce,Monthly305,,Annuel,,,,
Microsoft 365 NCE,USCFQ7TTC0HD6V000J,,https://manystacks.s3.eu-west-3.amazonaws.com/Produits/Images/Microsoft_365_logo.webp,microsoft,Microsoft365EandFNCE-isvfrnce,Monthly86,,Mensuel,,,,
Microsoft 365 NCE,USCFQ7TTC0HD6V000J,,https://manystacks.s3.eu-west-3.amazonaws.com/Produits/Images/Microsoft_365_logo.webp,microsoft,Microsoft365EandFNCE-isvfrnce,Monthly87,,Mensuel,,,,
Microsoft 365 NCE,USCFQ7TTC0HD6V000J,,https://manystacks.s3.eu-west-3.amazonaws.com/Produits/Images/Microsoft_365_logo.webp,microsoft,Microsoft365EandFNCE-isvfrnce,Monthly88,,Annuel,,,,
Microsoft 365 NCE,USCFQ7TTC0HD6V000K,,https://manystacks.s3.eu-west-3.amazonaws.com/Produits/Images/Microsoft_365_logo.webp,microsoft,Microsoft365EandFNCE-isvfrnce,Monthly89,,Mensuel,,,,
Microsoft 365 NCE,USCFQ7TTC0HD6V000K,,https://manystacks.s3.eu-west-3.amazonaws.com/Produits/Images/Microsoft_365_logo.webp,microsoft,Microsoft365EandFNCE-isvfrnce,Monthly90,,Mensuel,,,,
Microsoft 365 NCE,USCFQ7TTC0HD6V000K,,https://manystacks.s3.eu-west-3.amazonaws.com/Produits/Images/Microsoft_365_logo.webp,microsoft,Microsoft365EandFNCE-isvfrnce,Monthly91,,Annuel,,,,
Microsoft 365 NCE,USCFQ7TTC0HD6T000M,,https://manystacks.s3.eu-west-3.amazonaws.com/Produits/Images/Microsoft_365_logo.webp,microsoft,Microsoft365EandFNCE-isvfrnce,Monthly83,,Mensuel,,,,
Microsoft 365 NCE,USCFQ7TTC0HD6T000M,,https://manystacks.s3.eu-west-3.amazonaws.com/Produits/Images/Microsoft_365_logo.webp,microsoft,Microsoft365EandFNCE-isvfrnce,Monthly84,,Mensuel,,,,
Microsoft 365 NCE,USCFQ7TTC0HD6T000M,,https://manystacks.s3.eu-west-3.amazonaws.com/Produits/Images/Microsoft_365_logo.webp,microsoft,Microsoft365EandFNCE-isvfrnce,Monthly85,,Annuel,,,,
Microsoft 365 NCE,USCFQ7TTC0HD6S000K,,https://manystacks.s3.eu-west-3.amazonaws.com/Produits/Images/Microsoft_365_logo.webp,microsoft,Microsoft365EandFNCE-isvfrnce,Monthly80,,Mensuel,,,,
Microsoft 365 NCE,USCFQ7TTC0HD6S000K,,https://manystacks.s3.eu-west-3.amazonaws.com/Produits/Images/Microsoft_365_logo.webp,microsoft,Microsoft365EandFNCE-isvfrnce,Monthly81,,Mensuel,,,,
Microsoft 365 NCE,USCFQ7TTC0HD6S000K,,https://manystacks.s3.eu-west-3.amazonaws.com/Produits/Images/Microsoft_365_logo.webp,microsoft,Microsoft365EandFNCE-isvfrnce,Monthly82,,Annuel,,,,
Microsoft 365 NCE,USCFQ7TTC0HD6S000J,,https://manystacks.s3.eu-west-3.amazonaws.com/Produits/Images/Microsoft_365_logo.webp,microsoft,Microsoft365EandFNCE-isvfrnce,Monthly77,,Mensuel,,,,
Microsoft 365 NCE,USCFQ7TTC0HD6S000J,,https://manystacks.s3.eu-west-3.amazonaws.com/Produits/Images/Microsoft_365_logo.webp,microsoft,Microsoft365EandFNCE-isvfrnce,Monthly78,,Mensuel,,,,
Microsoft 365 NCE,USCFQ7TTC0HD6S000J,,https://manystacks.s3.eu-west-3.amazonaws.com/Produits/Images/Microsoft_365_logo.webp,microsoft,Microsoft365EandFNCE-isvfrnce,Monthly79,,Annuel,,,,
Microsoft 365 NCE,USCFQ7TTC0LHPJ0018,,https://manystacks.s3.eu-west-3.amazonaws.com/Produits/Images/Microsoft_365_logo.webp,microsoft,Microsoft365EandFNCE-isvfrnce,Monthly300,,Mensuel,,,,
Microsoft 365 NCE,USCFQ7TTC0LHPJ0018,,https://manystacks.s3.eu-west-3.amazonaws.com/Produits/Images/Microsoft_365_logo.webp,microsoft,Microsoft365EandFNCE-isvfrnce,Monthly301,,Mensuel,,,,
Microsoft 365 NCE,USCFQ7TTC0LHPJ0018,,https://manystacks.s3.eu-west-3.amazonaws.com/Produits/Images/Microsoft_365_logo.webp,microsoft,Microsoft365EandFNCE-isvfrnce,Monthly822116,,Annuel,,,,
Microsoft 365 NCE,USCFQ7TTC0LGZT002N,,https://manystacks.s3.eu-west-3.amazonaws.com/Produits/Images/Microsoft_365_logo.webp,microsoft,Microsoft365EandFNCE-isvfrnce,Monthly822117,,Mensuel,,,,
Microsoft 365 NCE,USCFQ7TTC0LGZT002N,,https://manystacks.s3.eu-west-3.amazonaws.com/Produits/Images/Microsoft_365_logo.webp,microsoft,Microsoft365EandFNCE-isvfrnce,Monthly822118,,Mensuel,,,,
Microsoft 365 NCE,USCFQ7TTC0LGZT002N,,https://manystacks.s3.eu-west-3.amazonaws.com/Produits/Images/Microsoft_365_logo.webp,microsoft,Microsoft365EandFNCE-isvfrnce,Monthly822119,,Annuel,,,,
Microsoft 365 NCE,USCFQ7TTC0LH18000P,,https://manystacks.s3.eu-west-3.amazonaws.com/Produits/Images/Microsoft_365_logo.webp,microsoft,Microsoft365EandFNCE-isvfrnce,Monthly822123,,Mensuel,,,,
Microsoft 365 NCE,USCFQ7TTC0LH18000P,,https://manystacks.s3.eu-west-3.amazonaws.com/Produits/Images/Microsoft_365_logo.webp,microsoft,Microsoft365EandFNCE-isvfrnce,Monthly822124,,Mensuel,,,,
Microsoft 365 NCE,USCFQ7TTC0LH18000P,,https://manystacks.s3.eu-west-3.amazonaws.com/Produits/Images/Microsoft_365_logo.webp,microsoft,Microsoft365EandFNCE-isvfrnce,Monthly822125,,Annuel,,,,
Microsoft 365 NCE,USCFQ7TTC0LCHC000P,,https://manystacks.s3.eu-west-3.amazonaws.com/Produits/Images/Microsoft_365_logo.webp,microsoft,Microsoft365EandFNCE-isvfrnce,Monthly822126,,Mensuel,,,,
Microsoft 365 NCE,USCFQ7TTC0LCHC000N,,https://manystacks.s3.eu-west-3.amazonaws.com/Produits/Images/Microsoft_365_logo.webp,microsoft,Microsoft365EandFNCE-isvfrnce,Monthly822127,,Mensuel,,,,
Microsoft 365 NCE,USCFQ7TTC0LCHC000N,,https://manystacks.s3.eu-west-3.amazonaws.com/Produits/Images/Microsoft_365_logo.webp,microsoft,Microsoft365EandFNCE-isvfrnce,Monthly822128,,Mensuel,,,,
Microsoft 365 NCE,USCFQ7TTC0LCHC000N,,https://manystacks.s3.eu-west-3.amazonaws.com/Produits/Images/Microsoft_365_logo.webp,microsoft,Microsoft365EandFNCE-isvfrnce,Monthly822129,,Annuel,,,,
Microsoft 365 NCE,USCFQ7TTC0LCHC000M,,https://manystacks.s3.eu-west-3.amazonaws.com/Produits/Images/Microsoft_365_logo.webp,microsoft,Microsoft365EandFNCE-isvfrnce,Monthly822130,,Mensuel,,,,
Microsoft 365 NCE,USCFQ7TTC0LDPB0012,,https://manystacks.s3.eu-west-3.amazonaws.com/Produits/Images/Microsoft_365_logo.webp,microsoft,Microsoft365EandFNCE-isvfrnce,Monthly822131,,Mensuel,,,,
Microsoft 365 NCE,USCFQ7TTC0LDPB0011,,https://manystacks.s3.eu-west-3.amazonaws.com/Produits/Images/Microsoft_365_logo.webp,microsoft,Microsoft365EandFNCE-isvfrnce,Monthly822132,,Mensuel,,,,
Microsoft 365 NCE,USCFQ7TTC0LDPB0011,,https://manystacks.s3.eu-west-3.amazonaws.com/Produits/Images/Microsoft_365_logo.webp,microsoft,Microsoft365EandFNCE-isvfrnce,Monthly822133,,Mensuel,,,,
Microsoft 365 NCE,USCFQ7TTC0LDPB0011,,https://manystacks.s3.eu-west-3.amazonaws.com/Produits/Images/Microsoft_365_logo.webp,microsoft,Microsoft365EandFNCE-isvfrnce,Monthly822134,,Annuel,,,,
Microsoft 365 NCE,USCFQ7TTC0LDPB000Q,,https://manystacks.s3.eu-west-3.amazonaws.com/Produits/Images/Microsoft_365_logo.webp,microsoft,Microsoft365EandFNCE-isvfrnce,Monthly822135,,Mensuel,,,,
Microsoft 365 NCE,USCFQ7TTC0LFLX0021,,https://manystacks.s3.eu-west-3.amazonaws.com/Produits/Images/Microsoft_365_logo.webp,microsoft,Microsoft365EandFNCE-isvfrnce,Monthly822139,,Mensuel,,,,
Microsoft 365 NCE,USCFQ7TTC0LFLX0021,,https://manystacks.s3.eu-west-3.amazonaws.com/Produits/Images/Microsoft_365_logo.webp,microsoft,Microsoft365EandFNCE-isvfrnce,Monthly822140,,Mensuel,,,,
Microsoft 365 NCE,USCFQ7TTC0LFLX0021,,https://manystacks.s3.eu-west-3.amazonaws.com/Produits/Images/Microsoft_365_logo.webp,microsoft,Microsoft365EandFNCE-isvfrnce,Monthly822141,,Annuel,,,,
Microsoft 365 NCE,USCFQ7TTC0LFLZ001L,,https://manystacks.s3.eu-west-3.amazonaws.com/Produits/Images/Microsoft_365_logo.webp,microsoft,Microsoft365EandFNCE-isvfrnce,Monthly822142,,Mensuel,,,,
Microsoft 365 NCE,USCFQ7TTC0LFLZ001L,,https://manystacks.s3.eu-west-3.amazonaws.com/Produits/Images/Microsoft_365_logo.webp,microsoft,Microsoft365EandFNCE-isvfrnce,Monthly822143,,Mensuel,,,,
Microsoft 365 NCE,USCFQ7TTC0LFLZ001L,,https://manystacks.s3.eu-west-3.amazonaws.com/Produits/Images/Microsoft_365_logo.webp,microsoft,Microsoft365EandFNCE-isvfrnce,Monthly822144,,Annuel,,,,
Microsoft 365 NCE,USCFQ7TTC0LFLX0020,,https://manystacks.s3.eu-west-3.amazonaws.com/Produits/Images/Microsoft_365_logo.webp,microsoft,Microsoft365EandFNCE-isvfrnce,Monthly822145,,Mensuel,,,,
Microsoft 365 NCE,USCFQ7TTC0LFLX0020,,https://manystacks.s3.eu-west-3.amazonaws.com/Produits/Images/Microsoft_365_logo.webp,microsoft,Microsoft365EandFNCE-isvfrnce,Monthly822146,,Mensuel,,,,
Microsoft 365 NCE,USCFQ7TTC0LFLX0020,,https://manystacks.s3.eu-west-3.amazonaws.com/Produits/Images/Microsoft_365_logo.webp,microsoft,Microsoft365EandFNCE-isvfrnce,Monthly822147,,Annuel,,,,
Microsoft 365 NCE,TeamswithoutAudioConferencing150,,https://manystacks.s3.eu-west-3.amazonaws.com/Produits/Images/Microsoft_365_logo.webp,microsoft,Microsoft365EandFNCE-isvfrnce,Monthly822148,,Mensuel,,,,
Microsoft 365 NCE,TeamswithoutAudioConferencing150,,https://manystacks.s3.eu-west-3.amazonaws.com/Produits/Images/Microsoft_365_logo.webp,microsoft,Microsoft365EandFNCE-isvfrnce,Monthly822149,,Mensuel,,,,
Microsoft 365 NCE,TeamswithoutAudioConferencing150,,https://manystacks.s3.eu-west-3.amazonaws.com/Produits/Images/Microsoft_365_logo.webp,microsoft,Microsoft365EandFNCE-isvfrnce,Monthly822150,,Annuel,,,,
Microsoft 365 NCE,USCFQ7TTC0LFLZ001C,,https://manystacks.s3.eu-west-3.amazonaws.com/Produits/Images/Microsoft_365_logo.webp,microsoft,Microsoft365EandFNCE-isvfrnce,Monthly822151,,Mensuel,,,,
Microsoft 365 NCE,USCFQ7TTC0LFLZ001C,,https://manystacks.s3.eu-west-3.amazonaws.com/Produits/Images/Microsoft_365_logo.webp,microsoft,Microsoft365EandFNCE-isvfrnce,Monthly822152,,Mensuel,,,,
Microsoft 365 NCE,USCFQ7TTC0LFLZ001C,,https://manystacks.s3.eu-west-3.amazonaws.com/Produits/Images/Microsoft_365_logo.webp,microsoft,Microsoft365EandFNCE-isvfrnce,Monthly822153,,Annuel,,,,
Microsoft 365 NCE,USCFQ7TTC0MBMD002V,,https://manystacks.s3.eu-west-3.amazonaws.com/Produits/Images/Microsoft_365_logo.webp,microsoft,Microsoft365EandFNCE-isvfrnce,Monthly822157,,Mensuel,,,,
Microsoft 365 NCE,USCFQ7TTC0LH050013,,https://manystacks.s3.eu-west-3.amazonaws.com/Produits/Images/Microsoft_365_logo.webp,microsoft,Microsoft365EandFNCE-isvfrnce,Monthly822158,,Mensuel,,,,
Microsoft 365 NCE,USCFQ7TTC0LH050013,,https://manystacks.s3.eu-west-3.amazonaws.com/Produits/Images/Microsoft_365_logo.webp,microsoft,Microsoft365EandFNCE-isvfrnce,Monthly822159,,Mensuel,,,,
Microsoft 365 NCE,USCFQ7TTC0LH050013,,https://manystacks.s3.eu-west-3.amazonaws.com/Produits/Images/Microsoft_365_logo.webp,microsoft,Microsoft365EandFNCE-isvfrnce,Monthly822160,,Annuel,,,,
Microsoft 365 NCE,USCFQ7TTC0MBMD002T,,https://manystacks.s3.eu-west-3.amazonaws.com/Produits/Images/Microsoft_365_logo.webp,microsoft,Microsoft365EandFNCE-isvfrnce,Monthly822161,,Mensuel,,,,
Microsoft 365 NCE,USCFQ7TTC0MBMD002T,,https://manystacks.s3.eu-west-3.amazonaws.com/Produits/Images/Microsoft_365_logo.webp,microsoft,Microsoft365EandFNCE-isvfrnce,Monthly822162,,Mensuel,,,,
Microsoft 365 NCE,USCFQ7TTC0MBMD002T,,https://manystacks.s3.eu-west-3.amazonaws.com/Produits/Images/Microsoft_365_logo.webp,microsoft,Microsoft365EandFNCE-isvfrnce,Monthly822163,,Annuel,,,,
Microsoft 365 NCE,USCFQ7TTC0JLX1000H,,https://manystacks.s3.eu-west-3.amazonaws.com/Produits/Images/Microsoft_365_logo.webp,microsoft,Microsoft365EandFNCE-isvfrnce,Monthly822164,,Mensuel,,,,
Microsoft 365 NCE,USCFQ7TTC0JLX1000H,,https://manystacks.s3.eu-west-3.amazonaws.com/Produits/Images/Microsoft_365_logo.webp,microsoft,Microsoft365EandFNCE-isvfrnce,Monthly822165,,Mensuel,,,,
Microsoft 365 NCE,USCFQ7TTC0JLX1000H,,https://manystacks.s3.eu-west-3.amazonaws.com/Produits/Images/Microsoft_365_logo.webp,microsoft,Microsoft365EandFNCE-isvfrnce,Monthly822166,,Annuel,,,,
Microsoft 365 NCE,USCFQ7TTC0RP6S0006,,https://manystacks.s3.eu-west-3.amazonaws.com/Produits/Images/Microsoft_365_logo.webp,microsoft,Microsoft365EandFNCE-isvfrnce,Monthly822168,,Mensuel,,,,
Microsoft 365 NCE,USCFQ7TTC0RP6S0006,,https://manystacks.s3.eu-west-3.amazonaws.com/Produits/Images/Microsoft_365_logo.webp,microsoft,Microsoft365EandFNCE-isvfrnce,Monthly822169,,Mensuel,,,,
Microsoft 365 NCE,USCFQ7TTC0RP6S0006,,https://manystacks.s3.eu-west-3.amazonaws.com/Produits/Images/Microsoft_365_logo.webp,microsoft,Microsoft365EandFNCE-isvfrnce,Monthly822170,,Annuel,,,,
Microsoft 365 NCE,USCFQ7TTC0RP6S0007,,https://manystacks.s3.eu-west-3.amazonaws.com/Produits/Images/Microsoft_365_logo.webp,microsoft,Microsoft365EandFNCE-isvfrnce,Monthly822171,,Mensuel,,,,
Microsoft 365 NCE,USCFQ7TTC0RP6S0007,,https://manystacks.s3.eu-west-3.amazonaws.com/Produits/Images/Microsoft_365_logo.webp,microsoft,Microsoft365EandFNCE-isvfrnce,Monthly822172,,Mensuel,,,,
Microsoft 365 NCE,USCFQ7TTC0RP6S0007,,https://manystacks.s3.eu-west-3.amazonaws.com/Produits/Images/Microsoft_365_logo.webp,microsoft,Microsoft365EandFNCE-isvfrnce,Monthly822173,,Annuel,,,,
Microsoft 365 NCE,USCFQ7TTC0LSNL000C,,https://manystacks.s3.eu-west-3.amazonaws.com/Produits/Images/Microsoft_365_logo.webp,microsoft,Microsoft365EandFNCE-isvfrnce,Monthly822178,,Mensuel,,,,
Microsoft 365 NCE,USCFQ7TTC0LSNL000C,,https://manystacks.s3.eu-west-3.amazonaws.com/Produits/Images/Microsoft_365_logo.webp,microsoft,Microsoft365EandFNCE-isvfrnce,Monthly822179,,Mensuel,,,,
Microsoft 365 NCE,USCFQ7TTC0LSNL000C,,https://manystacks.s3.eu-west-3.amazonaws.com/Produits/Images/Microsoft_365_logo.webp,microsoft,Microsoft365EandFNCE-isvfrnce,Monthly822180,,Annuel,,,,
Microsoft 365 NCE,USCFQ7TTC0RZFJ0006,,https://manystacks.s3.eu-west-3.amazonaws.com/Produits/Images/Microsoft_365_logo.webp,microsoft,Microsoft365EandFNCE-isvfrnce,Monthly822182,,Mensuel,,,,
Microsoft 365 NCE,USCFQ7TTC0RZFJ0006,,https://manystacks.s3.eu-west-3.amazonaws.com/Produits/Images/Microsoft_365_logo.webp,microsoft,Microsoft365EandFNCE-isvfrnce,Monthly822183,,Mensuel,,,,
Microsoft 365 NCE,USCFQ7TTC0RZFJ0006,,https://manystacks.s3.eu-west-3.amazonaws.com/Produits/Images/Microsoft_365_logo.webp,microsoft,Microsoft365EandFNCE-isvfrnce,Monthly822184,,Annuel,,,,
Microsoft 365 NCE,eruserEducationFacultyPricing192,,https://manystacks.s3.eu-west-3.amazonaws.com/Produits/Images/Microsoft_365_logo.webp,microsoft,Microsoft365EandFNCE-isvfrnce,Monthly822190,,Mensuel,,,,
Microsoft 365 NCE,eruserEducationFacultyPricing192,,https://manystacks.s3.eu-west-3.amazonaws.com/Produits/Images/Microsoft_365_logo.webp,microsoft,Microsoft365EandFNCE-isvfrnce,Monthly822191,,Annuel,,,,
Microsoft 365 NCE,USCFQ7TTC0LH0Z000N,,https://manystacks.s3.eu-west-3.amazonaws.com/Produits/Images/Microsoft_365_logo.webp,microsoft,Microsoft365EandFNCE-isvfrnce,monthly510,,Mensuel,,,,
Microsoft 365 NCE,USCFQ7TTC0LH0Z000N,,https://manystacks.s3.eu-west-3.amazonaws.com/Produits/Images/Microsoft_365_logo.webp,microsoft,Microsoft365EandFNCE-isvfrnce,monthly510988,,Mensuel,,,,
Microsoft 365 NCE,USCFQ7TTC0LH0Z000N,,https://manystacks.s3.eu-west-3.amazonaws.com/Produits/Images/Microsoft_365_logo.webp,microsoft,Microsoft365EandFNCE-isvfrnce,monthly510989,,Annuel,,,,
Microsoft 365 NCE,USCFQ7TTC0LH0Z000L,,https://manystacks.s3.eu-west-3.amazonaws.com/Produits/Images/Microsoft_365_logo.webp,microsoft,Microsoft365EandFNCE-isvfrnce,monthly513,,Mensuel,,,,
Microsoft 365 NCE,USCFQ7TTC0LH0Z000L,,https://manystacks.s3.eu-west-3.amazonaws.com/Produits/Images/Microsoft_365_logo.webp,microsoft,Microsoft365EandFNCE-isvfrnce,monthly510994,,Mensuel,,,,
Microsoft 365 NCE,USCFQ7TTC0LH0Z000L,,https://manystacks.s3.eu-west-3.amazonaws.com/Produits/Images/Microsoft_365_logo.webp,microsoft,Microsoft365EandFNCE-isvfrnce,monthly510995,,Annuel,,,,
Microsoft 365 NCE,USCFQ7TTC0LH0Z000M,,https://manystacks.s3.eu-west-3.amazonaws.com/Produits/Images/Microsoft_365_logo.webp,microsoft,Microsoft365EandFNCE-isvfrnce,monthly516,,Mensuel,,,,
Microsoft 365 NCE,USCFQ7TTC0LH0Z000M,,https://manystacks.s3.eu-west-3.amazonaws.com/Produits/Images/Microsoft_365_logo.webp,microsoft,Microsoft365EandFNCE-isvfrnce,monthly510991,,Mensuel,,,,
Microsoft 365 NCE,USCFQ7TTC0LH0Z000M,,https://manystacks.s3.eu-west-3.amazonaws.com/Produits/Images/Microsoft_365_logo.webp,microsoft,Microsoft365EandFNCE-isvfrnce,monthly510992,,Annuel,,,,
Microsoft 365 NCE,USCFQ7TTC0LGZT001M,,https://manystacks.s3.eu-west-3.amazonaws.com/Produits/Images/Microsoft_365_logo.webp,microsoft,Microsoft365EandFNCE-isvfrnce,monthly511036,,Mensuel,,,,
Microsoft 365 NCE,USCFQ7TTC0LGZT001M,,https://manystacks.s3.eu-west-3.amazonaws.com/Produits/Images/Microsoft_365_logo.webp,microsoft,Microsoft365EandFNCE-isvfrnce,monthly511037,,Mensuel,,,,
Microsoft 365 NCE,USCFQ7TTC0LGZT001M,,https://manystacks.s3.eu-west-3.amazonaws.com/Produits/Images/Microsoft_365_logo.webp,microsoft,Microsoft365EandFNCE-isvfrnce,monthly511038,,Annuel,,,,
Microsoft 365 NCE,USCFQ7TTC0J1WM000B,,https://manystacks.s3.eu-west-3.amazonaws.com/Produits/Images/Microsoft_365_logo.webp,microsoft,Microsoft365EandFNCE-isvfrnce,monthly511039,,Mensuel,,,,
Microsoft 365 NCE,USCFQ7TTC0J1WM000B,,https://manystacks.s3.eu-west-3.amazonaws.com/Produits/Images/Microsoft_365_logo.webp,microsoft,Microsoft365EandFNCE-isvfrnce,monthly511040,,Mensuel,,,,
Microsoft 365 NCE,USCFQ7TTC0J1WM000B,,https://manystacks.s3.eu-west-3.amazonaws.com/Produits/Images/Microsoft_365_logo.webp,microsoft,Microsoft365EandFNCE-isvfrnce,monthly511041,,Annuel,,,,
Microsoft 365 NCE,USCFQ7TTC0J1WM0009,,https://manystacks.s3.eu-west-3.amazonaws.com/Produits/Images/Microsoft_365_logo.webp,microsoft,Microsoft365EandFNCE-isvfrnce,monthly511042,,Mensuel,,,,
Microsoft 365 NCE,USCFQ7TTC0J1WM0009,,https://manystacks.s3.eu-west-3.amazonaws.com/Produits/Images/Microsoft_365_logo.webp,microsoft,Microsoft365EandFNCE-isvfrnce,monthly511043,,Mensuel,,,,
Microsoft 365 NCE,USCFQ7TTC0J1WM0009,,https://manystacks.s3.eu-west-3.amazonaws.com/Produits/Images/Microsoft_365_logo.webp,microsoft,Microsoft365EandFNCE-isvfrnce,monthly511044,,Annuel,,,,
Microsoft 365 NCE,USCFQ7TTC0J1ZM0003,,https://manystacks.s3.eu-west-3.amazonaws.com/Produits/Images/Microsoft_365_logo.webp,microsoft,Microsoft365EandFNCE-isvfrnce,monthly511045,,Mensuel,,,,
Microsoft 365 NCE,USCFQ7TTC0J1ZM0003,,https://manystacks.s3.eu-west-3.amazonaws.com/Produits/Images/Microsoft_365_logo.webp,microsoft,Microsoft365EandFNCE-isvfrnce,monthly511046,,Mensuel,,,,
Microsoft 365 NCE,USCFQ7TTC0J1ZM0003,,https://manystacks.s3.eu-west-3.amazonaws.com/Produits/Images/Microsoft_365_logo.webp,microsoft,Microsoft365EandFNCE-isvfrnce,monthly511047,,Annuel,,,,
Microsoft 365 NCE,USCFQ7TTC0HD6V000M,,https://manystacks.s3.eu-west-3.amazonaws.com/Produits/Images/Microsoft_365_logo.webp,microsoft,Microsoft365EandFNCE-isvfrnce,monthly511048,,Mensuel,,,,
Microsoft 365 NCE,USCFQ7TTC0HD6V000M,,https://manystacks.s3.eu-west-3.amazonaws.com/Produits/Images/Microsoft_365_logo.webp,microsoft,Microsoft365EandFNCE-isvfrnce,monthly511049,,Mensuel,,,,
Microsoft 365 NCE,USCFQ7TTC0HD6V000M,,https://manystacks.s3.eu-west-3.amazonaws.com/Produits/Images/Microsoft_365_logo.webp,microsoft,Microsoft365EandFNCE-isvfrnce,monthly511053,,Annuel,,,,
Microsoft 365 NCE,USCFQ7TTC0HL90000G,,https://manystacks.s3.eu-west-3.amazonaws.com/Produits/Images/Microsoft_365_logo.webp,microsoft,Microsoft365EandFNCE-isvfrnce,monthly511054,,Mensuel,,,,
Microsoft 365 NCE,USCFQ7TTC0HL90000G,,https://manystacks.s3.eu-west-3.amazonaws.com/Produits/Images/Microsoft_365_logo.webp,microsoft,Microsoft365EandFNCE-isvfrnce,monthly511055,,Mensuel,,,,
Microsoft 365 NCE,USCFQ7TTC0HL90000G,,https://manystacks.s3.eu-west-3.amazonaws.com/Produits/Images/Microsoft_365_logo.webp,microsoft,Microsoft365EandFNCE-isvfrnce,monthly511056,,Annuel,,,,
Microsoft 365 NCE,USCFQ7TTC0HD6T000K,,https://manystacks.s3.eu-west-3.amazonaws.com/Produits/Images/Microsoft_365_logo.webp,microsoft,Microsoft365EandFNCE-isvfrnce,monthly511057,,Mensuel,,,,
Microsoft 365 NCE,USCFQ7TTC0HD6T000K,,https://manystacks.s3.eu-west-3.amazonaws.com/Produits/Images/Microsoft_365_logo.webp,microsoft,Microsoft365EandFNCE-isvfrnce,monthly511058,,Mensuel,,,,
Microsoft 365 NCE,USCFQ7TTC0HD6T000K,,https://manystacks.s3.eu-west-3.amazonaws.com/Produits/Images/Microsoft_365_logo.webp,microsoft,Microsoft365EandFNCE-isvfrnce,monthly511059,,Annuel,,,,
Microsoft 365 NCE,USCFQ7TTC0HD6S000M,,https://manystacks.s3.eu-west-3.amazonaws.com/Produits/Images/Microsoft_365_logo.webp,microsoft,Microsoft365EandFNCE-isvfrnce,monthly511060,,Mensuel,,,,
Microsoft 365 NCE,USCFQ7TTC0HD6S000M,,https://manystacks.s3.eu-west-3.amazonaws.com/Produits/Images/Microsoft_365_logo.webp,microsoft,Microsoft365EandFNCE-isvfrnce,monthly511061,,Mensuel,,,,
Microsoft 365 NCE,USCFQ7TTC0HD6S000M,,https://manystacks.s3.eu-west-3.amazonaws.com/Produits/Images/Microsoft_365_logo.webp,microsoft,Microsoft365EandFNCE-isvfrnce,monthly511062,,Annuel,,,,
Microsoft 365 NCE,USCFQ7TTC0HL91000C,,https://manystacks.s3.eu-west-3.amazonaws.com/Produits/Images/Microsoft_365_logo.webp,microsoft,Microsoft365EandFNCE-isvfrnce,monthly511063,,Mensuel,,,,
Microsoft 365 NCE,USCFQ7TTC0HL91000C,,https://manystacks.s3.eu-west-3.amazonaws.com/Produits/Images/Microsoft_365_logo.webp,microsoft,Microsoft365EandFNCE-isvfrnce,monthly511064,,Mensuel,,,,
Microsoft 365 NCE,USCFQ7TTC0HL91000C,,https://manystacks.s3.eu-west-3.amazonaws.com/Produits/Images/Microsoft_365_logo.webp,microsoft,Microsoft365EandFNCE-isvfrnce,monthly511065,,Annuel,,,,
Microsoft 365 NCE,USCFQ7TTC0JLX1000K,,https://manystacks.s3.eu-west-3.amazonaws.com/Produits/Images/Microsoft_365_logo.webp,microsoft,Microsoft365EandFNCE-isvfrnce,monthly511066,,Mensuel,,,,
Microsoft 365 NCE,USCFQ7TTC0JLX1000K,,https://manystacks.s3.eu-west-3.amazonaws.com/Produits/Images/Microsoft_365_logo.webp,microsoft,Microsoft365EandFNCE-isvfrnce,monthly511067,,Mensuel,,,,
Microsoft 365 NCE,USCFQ7TTC0JLX1000K,,https://manystacks.s3.eu-west-3.amazonaws.com/Produits/Images/Microsoft_365_logo.webp,microsoft,Microsoft365EandFNCE-isvfrnce,monthly511071,,Annuel,,,,
Microsoft 365 NCE,USCFQ7TTC0JLX1000L,,https://manystacks.s3.eu-west-3.amazonaws.com/Produits/Images/Microsoft_365_logo.webp,microsoft,Microsoft365EandFNCE-isvfrnce,monthly511072,,Mensuel,,,,
Microsoft 365 NCE,USCFQ7TTC0JLX1000L,,https://manystacks.s3.eu-west-3.amazonaws.com/Produits/Images/Microsoft_365_logo.webp,microsoft,Microsoft365EandFNCE-isvfrnce,monthly511073,,Mensuel,,,,
Microsoft 365 NCE,USCFQ7TTC0JLX1000L,,https://manystacks.s3.eu-west-3.amazonaws.com/Produits/Images/Microsoft_365_logo.webp,microsoft,Microsoft365EandFNCE-isvfrnce,monthly511074,,Annuel,,,,
Microsoft 365 NCE,USCFQ7TTC0P4WT0007,,https://manystacks.s3.eu-west-3.amazonaws.com/Produits/Images/Microsoft_365_logo.webp,microsoft,Microsoft365EandFNCE-isvfrnce,monthly511075,,Mensuel,,,,
Microsoft 365 NCE,USCFQ7TTC0P4WT0007,,https://manystacks.s3.eu-west-3.amazonaws.com/Produits/Images/Microsoft_365_logo.webp,microsoft,Microsoft365EandFNCE-isvfrnce,monthly511076,,Mensuel,,,,
Microsoft 365 NCE,USCFQ7TTC0P4WT0007,,https://manystacks.s3.eu-west-3.amazonaws.com/Produits/Images/Microsoft_365_logo.webp,microsoft,Microsoft365EandFNCE-isvfrnce,monthly511077,,Annuel,,,,
Microsoft 365 NCE,USCFQ7TTC0LHPJ001H,,https://manystacks.s3.eu-west-3.amazonaws.com/Produits/Images/Microsoft_365_logo.webp,microsoft,Microsoft365EandFNCE-isvfrnce,monthly333,,Mensuel,,,,
Microsoft 365 NCE,USCFQ7TTC0LHPJ001D,,https://manystacks.s3.eu-west-3.amazonaws.com/Produits/Images/Microsoft_365_logo.webp,microsoft,Microsoft365EandFNCE-isvfrnce,monthly332,,Mensuel,,,,
Microsoft 365 NCE,USCFQ7TTC0LGZT0024,,https://manystacks.s3.eu-west-3.amazonaws.com/Produits/Images/Microsoft_365_logo.webp,microsoft,Microsoft365EandFNCE-isvfrnce,monthly341,,Mensuel,,,,
Microsoft 365 NCE,USCFQ7TTC0LH1F0018,,https://manystacks.s3.eu-west-3.amazonaws.com/Produits/Images/Microsoft_365_logo.webp,microsoft,Microsoft365EandFNCE-isvfrnce,monthly2235,,Annuel,,,,
Microsoft 365 NCE,USCFQ7TTC0LH1F0018,,https://manystacks.s3.eu-west-3.amazonaws.com/Produits/Images/Microsoft_365_logo.webp,microsoft,Microsoft365EandFNCE-isvfrnce,monthly2234,,Annuel,,,,
Microsoft 365 NCE,USCFQ7TTC0N4000008,,https://manystacks.s3.eu-west-3.amazonaws.com/Produits/Images/Microsoft_365_logo.webp,microsoft,Microsoft365EandFNCE-isvfrnce,monthly2499,,Mensuel,,,,
Microsoft 365 NCE,USCFQ7TTC0N4000008,,https://manystacks.s3.eu-west-3.amazonaws.com/Produits/Images/Microsoft_365_logo.webp,microsoft,Microsoft365EandFNCE-isvfrnce,monthly2497,,Annuel,,,,
Microsoft 365 NCE,USCFQ7TTC0N4000008,,https://manystacks.s3.eu-west-3.amazonaws.com/Produits/Images/Microsoft_365_logo.webp,microsoft,Microsoft365EandFNCE-isvfrnce,monthly2498,,Annuel,,,,
Microsoft 365 NCE,USCFQ7TTC0JLX1000J,,https://manystacks.s3.eu-west-3.amazonaws.com/Produits/Images/Microsoft_365_logo.webp,microsoft,Microsoft365EandFNCE-isvfrnce,monthly325,,Annuel,,,,
Microsoft 365 NCE,USCFQ7TTC0JLX1000J,,https://manystacks.s3.eu-west-3.amazonaws.com/Produits/Images/Microsoft_365_logo.webp,microsoft,Microsoft365EandFNCE-isvfrnce,monthly322,,Mensuel,,,,
Microsoft 365 NCE,USCFQ7TTC0JLX1000J,,https://manystacks.s3.eu-west-3.amazonaws.com/Produits/Images/Microsoft_365_logo.webp,microsoft,Microsoft365EandFNCE-isvfrnce,monthly324,,Annuel,,,,
Microsoft 365 NCE,USCFQ7TTC0RP6S0004,,https://manystacks.s3.eu-west-3.amazonaws.com/Produits/Images/Microsoft_365_logo.webp,microsoft,Microsoft365EandFNCE-isvfrnce,monthly2484,,Mensuel,,,,
Microsoft 365 NCE,USCFQ7TTC0RP6S0004,,https://manystacks.s3.eu-west-3.amazonaws.com/Produits/Images/Microsoft_365_logo.webp,microsoft,Microsoft365EandFNCE-isvfrnce,monthly2482,,Annuel,,,,
Microsoft 365 NCE,USCFQ7TTC0RP6S0004,,https://manystacks.s3.eu-west-3.amazonaws.com/Produits/Images/Microsoft_365_logo.webp,microsoft,Microsoft365EandFNCE-isvfrnce,monthly2483,,Annuel,,,,
Microsoft 365 NCE,USCFQ7TTC0NGGX0008,,https://manystacks.s3.eu-west-3.amazonaws.com/Produits/Images/Microsoft_365_logo.webp,microsoft,Microsoft365EandFNCE-isvfrnce,monthly2469,,Mensuel,,,,
Microsoft 365 NCE,USCFQ7TTC0NGGX0008,,https://manystacks.s3.eu-west-3.amazonaws.com/Produits/Images/Microsoft_365_logo.webp,microsoft,Microsoft365EandFNCE-isvfrnce,monthly2467,,Annuel,,,,
Microsoft 365 NCE,USCFQ7TTC0NGGX0008,,https://manystacks.s3.eu-west-3.amazonaws.com/Produits/Images/Microsoft_365_logo.webp,microsoft,Microsoft365EandFNCE-isvfrnce,monthly2468,,Annuel,,,,
Microsoft 365 NCE,USCFQ7TTC0Q17R0005,,https://manystacks.s3.eu-west-3.amazonaws.com/Produits/Images/Microsoft_365_logo.webp,microsoft,Microsoft365EandFNCE-isvfrnce,monthly2405,,Mensuel,,,,
Microsoft 365 NCE,USCFQ7TTC0Q17R0005,,https://manystacks.s3.eu-west-3.amazonaws.com/Produits/Images/Microsoft_365_logo.webp,microsoft,Microsoft365EandFNCE-isvfrnce,monthly2403,,Mensuel,,,,
Microsoft 365 NCE,USCFQ7TTC0Q17R0005,,https://manystacks.s3.eu-west-3.amazonaws.com/Produits/Images/Microsoft_365_logo.webp,microsoft,Microsoft365EandFNCE-isvfrnce,monthly2404,,Annuel,,,,
Microsoft 365 NCE,USCFQ7TTC0LHPJ0012,,https://manystacks.s3.eu-west-3.amazonaws.com/Produits/Images/Microsoft_365_logo.webp,microsoft,Microsoft365EandFNCE-isvfrnce,monthly336,,Annuel,,,,
Microsoft 365 NCE,USCFQ7TTC0LHPJ0012,,https://manystacks.s3.eu-west-3.amazonaws.com/Produits/Images/Microsoft_365_logo.webp,microsoft,Microsoft365EandFNCE-isvfrnce,monthly334,,Mensuel,,,,
Microsoft 365 NCE,USCFQ7TTC0LHPJ0012,,https://manystacks.s3.eu-west-3.amazonaws.com/Produits/Images/Microsoft_365_logo.webp,microsoft,Microsoft365EandFNCE-isvfrnce,monthly335,,Annuel,,,,
Microsoft 365 NCE,USCFQ7TTC0LHPJ0016,,https://manystacks.s3.eu-west-3.amazonaws.com/Produits/Images/Microsoft_365_logo.webp,microsoft,Microsoft365EandFNCE-isvfrnce,monthly339,,Annuel,,,,
Microsoft 365 NCE,USCFQ7TTC0LHPJ0016,,https://manystacks.s3.eu-west-3.amazonaws.com/Produits/Images/Microsoft_365_logo.webp,microsoft,Microsoft365EandFNCE-isvfrnce,monthly337,,Mensuel,,,,
Microsoft 365 NCE,USCFQ7TTC0LHPJ0016,,https://manystacks.s3.eu-west-3.amazonaws.com/Produits/Images/Microsoft_365_logo.webp,microsoft,Microsoft365EandFNCE-isvfrnce,monthly338,,Annuel,,,,
Microsoft 365 NCE,USCFQ7TTC0RP760006,,https://manystacks.s3.eu-west-3.amazonaws.com/Produits/Images/Microsoft_365_logo.webp,microsoft,Microsoft365EandFNCE-isvfrnce,monthly2543,,Mensuel,,,,
Microsoft 365 NCE,USCFQ7TTC0RP760006,,https://manystacks.s3.eu-west-3.amazonaws.com/Produits/Images/Microsoft_365_logo.webp,microsoft,Microsoft365EandFNCE-isvfrnce,monthly2541,,Annuel,,,,
Microsoft 365 NCE,USCFQ7TTC0RP760006,,https://manystacks.s3.eu-west-3.amazonaws.com/Produits/Images/Microsoft_365_logo.webp,microsoft,Microsoft365EandFNCE-isvfrnce,monthly2542,,Annuel,,,,
Microsoft 365 NCE,USCFQ7TTC0RZFJ0005,,https://manystacks.s3.eu-west-3.amazonaws.com/Produits/Images/Microsoft_365_logo.webp,microsoft,Microsoft365EandFNCE-isvfrnce,monthly2558,,Mensuel,,,,
Microsoft 365 NCE,USCFQ7TTC0RZFJ0005,,https://manystacks.s3.eu-west-3.amazonaws.com/Produits/Images/Microsoft_365_logo.webp,microsoft,Microsoft365EandFNCE-isvfrnce,monthly2556,,Annuel,,,,
Microsoft 365 NCE,USCFQ7TTC0RZFJ0005,,https://manystacks.s3.eu-west-3.amazonaws.com/Produits/Images/Microsoft_365_logo.webp,microsoft,Microsoft365EandFNCE-isvfrnce,monthly2557,,Annuel,,,,
Microsoft 365 NCE,USCFQ7TTC0R9QB000F,,https://manystacks.s3.eu-west-3.amazonaws.com/Produits/Images/Microsoft_365_logo.webp,microsoft,Microsoft365EandFNCE-isvfrnce,monthly2455,,Mensuel,,,,
Microsoft 365 NCE,USCFQ7TTC0R9QB000F,,https://manystacks.s3.eu-west-3.amazonaws.com/Produits/Images/Microsoft_365_logo.webp,microsoft,Microsoft365EandFNCE-isvfrnce,monthly2453,,Mensuel,,,,
Microsoft 365 NCE,USCFQ7TTC0R9QB000F,,https://manystacks.s3.eu-west-3.amazonaws.com/Produits/Images/Microsoft_365_logo.webp,microsoft,Microsoft365EandFNCE-isvfrnce,monthly2454,,Annuel,,,,
Microsoft 365 NCE,USCFQ7TTC0HDJX000D,,https://manystacks.s3.eu-west-3.amazonaws.com/Produits/Images/Microsoft_365_logo.webp,microsoft,Microsoft365EandFNCE-isvfrnce,monthly1938,,Mensuel,,,,
Microsoft 365 NCE,USCFQ7TTC0HDJX000D,,https://manystacks.s3.eu-west-3.amazonaws.com/Produits/Images/Microsoft_365_logo.webp,microsoft,Microsoft365EandFNCE-isvfrnce,monthly1936,,Annuel,,,,
Microsoft 365 NCE,USCFQ7TTC0HDJX000D,,https://manystacks.s3.eu-west-3.amazonaws.com/Produits/Images/Microsoft_365_logo.webp,microsoft,Microsoft365EandFNCE-isvfrnce,monthly1937,,Annuel,,,,
Microsoft 365 NCE,USCFQ7TTC0LH0Z0001,,https://manystacks.s3.eu-west-3.amazonaws.com/Produits/Images/Microsoft_365_logo.webp,microsoft,Microsoft365EandFNCE-isvfrnce,monthly1325,,Mensuel,,,,
Microsoft 365 NCE,USCFQ7TTC0LH0Z0001,,https://manystacks.s3.eu-west-3.amazonaws.com/Produits/Images/Microsoft_365_logo.webp,microsoft,Microsoft365EandFNCE-isvfrnce,monthly1327,,Mensuel,,,,
Microsoft 365 NCE,USCFQ7TTC0LH0Z0001,,https://manystacks.s3.eu-west-3.amazonaws.com/Produits/Images/Microsoft_365_logo.webp,microsoft,Microsoft365EandFNCE-isvfrnce,monthly1326,,Annuel,,,,
Microsoft 365 NCE,USCFQ7TTC0P4WT0009,,https://manystacks.s3.eu-west-3.amazonaws.com/Produits/Images/Microsoft_365_logo.webp,microsoft,Microsoft365EandFNCE-isvfrnce,monthly358,,Mensuel,,,,
Microsoft 365 NCE,USCFQ7TTC0P4WT0009,,https://manystacks.s3.eu-west-3.amazonaws.com/Produits/Images/Microsoft_365_logo.webp,microsoft,Microsoft365EandFNCE-isvfrnce,monthly356,,Mensuel,,,,
Microsoft 365 NCE,USCFQ7TTC0P4WT0009,,https://manystacks.s3.eu-west-3.amazonaws.com/Produits/Images/Microsoft_365_logo.webp,microsoft,Microsoft365EandFNCE-isvfrnce,monthly357,,Annuel,,,,
Microsoft 365 NCE,USCFQ7TTC0P4WT000B,,https://manystacks.s3.eu-west-3.amazonaws.com/Produits/Images/Microsoft_365_logo.webp,microsoft,Microsoft365EandFNCE-isvfrnce,monthly361,,Annuel,,,,
Microsoft 365 NCE,USCFQ7TTC0P4WT000B,,https://manystacks.s3.eu-west-3.amazonaws.com/Produits/Images/Microsoft_365_logo.webp,microsoft,Microsoft365EandFNCE-isvfrnce,monthly359,,Mensuel,,,,
Microsoft 365 NCE,USCFQ7TTC0P4WT000B,,https://manystacks.s3.eu-west-3.amazonaws.com/Produits/Images/Microsoft_365_logo.webp,microsoft,Microsoft365EandFNCE-isvfrnce,monthly360,,Annuel,,,,
Microsoft 365 NCE,USCFQ7TTC0P4WT000C,,https://manystacks.s3.eu-west-3.amazonaws.com/Produits/Images/Microsoft_365_logo.webp,microsoft,Microsoft365EandFNCE-isvfrnce,monthly362,,Mensuel,,,,
Microsoft 365 NCE,USCFQ7TTC0P4WT000C,,https://manystacks.s3.eu-west-3.amazonaws.com/Produits/Images/Microsoft_365_logo.webp,microsoft,Microsoft365EandFNCE-isvfrnce,monthly364,,Mensuel,,,,
Microsoft 365 NCE,USCFQ7TTC0P4WT000C,,https://manystacks.s3.eu-west-3.amazonaws.com/Produits/Images/Microsoft_365_logo.webp,microsoft,Microsoft365EandFNCE-isvfrnce,monthly363,,Annuel,,,,
Microsoft 365 NCE,USCFQ7TTC0LCH4001N,,https://manystacks.s3.eu-west-3.amazonaws.com/Produits/Images/Microsoft_365_logo.webp,microsoft,Microsoft365EandFNCE-isvfrnce,monthly2520,,Mensuel,,,,
Microsoft 365 NCE,USCFQ7TTC0LCH4001N,,https://manystacks.s3.eu-west-3.amazonaws.com/Produits/Images/Microsoft_365_logo.webp,microsoft,Microsoft365EandFNCE-isvfrnce,monthly2518,,Mensuel,,,,
Microsoft 365 NCE,USCFQ7TTC0LCH4001N,,https://manystacks.s3.eu-west-3.amazonaws.com/Produits/Images/Microsoft_365_logo.webp,microsoft,Microsoft365EandFNCE-isvfrnce,monthly2519,,Annuel,,,,
Microsoft 365 NCE,USCFQ7TTC0J1ZS0006,,https://manystacks.s3.eu-west-3.amazonaws.com/Produits/Images/Microsoft_365_logo.webp,microsoft,Microsoft365EandFNCE-isvfrnce,monthly2564,,Mensuel,,,,
Microsoft 365 NCE,USCFQ7TTC0J1ZS0006,,https://manystacks.s3.eu-west-3.amazonaws.com/Produits/Images/Microsoft_365_logo.webp,microsoft,Microsoft365EandFNCE-isvfrnce,monthly2562,,Mensuel,,,,
Microsoft 365 NCE,USCFQ7TTC0J1ZS0006,,https://manystacks.s3.eu-west-3.amazonaws.com/Produits/Images/Microsoft_365_logo.webp,microsoft,Microsoft365EandFNCE-isvfrnce,monthly2563,,Annuel,,,,
Microsoft 365 NCE,M365-F1-GCC-GOV,,https://manystacks.s3.eu-west-3.amazonaws.com/Produits/Images/Microsoft_365_logo.webp,microsoft,Microsoft365EandFNCE-isvfrnce,M365-F1-GCC-GOV-n0,,Annuel,,,,
Microsoft 365 NCE,M365-F1-GCC-GOV,,https://manystacks.s3.eu-west-3.amazonaws.com/Produits/Images/Microsoft_365_logo.webp,microsoft,Microsoft365EandFNCE-isvfrnce,M365-F1-GCC-GOV-n1,,Mensuel,,,,
Microsoft 365 NCE,M365-F1-GCC-GOV,,https://manystacks.s3.eu-west-3.amazonaws.com/Produits/Images/Microsoft_365_logo.webp,microsoft,Microsoft365EandFNCE-isvfrnce,M365-F1-GCC-GOV-n2,,Mensuel,,,,
Microsoft 365 NCE,M365-F3-GCC-GOV,,https://manystacks.s3.eu-west-3.amazonaws.com/Produits/Images/Microsoft_365_logo.webp,microsoft,Microsoft365EandFNCE-isvfrnce,M365-F3-GCC-GOV-n0,,Annuel,,,,
Microsoft 365 NCE,M365-F3-GCC-GOV,,https://manystacks.s3.eu-west-3.amazonaws.com/Produits/Images/Microsoft_365_logo.webp,microsoft,Microsoft365EandFNCE-isvfrnce,M365-F3-GCC-GOV-n1,,Mensuel,,,,
Microsoft 365 NCE,M365-F3-GCC-GOV,,https://manystacks.s3.eu-west-3.amazonaws.com/Produits/Images/Microsoft_365_logo.webp,microsoft,Microsoft365EandFNCE-isvfrnce,M365-F3-GCC-GOV-n2,,Mensuel,,,,
Microsoft 365 NCE,Microsoft-Intune-Suite-for-FLW,,https://manystacks.s3.eu-west-3.amazonaws.com/Produits/Images/Microsoft_365_logo.webp,microsoft,Microsoft365EandFNCE-isvfrnce,Microsoft-Intune-Suite-for-FL-n0,,Mensuel,,,,
Microsoft 365 NCE,Microsoft-Intune-Suite-for-FLW,,https://manystacks.s3.eu-west-3.amazonaws.com/Produits/Images/Microsoft_365_logo.webp,microsoft,Microsoft365EandFNCE-isvfrnce,Microsoft-Intune-Suite-for-FL-n1,,Mensuel,,,,
Microsoft 365 NCE,Microsoft-Intune-Suite-for-FLW,,https://manystacks.s3.eu-west-3.amazonaws.com/Produits/Images/Microsoft_365_logo.webp,microsoft,Microsoft365EandFNCE-isvfrnce,Microsoft-Intune-Suite-for-FL-n2,,Annuel,,,,
Microsoft 365 NCE,Microsoft-Cloud-PKI-for-FLW,,https://manystacks.s3.eu-west-3.amazonaws.com/Produits/Images/Microsoft_365_logo.webp,microsoft,Microsoft365EandFNCE-isvfrnce,Microsoft-Cloud-PKI-for-FLW-n0,,Mensuel,,,,
Microsoft 365 NCE,Microsoft-Cloud-PKI-for-FLW,,https://manystacks.s3.eu-west-3.amazonaws.com/Produits/Images/Microsoft_365_logo.webp,microsoft,Microsoft365EandFNCE-isvfrnce,Microsoft-Cloud-PKI-for-FLW-n1,,Mensuel,,,,
Microsoft 365 NCE,Microsoft-Cloud-PKI-for-FLW,,https://manystacks.s3.eu-west-3.amazonaws.com/Produits/Images/Microsoft_365_logo.webp,microsoft,Microsoft365EandFNCE-isvfrnce,Microsoft-Cloud-PKI-for-FLW-n2,,Annuel,,,,
Microsoft 365 NCE,Microsoft-Intune-Advanced-Ana-n3,,https://manystacks.s3.eu-west-3.amazonaws.com/Produits/Images/Microsoft_365_logo.webp,microsoft,Microsoft365EandFNCE-isvfrnce,Microsoft-Intune-Advanced-Ana-n4,,Mensuel,,,,
Microsoft 365 NCE,Microsoft-Intune-Advanced-Ana-n3,,https://manystacks.s3.eu-west-3.amazonaws.com/Produits/Images/Microsoft_365_logo.webp,microsoft,Microsoft365EandFNCE-isvfrnce,Microsoft-Intune-Advanced-Ana-n5,,Mensuel,,,,
Microsoft 365 NCE,Microsoft-Intune-Advanced-Ana-n3,,https://manystacks.s3.eu-west-3.amazonaws.com/Produits/Images/Microsoft_365_logo.webp,microsoft,Microsoft365EandFNCE-isvfrnce,Microsoft-Intune-Advanced-Ana-n6,,Annuel,,,,
Microsoft 365 NCE,Microsoft-Intune-Endpoint-Pri-n0,,https://manystacks.s3.eu-west-3.amazonaws.com/Produits/Images/Microsoft_365_logo.webp,microsoft,Microsoft365EandFNCE-isvfrnce,Microsoft-Intune-Endpoint-Pri-n1,,Mensuel,,,,
Microsoft 365 NCE,Microsoft-Intune-Endpoint-Pri-n0,,https://manystacks.s3.eu-west-3.amazonaws.com/Produits/Images/Microsoft_365_logo.webp,microsoft,Microsoft365EandFNCE-isvfrnce,Microsoft-Intune-Endpoint-Pri-n2,,Mensuel,,,,
Microsoft 365 NCE,Microsoft-Intune-Endpoint-Pri-n0,,https://manystacks.s3.eu-west-3.amazonaws.com/Produits/Images/Microsoft_365_logo.webp,microsoft,Microsoft365EandFNCE-isvfrnce,Microsoft-Intune-Endpoint-Pri-n3,,Annuel,,,,
Microsoft 365 NCE,Microsoft-Intune-Enterprise-A-n3,,https://manystacks.s3.eu-west-3.amazonaws.com/Produits/Images/Microsoft_365_logo.webp,microsoft,Microsoft365EandFNCE-isvfrnce,Microsoft-Intune-Enterprise-A-n4,,Mensuel,,,,
Microsoft 365 NCE,Microsoft-Intune-Enterprise-A-n3,,https://manystacks.s3.eu-west-3.amazonaws.com/Produits/Images/Microsoft_365_logo.webp,microsoft,Microsoft365EandFNCE-isvfrnce,Microsoft-Intune-Enterprise-A-n5,,Mensuel,,,,
Microsoft 365 NCE,Microsoft-Intune-Enterprise-A-n3,,https://manystacks.s3.eu-west-3.amazonaws.com/Produits/Images/Microsoft_365_logo.webp,microsoft,Microsoft365EandFNCE-isvfrnce,Microsoft-Intune-Enterprise-A-n6,,Annuel,,,,
Microsoft 365 NCE,Microsoft-Intune-Plan-2-for-FLW,,https://manystacks.s3.eu-west-3.amazonaws.com/Produits/Images/Microsoft_365_logo.webp,microsoft,Microsoft365EandFNCE-isvfrnce,Microsoft-Intune-Plan-2-for-F-n0,,Mensuel,,,,
Microsoft 365 NCE,Microsoft-Intune-Plan-2-for-FLW,,https://manystacks.s3.eu-west-3.amazonaws.com/Produits/Images/Microsoft_365_logo.webp,microsoft,Microsoft365EandFNCE-isvfrnce,Microsoft-Intune-Plan-2-for-F-n1,,Mensuel,,,,
Microsoft 365 NCE,Microsoft-Intune-Plan-2-for-FLW,,https://manystacks.s3.eu-west-3.amazonaws.com/Produits/Images/Microsoft_365_logo.webp,microsoft,Microsoft365EandFNCE-isvfrnce,Microsoft-Intune-Plan-2-for-F-n2,,Annuel,,,,
Microsoft 365 NCE,Microsoft-Intune-Remote-Help-for,,https://manystacks.s3.eu-west-3.amazonaws.com/Produits/Images/Microsoft_365_logo.webp,microsoft,Microsoft365EandFNCE-isvfrnce,Microsoft-Intune-Remote-Help--n0,,Mensuel,,,,
Microsoft 365 NCE,Microsoft-Intune-Remote-Help-for,,https://manystacks.s3.eu-west-3.amazonaws.com/Produits/Images/Microsoft_365_logo.webp,microsoft,Microsoft365EandFNCE-isvfrnce,Microsoft-Intune-Remote-Help--n1,,Mensuel,,,,
Microsoft 365 NCE,Microsoft-Intune-Remote-Help-for,,https://manystacks.s3.eu-west-3.amazonaws.com/Produits/Images/Microsoft_365_logo.webp,microsoft,Microsoft365EandFNCE-isvfrnce,Microsoft-Intune-Remote-Help--n2,,Annuel,,,,
Microsoft 365 NCE,Cross-tenant-user-data-migration,,https://manystacks.s3.eu-west-3.amazonaws.com/Produits/Images/Microsoft_365_logo.webp,microsoft,Microsoft365EandFNCE-isvfrnce,Cross-tenant-user-data-migrat-n0,,Annuel,,,,
Microsoft 365 NCE,Microsoft-Sustainability-Man-n11,,https://manystacks.s3.eu-west-3.amazonaws.com/Produits/Images/Microsoft_365_logo.webp,microsoft,Microsoft365EandFNCE-isvfrnce,Microsoft-Sustainability-Man-n12,,Mensuel,,,,
Microsoft 365 NCE,Microsoft-Sustainability-Man-n11,,https://manystacks.s3.eu-west-3.amazonaws.com/Produits/Images/Microsoft_365_logo.webp,microsoft,Microsoft365EandFNCE-isvfrnce,Microsoft-Sustainability-Man-n13,,Annuel,,,,
Microsoft 365 NCE,Microsoft-Sustainability-Man-n11,,https://manystacks.s3.eu-west-3.amazonaws.com/Produits/Images/Microsoft_365_logo.webp,microsoft,Microsoft365EandFNCE-isvfrnce,Microsoft-Sustainability-Man-n14,,Mensuel,,,,
Microsoft 365 NCE,Microsoft-Sustainability-Man-n15,,https://manystacks.s3.eu-west-3.amazonaws.com/Produits/Images/Microsoft_365_logo.webp,microsoft,Microsoft365EandFNCE-isvfrnce,Microsoft-Sustainability-Man-n16,,Mensuel,,,,
Microsoft 365 NCE,Microsoft-Sustainability-Man-n15,,https://manystacks.s3.eu-west-3.amazonaws.com/Produits/Images/Microsoft_365_logo.webp,microsoft,Microsoft365EandFNCE-isvfrnce,Microsoft-Sustainability-Man-n17,,Mensuel,,,,
Microsoft 365 NCE,Microsoft-Sustainability-Man-n15,,https://manystacks.s3.eu-west-3.amazonaws.com/Produits/Images/Microsoft_365_logo.webp,microsoft,Microsoft365EandFNCE-isvfrnce,Microsoft-Sustainability-Man-n18,,Annuel,,,,
Microsoft 365 NCE,Microsoft-Sustainability-Man-n19,,https://manystacks.s3.eu-west-3.amazonaws.com/Produits/Images/Microsoft_365_logo.webp,microsoft,Microsoft365EandFNCE-isvfrnce,Microsoft-Sustainability-Man-n20,,Mensuel,,,,
Microsoft 365 NCE,Microsoft-Sustainability-Man-n27,,https://manystacks.s3.eu-west-3.amazonaws.com/Produits/Images/Microsoft_365_logo.webp,microsoft,Microsoft365EandFNCE-isvfrnce,Microsoft-Sustainability-Man-n28,,Mensuel,,,,
Microsoft 365 NCE,Minecraft-EDU-per-user-EDU-STU,,https://manystacks.s3.eu-west-3.amazonaws.com/Produits/Images/Microsoft_365_logo.webp,microsoft,Microsoft365EandFNCE-isvfrnce,Minecraft-EDU-per-user-EDU-ST-n0,,Mensuel,,,,
Microsoft 365 NCE,Minecraft-EDU-per-user-EDU-STU,,https://manystacks.s3.eu-west-3.amazonaws.com/Produits/Images/Microsoft_365_logo.webp,microsoft,Microsoft365EandFNCE-isvfrnce,Minecraft-EDU-per-user-EDU-ST-n1,,Annuel,,,,
Microsoft Teams Add On,USCFQ7TTC0LH0T0001,,https://manystacks.s3.eu-west-3.amazonaws.com/Produits/Images/Microsoft_365_logo.webp,microsoft,MicrosoftTeamsAdd-isvfrnce,Monthly-Plan,,Mensuel,,,,
Microsoft Teams Add On,USCFQ7TTC0LH0T0001,,https://manystacks.s3.eu-west-3.amazonaws.com/Produits/Images/Microsoft_365_logo.webp,microsoft,MicrosoftTeamsAdd-isvfrnce,Monthly---Annual-Commit,,Mensuel,,,,
Microsoft Teams Add On,USCFQ7TTC0LH0T0001,,https://manystacks.s3.eu-west-3.amazonaws.com/Produits/Images/Microsoft_365_logo.webp,microsoft,MicrosoftTeamsAdd-isvfrnce,Annual-Plan,,Annuel,,,,
Microsoft Teams Add On,USCFQ7TTC0HL730001,,https://manystacks.s3.eu-west-3.amazonaws.com/Produits/Images/Microsoft_365_logo.webp,microsoft,MicrosoftTeamsAdd-isvfrnce,Monthly-Plan-n1,,Mensuel,,,,
Microsoft Teams Add On,USCFQ7TTC0HL730001,,https://manystacks.s3.eu-west-3.amazonaws.com/Produits/Images/Microsoft_365_logo.webp,microsoft,MicrosoftTeamsAdd-isvfrnce,Monthly---Annual-Commit-n1,,Mensuel,,,,
Microsoft Teams Add On,USCFQ7TTC0HL730001,,https://manystacks.s3.eu-west-3.amazonaws.com/Produits/Images/Microsoft_365_logo.webp,microsoft,MicrosoftTeamsAdd-isvfrnce,Annual-Plan-n1,,Annuel,,,,
Microsoft Teams Add On,USCFQ7TTC0LH0R0001,,https://manystacks.s3.eu-west-3.amazonaws.com/Produits/Images/Microsoft_365_logo.webp,microsoft,MicrosoftTeamsAdd-isvfrnce,Monthly-Plan-n2,,Mensuel,,,,
Microsoft Teams Add On,USCFQ7TTC0LH0R0001,,https://manystacks.s3.eu-west-3.amazonaws.com/Produits/Images/Microsoft_365_logo.webp,microsoft,MicrosoftTeamsAdd-isvfrnce,Monthly---Annual-Commit-n2,,Mensuel,,,,
Microsoft Teams Add On,USCFQ7TTC0LH0R0001,,https://manystacks.s3.eu-west-3.amazonaws.com/Produits/Images/Microsoft_365_logo.webp,microsoft,MicrosoftTeamsAdd-isvfrnce,Annual-Plan-n2,,Annuel,,,,
Microsoft Teams Add On,USCFQ7TTC0HL73000C,,https://manystacks.s3.eu-west-3.amazonaws.com/Produits/Images/Microsoft_365_logo.webp,microsoft,MicrosoftTeamsAdd-isvfrnce,Monthly,,Mensuel,,,,
Microsoft Teams Add On,USCFQ7TTC0HL73000C,,https://manystacks.s3.eu-west-3.amazonaws.com/Produits/Images/Microsoft_365_logo.webp,microsoft,MicrosoftTeamsAdd-isvfrnce,Annual,,Annuel,,,,
Microsoft Teams Add On,USCFQ7TTC0HL73000C,,https://manystacks.s3.eu-west-3.amazonaws.com/Produits/Images/Microsoft_365_logo.webp,microsoft,MicrosoftTeamsAdd-isvfrnce,Monthly---Annual-Commit-n3,,Mensuel,,,,
Microsoft Teams Add On,USCFQ7TTC0HL730008,,https://manystacks.s3.eu-west-3.amazonaws.com/Produits/Images/Microsoft_365_logo.webp,microsoft,MicrosoftTeamsAdd-isvfrnce,Monthly-n0,,Mensuel,,,,
Microsoft Teams Add On,USCFQ7TTC0HL730008,,https://manystacks.s3.eu-west-3.amazonaws.com/Produits/Images/Microsoft_365_logo.webp,microsoft,MicrosoftTeamsAdd-isvfrnce,Annual-n0,,Annuel,,,,
Microsoft Teams Add On,USCFQ7TTC0HL730008,,https://manystacks.s3.eu-west-3.amazonaws.com/Produits/Images/Microsoft_365_logo.webp,microsoft,MicrosoftTeamsAdd-isvfrnce,Monthly---Annual-Commit-n4,,Mensuel,,,,
Microsoft Teams Add On,USCFQ7TTC0LHXJ0017,,https://manystacks.s3.eu-west-3.amazonaws.com/Produits/Images/Microsoft_365_logo.webp,microsoft,MicrosoftTeamsAdd-isvfrnce,Monthly-n1,,Mensuel,,,,
Microsoft Teams Add On,USCFQ7TTC0LHXJ0017,,https://manystacks.s3.eu-west-3.amazonaws.com/Produits/Images/Microsoft_365_logo.webp,microsoft,MicrosoftTeamsAdd-isvfrnce,Annual-n1,,Annuel,,,,
Microsoft Teams Add On,USCFQ7TTC0LHXJ0017,,https://manystacks.s3.eu-west-3.amazonaws.com/Produits/Images/Microsoft_365_logo.webp,microsoft,MicrosoftTeamsAdd-isvfrnce,Monthly---Annual-Commit-n5,,Mensuel,,,,
Microsoft Teams Add On,USCFQ7TTC0JXCZ0009,,https://manystacks.s3.eu-west-3.amazonaws.com/Produits/Images/Microsoft_365_logo.webp,microsoft,MicrosoftTeamsAdd-isvfrnce,Monthly-n2,,Mensuel,,,,
Microsoft Teams Add On,USCFQ7TTC0JXCZ0009,,https://manystacks.s3.eu-west-3.amazonaws.com/Produits/Images/Microsoft_365_logo.webp,microsoft,MicrosoftTeamsAdd-isvfrnce,Annual-n2,,Annuel,,,,
Microsoft Teams Add On,USCFQ7TTC0JXCZ0009,,https://manystacks.s3.eu-west-3.amazonaws.com/Produits/Images/Microsoft_365_logo.webp,microsoft,MicrosoftTeamsAdd-isvfrnce,Monthly---Annual-Commit-n6,,Mensuel,,,,
Microsoft Teams Add On,USCFQ7TTC0LHXD0001,,https://manystacks.s3.eu-west-3.amazonaws.com/Produits/Images/Microsoft_365_logo.webp,microsoft,MicrosoftTeamsAdd-isvfrnce,Monthly-n3,,Mensuel,,,,
Microsoft Teams Add On,USCFQ7TTC0LHXD0001,,https://manystacks.s3.eu-west-3.amazonaws.com/Produits/Images/Microsoft_365_logo.webp,microsoft,MicrosoftTeamsAdd-isvfrnce,Annual-n3,,Annuel,,,,
Microsoft Teams Add On,USCFQ7TTC0LHXD0001,,https://manystacks.s3.eu-west-3.amazonaws.com/Produits/Images/Microsoft_365_logo.webp,microsoft,MicrosoftTeamsAdd-isvfrnce,Monthly---Annual-Commit-n7,,Mensuel,,,,
Microsoft Teams Add On,USCFQ7TTC0J1GC0003,,https://manystacks.s3.eu-west-3.amazonaws.com/Produits/Images/Microsoft_365_logo.webp,microsoft,MicrosoftTeamsAdd-isvfrnce,Monthly-n4,,Mensuel,,,,
Microsoft Teams Add On,USCFQ7TTC0J1GC0003,,https://manystacks.s3.eu-west-3.amazonaws.com/Produits/Images/Microsoft_365_logo.webp,microsoft,MicrosoftTeamsAdd-isvfrnce,Annual-n4,,Annuel,,,,
Microsoft Teams Add On,USCFQ7TTC0J1GC0003,,https://manystacks.s3.eu-west-3.amazonaws.com/Produits/Images/Microsoft_365_logo.webp,microsoft,MicrosoftTeamsAdd-isvfrnce,Monthly---Annual-Commit-n8,,Mensuel,,,,
Microsoft Teams Add On,USCFQ7TTC0QR790002,,https://manystacks.s3.eu-west-3.amazonaws.com/Produits/Images/Microsoft_365_logo.webp,microsoft,MicrosoftTeamsAdd-isvfrnce,Annual-n5,,Annuel,,,,
Microsoft Teams Add On,USCFQ7TTC0QR790002,,https://manystacks.s3.eu-west-3.amazonaws.com/Produits/Images/Microsoft_365_logo.webp,microsoft,MicrosoftTeamsAdd-isvfrnce,Monthly---Annual-Commit-n9,,Mensuel,,,,
Microsoft Teams Add On,USCFQ7TTC0QR790004,,https://manystacks.s3.eu-west-3.amazonaws.com/Produits/Images/Microsoft_365_logo.webp,microsoft,MicrosoftTeamsAdd-isvfrnce,Annual-n6,,Annuel,,,,
Microsoft Teams Add On,USCFQ7TTC0QR790004,,https://manystacks.s3.eu-west-3.amazonaws.com/Produits/Images/Microsoft_365_logo.webp,microsoft,MicrosoftTeamsAdd-isvfrnce,Monthly---Annual-Commit-n10,,Mensuel,,,,
Microsoft Teams Add On,USCFQ7TTC0JXCZ0004,,https://manystacks.s3.eu-west-3.amazonaws.com/Produits/Images/Microsoft_365_logo.webp,microsoft,MicrosoftTeamsAdd-isvfrnce,Monthly-n7,,Mensuel,,,,
Microsoft Teams Add On,USCFQ7TTC0JXCZ0004,,https://manystacks.s3.eu-west-3.amazonaws.com/Produits/Images/Microsoft_365_logo.webp,microsoft,MicrosoftTeamsAdd-isvfrnce,Annual-n7,,Annuel,,,,
Microsoft Teams Add On,USCFQ7TTC0JXCZ0004,,https://manystacks.s3.eu-west-3.amazonaws.com/Produits/Images/Microsoft_365_logo.webp,microsoft,MicrosoftTeamsAdd-isvfrnce,Monthly---Annual-Commit-n11,,Mensuel,,,,
Microsoft Teams Add On,USCFQ7TTC0MJ200002,,https://manystacks.s3.eu-west-3.amazonaws.com/Produits/Images/Microsoft_365_logo.webp,microsoft,MicrosoftTeamsAdd-isvfrnce,Monthly-n8,,Mensuel,,,,
Microsoft Teams Add On,USCFQ7TTC0MJ200002,,https://manystacks.s3.eu-west-3.amazonaws.com/Produits/Images/Microsoft_365_logo.webp,microsoft,MicrosoftTeamsAdd-isvfrnce,Annual-n8,,Annuel,,,,
Microsoft Teams Add On,USCFQ7TTC0MJ200002,,https://manystacks.s3.eu-west-3.amazonaws.com/Produits/Images/Microsoft_365_logo.webp,microsoft,MicrosoftTeamsAdd-isvfrnce,Monthly-Annual-Commit,,Mensuel,,,,
Microsoft Teams Add On,USCFQ7TTC0MJ200003,,https://manystacks.s3.eu-west-3.amazonaws.com/Produits/Images/Microsoft_365_logo.webp,microsoft,MicrosoftTeamsAdd-isvfrnce,Monthly-Annual-Commit-n0,,Mensuel,,,,
Microsoft Teams Add On,USCFQ7TTC0MJ200003,,https://manystacks.s3.eu-west-3.amazonaws.com/Produits/Images/Microsoft_365_logo.webp,microsoft,MicrosoftTeamsAdd-isvfrnce,Annual-n9,,Annuel,,,,
Microsoft Teams Add On,USCFQ7TTC0MJ230001,,https://manystacks.s3.eu-west-3.amazonaws.com/Produits/Images/Microsoft_365_logo.webp,microsoft,MicrosoftTeamsAdd-isvfrnce,Monthly-n9,,Mensuel,,,,
Microsoft Teams Add On,USCFQ7TTC0MJ230001,,https://manystacks.s3.eu-west-3.amazonaws.com/Produits/Images/Microsoft_365_logo.webp,microsoft,MicrosoftTeamsAdd-isvfrnce,Annual-n10,,Annuel,,,,
Microsoft Teams Add On,USCFQ7TTC0MJ230001,,https://manystacks.s3.eu-west-3.amazonaws.com/Produits/Images/Microsoft_365_logo.webp,microsoft,MicrosoftTeamsAdd-isvfrnce,Monthly-Annual-Commit-n1,,Mensuel,,,,
Microsoft Teams Add On,USCFQ7TTC0QR790012,,https://manystacks.s3.eu-west-3.amazonaws.com/Produits/Images/Microsoft_365_logo.webp,microsoft,MicrosoftTeamsAdd-isvfrnce,Monthly-n10,,Mensuel,,,,
Microsoft Teams Add On,USCFQ7TTC0QR790012,,https://manystacks.s3.eu-west-3.amazonaws.com/Produits/Images/Microsoft_365_logo.webp,microsoft,MicrosoftTeamsAdd-isvfrnce,Annual-n11,,Annuel,,,,
Microsoft Teams Add On,USCFQ7TTC0QR790012,,https://manystacks.s3.eu-west-3.amazonaws.com/Produits/Images/Microsoft_365_logo.webp,microsoft,MicrosoftTeamsAdd-isvfrnce,Monthly-Annual-Commit-n2,,Mensuel,,,,
Microsoft Teams Add On,USCFQ7TTC0MJ200001,,https://manystacks.s3.eu-west-3.amazonaws.com/Produits/Images/Microsoft_365_logo.webp,microsoft,MicrosoftTeamsAdd-isvfrnce,Monthly-n11,,Mensuel,,,,
Microsoft Teams Add On,USCFQ7TTC0MJ200001,,https://manystacks.s3.eu-west-3.amazonaws.com/Produits/Images/Microsoft_365_logo.webp,microsoft,MicrosoftTeamsAdd-isvfrnce,Annual-n12,,Annuel,,,,
Microsoft Teams Add On,USCFQ7TTC0MJ200001,,https://manystacks.s3.eu-west-3.amazonaws.com/Produits/Images/Microsoft_365_logo.webp,microsoft,MicrosoftTeamsAdd-isvfrnce,Monthly---Annual-Commit-n12,,Mensuel,,,,
Microsoft Teams Add On,USCFQ7TTC0QR790001,,https://manystacks.s3.eu-west-3.amazonaws.com/Produits/Images/Microsoft_365_logo.webp,microsoft,MicrosoftTeamsAdd-isvfrnce,Monthly-n12,,Mensuel,,,,
Microsoft Teams Add On,USCFQ7TTC0MJ3G0001,,https://manystacks.s3.eu-west-3.amazonaws.com/Produits/Images/Microsoft_365_logo.webp,microsoft,MicrosoftTeamsAdd-isvfrnce,Monthly-n13,,Mensuel,,,,
Microsoft Teams Add On,USCFQ7TTC0MJ3G0001,,https://manystacks.s3.eu-west-3.amazonaws.com/Produits/Images/Microsoft_365_logo.webp,microsoft,MicrosoftTeamsAdd-isvfrnce,Annual-n14,,Annuel,,,,
Microsoft Teams Add On,USCFQ7TTC0MJ3G0001,,https://manystacks.s3.eu-west-3.amazonaws.com/Produits/Images/Microsoft_365_logo.webp,microsoft,MicrosoftTeamsAdd-isvfrnce,Monthly---Annual-Commit-n14,,Mensuel,,,,
Microsoft Teams Add On,USCFQ7TTC0MJ3X0001,,https://manystacks.s3.eu-west-3.amazonaws.com/Produits/Images/Microsoft_365_logo.webp,microsoft,MicrosoftTeamsAdd-isvfrnce,Monthly-n14,,Mensuel,,,,
Microsoft Teams Add On,USCFQ7TTC0MJ3X0001,,https://manystacks.s3.eu-west-3.amazonaws.com/Produits/Images/Microsoft_365_logo.webp,microsoft,MicrosoftTeamsAdd-isvfrnce,Annual-n15,,Annuel,,,,
Microsoft Teams Add On,USCFQ7TTC0MJ3X0001,,https://manystacks.s3.eu-west-3.amazonaws.com/Produits/Images/Microsoft_365_logo.webp,microsoft,MicrosoftTeamsAdd-isvfrnce,Monthly---Annual-Commit-n15,,Mensuel,,,,
Microsoft Teams Add On,USCFQ7TTC0QR790003,,https://manystacks.s3.eu-west-3.amazonaws.com/Produits/Images/Microsoft_365_logo.webp,microsoft,MicrosoftTeamsAdd-isvfrnce,Monthly-n16,,Mensuel,,,,
Microsoft Teams Add On,USCFQ7TTC0JXCZ000B,,https://manystacks.s3.eu-west-3.amazonaws.com/Produits/Images/Microsoft_365_logo.webp,microsoft,MicrosoftTeamsAdd-isvfrnce,Monthly-n17,,Mensuel,,,,
Microsoft Teams Add On,USCFQ7TTC0HL730007,,https://manystacks.s3.eu-west-3.amazonaws.com/Produits/Images/Microsoft_365_logo.webp,microsoft,MicrosoftTeamsAdd-isvfrnce,Monthly-n18,,Mensuel,,,,
Microsoft Teams Add On,USCFQ7TTC0HL73000B,,https://manystacks.s3.eu-west-3.amazonaws.com/Produits/Images/Microsoft_365_logo.webp,microsoft,MicrosoftTeamsAdd-isvfrnce,Monthly-n19,,Mensuel,,,,
Microsoft Teams Add On,MicrosoftTeamsEssentialsTeamsPho,,https://manystacks.s3.eu-west-3.amazonaws.com/Produits/Images/Microsoft_365_logo.webp,microsoft,MicrosoftTeamsAdd-isvfrnce,Monthly-n22,,Mensuel,,,,
Microsoft Teams Add On,MicrosoftTeamsEssentialsTeamsPho,,https://manystacks.s3.eu-west-3.amazonaws.com/Produits/Images/Microsoft_365_logo.webp,microsoft,MicrosoftTeamsAdd-isvfrnce,Annual-n23,,Annuel,,,,
Microsoft Teams Add On,MicrosoftTeamsEssentialsTeamsPho,,https://manystacks.s3.eu-west-3.amazonaws.com/Produits/Images/Microsoft_365_logo.webp,microsoft,MicrosoftTeamsAdd-isvfrnce,Monthly---Annual-Commit-n23,,Mensuel,,,,
Microsoft Teams Add On,USCFQ7TTC0MJ2C0003,,https://manystacks.s3.eu-west-3.amazonaws.com/Produits/Images/Microsoft_365_logo.webp,microsoft,MicrosoftTeamsAdd-isvfrnce,Monthly-n23,,Mensuel,,,,
Microsoft Teams Add On,USCFQ7TTC0MJ2C0003,,https://manystacks.s3.eu-west-3.amazonaws.com/Produits/Images/Microsoft_365_logo.webp,microsoft,MicrosoftTeamsAdd-isvfrnce,Annual-n24,,Annuel,,,,
Microsoft Teams Add On,USCFQ7TTC0MJ2C0003,,https://manystacks.s3.eu-west-3.amazonaws.com/Produits/Images/Microsoft_365_logo.webp,microsoft,MicrosoftTeamsAdd-isvfrnce,Monthly---Annual-Commit-n24,,Mensuel,,,,
Microsoft Teams Add On,USCFQ7TTC0MJ2C0001,,https://manystacks.s3.eu-west-3.amazonaws.com/Produits/Images/Microsoft_365_logo.webp,microsoft,MicrosoftTeamsAdd-isvfrnce,Annual-n25,,Annuel,,,,
Microsoft Teams Add On,USCFQ7TTC0MJ2C0001,,https://manystacks.s3.eu-west-3.amazonaws.com/Produits/Images/Microsoft_365_logo.webp,microsoft,MicrosoftTeamsAdd-isvfrnce,Monthly---Annual-Commit-n25,,Mensuel,,,,
Microsoft Teams Add On,USCFQ7TTC0QR790010,,https://manystacks.s3.eu-west-3.amazonaws.com/Produits/Images/Microsoft_365_logo.webp,microsoft,MicrosoftTeamsAdd-isvfrnce,Microsoft-Teams-Calling-Plan--n5,,Mensuel,,,,
Microsoft Teams Add On,USCFQ7TTC0HL73000R,,https://manystacks.s3.eu-west-3.amazonaws.com/Produits/Images/Microsoft_365_logo.webp,microsoft,MicrosoftTeamsAdd-isvfrnce,monthly1199,,Mensuel,,,,
Microsoft Teams Add On,USCFQ7TTC0HL73000R,,https://manystacks.s3.eu-west-3.amazonaws.com/Produits/Images/Microsoft_365_logo.webp,microsoft,MicrosoftTeamsAdd-isvfrnce,monthly1200,,Annuel,,,,
Microsoft Teams Add On,USCFQ7TTC0HL73000S,,https://manystacks.s3.eu-west-3.amazonaws.com/Produits/Images/Microsoft_365_logo.webp,microsoft,MicrosoftTeamsAdd-isvfrnce,monthly901,,Mensuel,,,,
Microsoft Teams Add On,USCFQ7TTC0HL73000S,,https://manystacks.s3.eu-west-3.amazonaws.com/Produits/Images/Microsoft_365_logo.webp,microsoft,MicrosoftTeamsAdd-isvfrnce,monthly902,,Annuel,,,,
Microsoft Teams Add On,USCFQ7TTC0HL73000Q,,https://manystacks.s3.eu-west-3.amazonaws.com/Produits/Images/Microsoft_365_logo.webp,microsoft,MicrosoftTeamsAdd-isvfrnce,monthly1193,,Mensuel,,,,
Microsoft Teams Add On,USCFQ7TTC0HL73000Q,,https://manystacks.s3.eu-west-3.amazonaws.com/Produits/Images/Microsoft_365_logo.webp,microsoft,MicrosoftTeamsAdd-isvfrnce,monthly1194,,Mensuel,,,,
Microsoft Teams Add On,USCFQ7TTC0HL73000Q,,https://manystacks.s3.eu-west-3.amazonaws.com/Produits/Images/Microsoft_365_logo.webp,microsoft,MicrosoftTeamsAdd-isvfrnce,monthly1195,,Annuel,,,,
Microsoft Teams Add On,USCFQ7TTC0HL73000M,,https://manystacks.s3.eu-west-3.amazonaws.com/Produits/Images/Microsoft_365_logo.webp,microsoft,MicrosoftTeamsAdd-isvfrnce,monthly1196,,Mensuel,,,,
Microsoft Teams Add On,USCFQ7TTC0HL73000M,,https://manystacks.s3.eu-west-3.amazonaws.com/Produits/Images/Microsoft_365_logo.webp,microsoft,MicrosoftTeamsAdd-isvfrnce,monthly1197,,Mensuel,,,,
Microsoft Teams Add On,USCFQ7TTC0HL73000M,,https://manystacks.s3.eu-west-3.amazonaws.com/Produits/Images/Microsoft_365_logo.webp,microsoft,MicrosoftTeamsAdd-isvfrnce,monthly1198,,Annuel,,,,
Microsoft Teams Add On,USCFQ7TTC0LHXJ001G,,https://manystacks.s3.eu-west-3.amazonaws.com/Produits/Images/Microsoft_365_logo.webp,microsoft,MicrosoftTeamsAdd-isvfrnce,monthly880,,Mensuel,,,,
Microsoft Teams Add On,USCFQ7TTC0LHXJ001G,,https://manystacks.s3.eu-west-3.amazonaws.com/Produits/Images/Microsoft_365_logo.webp,microsoft,MicrosoftTeamsAdd-isvfrnce,monthly881,,Mensuel,,,,
Microsoft Teams Add On,USCFQ7TTC0LHXJ001G,,https://manystacks.s3.eu-west-3.amazonaws.com/Produits/Images/Microsoft_365_logo.webp,microsoft,MicrosoftTeamsAdd-isvfrnce,monthly882,,Annuel,,,,
Microsoft Teams Add On,USCFQ7TTC0LHXJ0018,,https://manystacks.s3.eu-west-3.amazonaws.com/Produits/Images/Microsoft_365_logo.webp,microsoft,MicrosoftTeamsAdd-isvfrnce,monthly883,,Mensuel,,,,
Microsoft Teams Add On,USCFQ7TTC0LHXJ0018,,https://manystacks.s3.eu-west-3.amazonaws.com/Produits/Images/Microsoft_365_logo.webp,microsoft,MicrosoftTeamsAdd-isvfrnce,monthly884,,Mensuel,,,,
Microsoft Teams Add On,USCFQ7TTC0LHXJ0018,,https://manystacks.s3.eu-west-3.amazonaws.com/Produits/Images/Microsoft_365_logo.webp,microsoft,MicrosoftTeamsAdd-isvfrnce,monthly885,,Annuel,,,,
Microsoft Teams Add On,USCFQ7TTC0LH0R000F,,https://manystacks.s3.eu-west-3.amazonaws.com/Produits/Images/Microsoft_365_logo.webp,microsoft,MicrosoftTeamsAdd-isvfrnce,monthly886,,Mensuel,,,,
Microsoft Teams Add On,USCFQ7TTC0LH0R000F,,https://manystacks.s3.eu-west-3.amazonaws.com/Produits/Images/Microsoft_365_logo.webp,microsoft,MicrosoftTeamsAdd-isvfrnce,monthly887,,Mensuel,,,,
Microsoft Teams Add On,USCFQ7TTC0LH0R000F,,https://manystacks.s3.eu-west-3.amazonaws.com/Produits/Images/Microsoft_365_logo.webp,microsoft,MicrosoftTeamsAdd-isvfrnce,monthly888,,Annuel,,,,
Microsoft Teams Add On,USCFQ7TTC0LH0R000G,,https://manystacks.s3.eu-west-3.amazonaws.com/Produits/Images/Microsoft_365_logo.webp,microsoft,MicrosoftTeamsAdd-isvfrnce,monthly889,,Mensuel,,,,
Microsoft Teams Add On,USCFQ7TTC0LH0R000G,,https://manystacks.s3.eu-west-3.amazonaws.com/Produits/Images/Microsoft_365_logo.webp,microsoft,MicrosoftTeamsAdd-isvfrnce,monthly890,,Mensuel,,,,
Microsoft Teams Add On,USCFQ7TTC0LH0R000G,,https://manystacks.s3.eu-west-3.amazonaws.com/Produits/Images/Microsoft_365_logo.webp,microsoft,MicrosoftTeamsAdd-isvfrnce,monthly891,,Annuel,,,,
Microsoft Teams Add On,USCFQ7TTC0LH0T000S,,https://manystacks.s3.eu-west-3.amazonaws.com/Produits/Images/Microsoft_365_logo.webp,microsoft,MicrosoftTeamsAdd-isvfrnce,monthly892,,Mensuel,,,,
Microsoft Teams Add On,USCFQ7TTC0LH0T000S,,https://manystacks.s3.eu-west-3.amazonaws.com/Produits/Images/Microsoft_365_logo.webp,microsoft,MicrosoftTeamsAdd-isvfrnce,monthly893,,Mensuel,,,,
Microsoft Teams Add On,USCFQ7TTC0LH0T000S,,https://manystacks.s3.eu-west-3.amazonaws.com/Produits/Images/Microsoft_365_logo.webp,microsoft,MicrosoftTeamsAdd-isvfrnce,monthly894,,Annuel,,,,
Microsoft Teams Add On,USCFQ7TTC0LH0T000R,,https://manystacks.s3.eu-west-3.amazonaws.com/Produits/Images/Microsoft_365_logo.webp,microsoft,MicrosoftTeamsAdd-isvfrnce,monthly895,,Mensuel,,,,
Microsoft Teams Add On,USCFQ7TTC0LH0T000R,,https://manystacks.s3.eu-west-3.amazonaws.com/Produits/Images/Microsoft_365_logo.webp,microsoft,MicrosoftTeamsAdd-isvfrnce,monthly896,,Mensuel,,,,
Microsoft Teams Add On,USCFQ7TTC0LH0T000R,,https://manystacks.s3.eu-west-3.amazonaws.com/Produits/Images/Microsoft_365_logo.webp,microsoft,MicrosoftTeamsAdd-isvfrnce,monthly897,,Annuel,,,,
Microsoft Teams Add On,USCFQ7TTC0LH0T000T,,https://manystacks.s3.eu-west-3.amazonaws.com/Produits/Images/Microsoft_365_logo.webp,microsoft,MicrosoftTeamsAdd-isvfrnce,monthly898,,Mensuel,,,,
Microsoft Teams Add On,USCFQ7TTC0LH0T000T,,https://manystacks.s3.eu-west-3.amazonaws.com/Produits/Images/Microsoft_365_logo.webp,microsoft,MicrosoftTeamsAdd-isvfrnce,monthly899,,Mensuel,,,,
Microsoft Teams Add On,USCFQ7TTC0LH0T000T,,https://manystacks.s3.eu-west-3.amazonaws.com/Produits/Images/Microsoft_365_logo.webp,microsoft,MicrosoftTeamsAdd-isvfrnce,monthly900,,Annuel,,,,
Microsoft Teams Add On,USCFQ7TTC0LHXJ001B,,https://manystacks.s3.eu-west-3.amazonaws.com/Produits/Images/Microsoft_365_logo.webp,microsoft,MicrosoftTeamsAdd-isvfrnce,Monthly361,,Mensuel,,,,
Microsoft Teams Add On,USCFQ7TTC0LHXJ001B,,https://manystacks.s3.eu-west-3.amazonaws.com/Produits/Images/Microsoft_365_logo.webp,microsoft,MicrosoftTeamsAdd-isvfrnce,Monthly362,,Mensuel,,,,
Microsoft Teams Add On,USCFQ7TTC0LHXJ001B,,https://manystacks.s3.eu-west-3.amazonaws.com/Produits/Images/Microsoft_365_logo.webp,microsoft,MicrosoftTeamsAdd-isvfrnce,Monthly363,,Annuel,,,,
Microsoft Teams Add On,MicrosoftTeamsAudioConferencingw,,https://manystacks.s3.eu-west-3.amazonaws.com/Produits/Images/Microsoft_365_logo.webp,microsoft,MicrosoftTeamsAdd-isvfrnce,monthly790,,Mensuel,,,,
Microsoft Teams Add On,USCFQ7TTC0JXCZ000F,,https://manystacks.s3.eu-west-3.amazonaws.com/Produits/Images/Microsoft_365_logo.webp,microsoft,MicrosoftTeamsAdd-isvfrnce,monthly792,,Mensuel,,,,
Microsoft Teams Add On,USCFQ7TTC0JXCZ000F,,https://manystacks.s3.eu-west-3.amazonaws.com/Produits/Images/Microsoft_365_logo.webp,microsoft,MicrosoftTeamsAdd-isvfrnce,monthly791,,Annuel,,,,
Microsoft Teams Add On,USCFQ7TTC0JXCZ000F,,https://manystacks.s3.eu-west-3.amazonaws.com/Produits/Images/Microsoft_365_logo.webp,microsoft,MicrosoftTeamsAdd-isvfrnce,monthly793,,Annuel,,,,
Microsoft Teams Add On,USCFQ7TTC0LH0R000H,,https://manystacks.s3.eu-west-3.amazonaws.com/Produits/Images/Microsoft_365_logo.webp,microsoft,MicrosoftTeamsAdd-isvfrnce,monthly801,,Mensuel,,,,
Microsoft Teams Add On,USCFQ7TTC0LH0R000H,,https://manystacks.s3.eu-west-3.amazonaws.com/Produits/Images/Microsoft_365_logo.webp,microsoft,MicrosoftTeamsAdd-isvfrnce,monthly800,,Mensuel,,,,
Microsoft Teams Add On,USCFQ7TTC0LH0R000H,,https://manystacks.s3.eu-west-3.amazonaws.com/Produits/Images/Microsoft_365_logo.webp,microsoft,MicrosoftTeamsAdd-isvfrnce,monthly802,,Annuel,,,,
Microsoft Teams Add On,USCFQ7TTC0LHXJ001D,,https://manystacks.s3.eu-west-3.amazonaws.com/Produits/Images/Microsoft_365_logo.webp,microsoft,MicrosoftTeamsAdd-isvfrnce,monthly798,,Mensuel,,,,
Microsoft Teams Add On,USCFQ7TTC0LHXJ001D,,https://manystacks.s3.eu-west-3.amazonaws.com/Produits/Images/Microsoft_365_logo.webp,microsoft,MicrosoftTeamsAdd-isvfrnce,monthly797,,Mensuel,,,,
Microsoft Teams Add On,USCFQ7TTC0LHXJ001D,,https://manystacks.s3.eu-west-3.amazonaws.com/Produits/Images/Microsoft_365_logo.webp,microsoft,MicrosoftTeamsAdd-isvfrnce,monthly799,,Annuel,,,,
Microsoft Teams Add On,USCFQ7TTC0LHSL0020,,https://manystacks.s3.eu-west-3.amazonaws.com/Produits/Images/Microsoft_365_logo.webp,microsoft,MicrosoftTeamsAdd-isvfrnce,monthly679,,Mensuel,,,,
Microsoft Teams Add On,USCFQ7TTC0LHSL0020,,https://manystacks.s3.eu-west-3.amazonaws.com/Produits/Images/Microsoft_365_logo.webp,microsoft,MicrosoftTeamsAdd-isvfrnce,monthly678,,Mensuel,,,,
Microsoft Teams Add On,USCFQ7TTC0HL73000N,,https://manystacks.s3.eu-west-3.amazonaws.com/Produits/Images/Microsoft_365_logo.webp,microsoft,MicrosoftTeamsAdd-isvfrnce,monthly807,,Mensuel,,,,
Microsoft Teams Add On,USCFQ7TTC0HL73000N,,https://manystacks.s3.eu-west-3.amazonaws.com/Produits/Images/Microsoft_365_logo.webp,microsoft,MicrosoftTeamsAdd-isvfrnce,monthly806,,Annuel,,,,
Microsoft Teams Add On,USCFQ7TTC0HL73000N,,https://manystacks.s3.eu-west-3.amazonaws.com/Produits/Images/Microsoft_365_logo.webp,microsoft,MicrosoftTeamsAdd-isvfrnce,monthly808,,Annuel,,,,
Microsoft Teams Add On,USCFQ7TTC0LH0T000V,,https://manystacks.s3.eu-west-3.amazonaws.com/Produits/Images/Microsoft_365_logo.webp,microsoft,MicrosoftTeamsAdd-isvfrnce,monthly804,,Mensuel,,,,
Microsoft Teams Add On,USCFQ7TTC0LH0T000V,,https://manystacks.s3.eu-west-3.amazonaws.com/Produits/Images/Microsoft_365_logo.webp,microsoft,MicrosoftTeamsAdd-isvfrnce,monthly803,,Annuel,,,,
Microsoft Teams Add On,USCFQ7TTC0LH0T000V,,https://manystacks.s3.eu-west-3.amazonaws.com/Produits/Images/Microsoft_365_logo.webp,microsoft,MicrosoftTeamsAdd-isvfrnce,monthly805,,Annuel,,,,
Microsoft Teams Add On,USCFQ7TTC0J1GC0009,,https://manystacks.s3.eu-west-3.amazonaws.com/Produits/Images/Microsoft_365_logo.webp,microsoft,MicrosoftTeamsAdd-isvfrnce,monthly951,,Mensuel,,,,
Microsoft Teams Add On,USCFQ7TTC0J1GC0009,,https://manystacks.s3.eu-west-3.amazonaws.com/Produits/Images/Microsoft_365_logo.webp,microsoft,MicrosoftTeamsAdd-isvfrnce,monthly950,,Mensuel,,,,
Microsoft Teams Add On,USCFQ7TTC0J1GC0009,,https://manystacks.s3.eu-west-3.amazonaws.com/Produits/Images/Microsoft_365_logo.webp,microsoft,MicrosoftTeamsAdd-isvfrnce,monthly952,,Annuel,,,,
Microsoft Teams Add On,USCFQ7TTC0JXCZ000H,,https://manystacks.s3.eu-west-3.amazonaws.com/Produits/Images/Microsoft_365_logo.webp,microsoft,MicrosoftTeamsAdd-isvfrnce,monthly413,,Mensuel,,,,
Microsoft Teams Add On,USCFQ7TTC0JXCZ000H,,https://manystacks.s3.eu-west-3.amazonaws.com/Produits/Images/Microsoft_365_logo.webp,microsoft,MicrosoftTeamsAdd-isvfrnce,monthly417,,Annuel,,,,
Microsoft Teams Add On,USCFQ7TTC0JXCZ000H,,https://manystacks.s3.eu-west-3.amazonaws.com/Produits/Images/Microsoft_365_logo.webp,microsoft,MicrosoftTeamsAdd-isvfrnce,monthly415,,Annuel,,,,
Microsoft Teams Add On,USCFQ7TTC0HL73000P,,https://manystacks.s3.eu-west-3.amazonaws.com/Produits/Images/Microsoft_365_logo.webp,microsoft,MicrosoftTeamsAdd-isvfrnce,monthly433,,Mensuel,,,,
Microsoft Teams Add On,USCFQ7TTC0HL73000P,,https://manystacks.s3.eu-west-3.amazonaws.com/Produits/Images/Microsoft_365_logo.webp,microsoft,MicrosoftTeamsAdd-isvfrnce,monthly429,,Mensuel,,,,
Microsoft Teams Add On,USCFQ7TTC0HL73000P,,https://manystacks.s3.eu-west-3.amazonaws.com/Produits/Images/Microsoft_365_logo.webp,microsoft,MicrosoftTeamsAdd-isvfrnce,monthly431,,Annuel,,,,
Microsoft Teams Add On,USCFQ7TTC0PGMW0001,,https://manystacks.s3.eu-west-3.amazonaws.com/Produits/Images/Microsoft_365_logo.webp,microsoft,MicrosoftTeamsAdd-isvfrnce,monthly527,,Mensuel,,,,
Microsoft Teams Add On,USCFQ7TTC0PGMW0001,,https://manystacks.s3.eu-west-3.amazonaws.com/Produits/Images/Microsoft_365_logo.webp,microsoft,MicrosoftTeamsAdd-isvfrnce,monthly530,,Mensuel,,,,
Microsoft Teams Add On,USCFQ7TTC0PGMW0001,,https://manystacks.s3.eu-west-3.amazonaws.com/Produits/Images/Microsoft_365_logo.webp,microsoft,MicrosoftTeamsAdd-isvfrnce,monthly529,,Annuel,,,,
Microsoft Teams Add On,USCFQ7TTC0RM8K000P,,https://manystacks.s3.eu-west-3.amazonaws.com/Produits/Images/Microsoft_365_logo.webp,microsoft,MicrosoftTeamsAdd-isvfrnce,monthly536,,Mensuel,,,,
Microsoft Teams Add On,USCFQ7TTC0RM8K000P,,https://manystacks.s3.eu-west-3.amazonaws.com/Produits/Images/Microsoft_365_logo.webp,microsoft,MicrosoftTeamsAdd-isvfrnce,monthly534,,Mensuel,,,,
Microsoft Teams Add On,USCFQ7TTC0RM8K000P,,https://manystacks.s3.eu-west-3.amazonaws.com/Produits/Images/Microsoft_365_logo.webp,microsoft,MicrosoftTeamsAdd-isvfrnce,monthly535,,Annuel,,,,
Microsoft Teams Add On,USCFQ7TTC0RM8K000M,,https://manystacks.s3.eu-west-3.amazonaws.com/Produits/Images/Microsoft_365_logo.webp,microsoft,MicrosoftTeamsAdd-isvfrnce,monthly533,,Annuel,,,,
Microsoft Teams Add On,USCFQ7TTC0RM8K000M,,https://manystacks.s3.eu-west-3.amazonaws.com/Produits/Images/Microsoft_365_logo.webp,microsoft,MicrosoftTeamsAdd-isvfrnce,monthly531,,Mensuel,,,,
Microsoft Teams Add On,USCFQ7TTC0RM8K000M,,https://manystacks.s3.eu-west-3.amazonaws.com/Produits/Images/Microsoft_365_logo.webp,microsoft,MicrosoftTeamsAdd-isvfrnce,monthly532,,Annuel,,,,
Microsoft Teams Add On,USCFQ7TTC0J1GC0008,,https://manystacks.s3.eu-west-3.amazonaws.com/Produits/Images/Microsoft_365_logo.webp,microsoft,MicrosoftTeamsAdd-isvfrnce,monthly525,,Mensuel,,,,
Microsoft Teams Add On,USCFQ7TTC0J1GC0008,,https://manystacks.s3.eu-west-3.amazonaws.com/Produits/Images/Microsoft_365_logo.webp,microsoft,MicrosoftTeamsAdd-isvfrnce,monthly521,,Mensuel,,,,
Microsoft Teams Add On,USCFQ7TTC0J1GC0008,,https://manystacks.s3.eu-west-3.amazonaws.com/Produits/Images/Microsoft_365_logo.webp,microsoft,MicrosoftTeamsAdd-isvfrnce,monthly523,,Annuel,,,,
Microsoft Teams Add On,USCFQ7TTC0LHXJ0019,,https://manystacks.s3.eu-west-3.amazonaws.com/Produits/Images/Microsoft_365_logo.webp,microsoft,MicrosoftTeamsAdd-isvfrnce,monthly3659,,Mensuel,,,,
Microsoft Teams Add On,USCFQ7TTC0LHXJ0019,,https://manystacks.s3.eu-west-3.amazonaws.com/Produits/Images/Microsoft_365_logo.webp,microsoft,MicrosoftTeamsAdd-isvfrnce,monthly3660,,Annuel,,,,
Microsoft Teams Add On,USCFQ7TTC0LHXJ0019,,https://manystacks.s3.eu-west-3.amazonaws.com/Produits/Images/Microsoft_365_logo.webp,microsoft,MicrosoftTeamsAdd-isvfrnce,monthly3661,,Annuel,,,,
Microsoft Teams Add On,USCFQ7TTC0QR79001G,,https://manystacks.s3.eu-west-3.amazonaws.com/Produits/Images/Microsoft_365_logo.webp,microsoft,MicrosoftTeamsAdd-isvfrnce,monthly207,,Mensuel,,,,
Microsoft Teams Add On,USCFQ7TTC0QR79001G,,https://manystacks.s3.eu-west-3.amazonaws.com/Produits/Images/Microsoft_365_logo.webp,microsoft,MicrosoftTeamsAdd-isvfrnce,monthly208,,Mensuel,,,,
Microsoft Teams Add On,USCFQ7TTC0QR79001G,,https://manystacks.s3.eu-west-3.amazonaws.com/Produits/Images/Microsoft_365_logo.webp,microsoft,MicrosoftTeamsAdd-isvfrnce,monthly206,,Annuel,,,,
Microsoft Teams Add On,USCFQ7TTC0QR79001K,,https://manystacks.s3.eu-west-3.amazonaws.com/Produits/Images/Microsoft_365_logo.webp,microsoft,MicrosoftTeamsAdd-isvfrnce,monthly210,,Mensuel,,,,
Microsoft Teams Add On,USCFQ7TTC0QR79001K,,https://manystacks.s3.eu-west-3.amazonaws.com/Produits/Images/Microsoft_365_logo.webp,microsoft,MicrosoftTeamsAdd-isvfrnce,monthly211,,Mensuel,,,,
Microsoft Teams Add On,USCFQ7TTC0QR79001K,,https://manystacks.s3.eu-west-3.amazonaws.com/Produits/Images/Microsoft_365_logo.webp,microsoft,MicrosoftTeamsAdd-isvfrnce,monthly209,,Annuel,,,,
Microsoft Teams Add On,Teams-Phone-Standard-FLW,,https://manystacks.s3.eu-west-3.amazonaws.com/Produits/Images/Microsoft_365_logo.webp,microsoft,MicrosoftTeamsAdd-isvfrnce,Teams-Phone-Standard-FLW-n0,,Mensuel,,,,
Microsoft Teams Add On,USCFQ7TTC0LHXJ002K,,https://manystacks.s3.eu-west-3.amazonaws.com/Produits/Images/Microsoft_365_logo.webp,microsoft,MicrosoftTeamsAdd-isvfrnce,CFQ7TTC0LHXJ-002K57,,Mensuel,,,,
Microsoft Teams Add On,USCFQ7TTC0LHXJ002K,,https://manystacks.s3.eu-west-3.amazonaws.com/Produits/Images/Microsoft_365_logo.webp,microsoft,MicrosoftTeamsAdd-isvfrnce,CFQ7TTC0LHXJ-002K60,,Annuel,,,,
Microsoft Teams Add On,USCFQ7TTC0LHXJ002K,,https://manystacks.s3.eu-west-3.amazonaws.com/Produits/Images/Microsoft_365_logo.webp,microsoft,MicrosoftTeamsAdd-isvfrnce,CFQ7TTC0LHXJ-002K64,,Mensuel,,,,
Microsoft Teams Add On,USCFQ7TTC0LHXJ002D,,https://manystacks.s3.eu-west-3.amazonaws.com/Produits/Images/Microsoft_365_logo.webp,microsoft,MicrosoftTeamsAdd-isvfrnce,CFQ7TTC0LHXJ-002D58,,Annuel,,,,
Microsoft Teams Add On,USCFQ7TTC0LHXJ002D,,https://manystacks.s3.eu-west-3.amazonaws.com/Produits/Images/Microsoft_365_logo.webp,microsoft,MicrosoftTeamsAdd-isvfrnce,CFQ7TTC0LHXJ-002D61,,Mensuel,,,,
Microsoft Teams Add On,USCFQ7TTC0LHXJ002D,,https://manystacks.s3.eu-west-3.amazonaws.com/Produits/Images/Microsoft_365_logo.webp,microsoft,MicrosoftTeamsAdd-isvfrnce,CFQ7TTC0LHXJ-002D63,,Mensuel,,,,
Microsoft Teams Add On,USCFQ7TTC0LHXJ002H,,https://manystacks.s3.eu-west-3.amazonaws.com/Produits/Images/Microsoft_365_logo.webp,microsoft,MicrosoftTeamsAdd-isvfrnce,CFQ7TTC0LHXJ-002H59,,Annuel,,,,
Microsoft Teams Add On,USCFQ7TTC0LHXJ002H,,https://manystacks.s3.eu-west-3.amazonaws.com/Produits/Images/Microsoft_365_logo.webp,microsoft,MicrosoftTeamsAdd-isvfrnce,CFQ7TTC0LHXJ-002H62,,Mensuel,,,,
Microsoft Teams Add On,USCFQ7TTC0LHXJ002H,,https://manystacks.s3.eu-west-3.amazonaws.com/Produits/Images/Microsoft_365_logo.webp,microsoft,MicrosoftTeamsAdd-isvfrnce,CFQ7TTC0LHXJ-002H65,,Mensuel,,,,
Microsoft Viva NCE,USCFQ7TTC0HVZG0001,,https://manystacks.s3.eu-west-3.amazonaws.com/Produits/Images/Microsoft_365_logo.webp,microsoft,vivalearningnce-isvfrnce,Monthly,,Mensuel,,,,
Microsoft Viva NCE,USCFQ7TTC0HVZG0001,,https://manystacks.s3.eu-west-3.amazonaws.com/Produits/Images/Microsoft_365_logo.webp,microsoft,vivalearningnce-isvfrnce,Annual,,Annuel,,,,
Microsoft Viva NCE,USCFQ7TTC0HVZG0001,,https://manystacks.s3.eu-west-3.amazonaws.com/Produits/Images/Microsoft_365_logo.webp,microsoft,vivalearningnce-isvfrnce,Monthly---Annual-Commit,,Mensuel,,,,
Microsoft Viva NCE,USCFQ7TTC0J7V70002,,https://manystacks.s3.eu-west-3.amazonaws.com/Produits/Images/Microsoft_365_logo.webp,microsoft,vivalearningnce-isvfrnce,Monthly-n0,,Mensuel,,,,
Microsoft Viva NCE,USCFQ7TTC0J7V70002,,https://manystacks.s3.eu-west-3.amazonaws.com/Produits/Images/Microsoft_365_logo.webp,microsoft,vivalearningnce-isvfrnce,Annual-n0,,Annuel,,,,
Microsoft Viva NCE,USCFQ7TTC0J7V70002,,https://manystacks.s3.eu-west-3.amazonaws.com/Produits/Images/Microsoft_365_logo.webp,microsoft,vivalearningnce-isvfrnce,Monthly---Annual-Commit-n0,,Mensuel,,,,
Microsoft Viva NCE,USCFQ7TTC0LHWF0008,,https://manystacks.s3.eu-west-3.amazonaws.com/Produits/Images/Microsoft_365_logo.webp,microsoft,vivalearningnce-isvfrnce,Monthly-n1,,Mensuel,,,,
Microsoft Viva NCE,USCFQ7TTC0LHWF0008,,https://manystacks.s3.eu-west-3.amazonaws.com/Produits/Images/Microsoft_365_logo.webp,microsoft,vivalearningnce-isvfrnce,Annual-n1,,Annuel,,,,
Microsoft Viva NCE,USCFQ7TTC0LHWF0008,,https://manystacks.s3.eu-west-3.amazonaws.com/Produits/Images/Microsoft_365_logo.webp,microsoft,vivalearningnce-isvfrnce,Monthly---Annual-Commit-n1,,Mensuel,,,,
Microsoft Viva NCE,USCFQ7TTC0PW0V0001,,https://manystacks.s3.eu-west-3.amazonaws.com/Produits/Images/Microsoft_365_logo.webp,microsoft,vivalearningnce-isvfrnce,Annual-n2,,Annuel,,,,
Microsoft Viva NCE,USCFQ7TTC0PW0V0001,,https://manystacks.s3.eu-west-3.amazonaws.com/Produits/Images/Microsoft_365_logo.webp,microsoft,vivalearningnce-isvfrnce,Monthly---Annual-Commit-n2,,Mensuel,,,,
Microsoft Viva NCE,USCFQ7TTC0MN4B0001,,https://manystacks.s3.eu-west-3.amazonaws.com/Produits/Images/Microsoft_365_logo.webp,microsoft,vivalearningnce-isvfrnce,Annual-n4,,Annuel,,,,
Microsoft Viva NCE,USCFQ7TTC0MN4B0001,,https://manystacks.s3.eu-west-3.amazonaws.com/Produits/Images/Microsoft_365_logo.webp,microsoft,vivalearningnce-isvfrnce,Monthly---Annual-commit-n4,,Mensuel,,,,
Microsoft Viva NCE,USCFQ7TTC0J7V70006,,https://manystacks.s3.eu-west-3.amazonaws.com/Produits/Images/Microsoft_365_logo.webp,microsoft,vivalearningnce-isvfrnce,monthly911,,Annuel,,,,
Microsoft Viva NCE,USCFQ7TTC0J7V70006,,https://manystacks.s3.eu-west-3.amazonaws.com/Produits/Images/Microsoft_365_logo.webp,microsoft,vivalearningnce-isvfrnce,monthly912,,Mensuel,,,,
Microsoft Viva NCE,USCFQ7TTC0J7V70006,,https://manystacks.s3.eu-west-3.amazonaws.com/Produits/Images/Microsoft_365_logo.webp,microsoft,vivalearningnce-isvfrnce,monthly913,,Mensuel,,,,
Microsoft Viva NCE,USCFQ7TTC0J7V70007,,https://manystacks.s3.eu-west-3.amazonaws.com/Produits/Images/Microsoft_365_logo.webp,microsoft,vivalearningnce-isvfrnce,monthly914,,Annuel,,,,
Microsoft Viva NCE,USCFQ7TTC0J7V70007,,https://manystacks.s3.eu-west-3.amazonaws.com/Produits/Images/Microsoft_365_logo.webp,microsoft,vivalearningnce-isvfrnce,monthly915,,Mensuel,,,,
Microsoft Viva NCE,USCFQ7TTC0J7V70007,,https://manystacks.s3.eu-west-3.amazonaws.com/Produits/Images/Microsoft_365_logo.webp,microsoft,vivalearningnce-isvfrnce,monthly916,,Mensuel,,,,
Microsoft Viva NCE,USCFQ7TTC0MN4B0007,,https://manystacks.s3.eu-west-3.amazonaws.com/Produits/Images/Microsoft_365_logo.webp,microsoft,vivalearningnce-isvfrnce,monthly917,,Annuel,,,,
Microsoft Viva NCE,USCFQ7TTC0MN4B0007,,https://manystacks.s3.eu-west-3.amazonaws.com/Produits/Images/Microsoft_365_logo.webp,microsoft,vivalearningnce-isvfrnce,monthly918,,Mensuel,,,,
Microsoft Viva NCE,USCFQ7TTC0PW0V0009,,https://manystacks.s3.eu-west-3.amazonaws.com/Produits/Images/Microsoft_365_logo.webp,microsoft,vivalearningnce-isvfrnce,monthly919,,Annuel,,,,
Microsoft Viva NCE,USCFQ7TTC0PW0V0009,,https://manystacks.s3.eu-west-3.amazonaws.com/Produits/Images/Microsoft_365_logo.webp,microsoft,vivalearningnce-isvfrnce,monthly920,,Mensuel,,,,
Microsoft Viva NCE,USCFQ7TTC0PW0V0009,,https://manystacks.s3.eu-west-3.amazonaws.com/Produits/Images/Microsoft_365_logo.webp,microsoft,vivalearningnce-isvfrnce,monthly921,,Mensuel,,,,
Microsoft Viva NCE,USCFQ7TTC0PW0V0008,,https://manystacks.s3.eu-west-3.amazonaws.com/Produits/Images/Microsoft_365_logo.webp,microsoft,vivalearningnce-isvfrnce,monthly922,,Annuel,,,,
Microsoft Viva NCE,USCFQ7TTC0PW0V0008,,https://manystacks.s3.eu-west-3.amazonaws.com/Produits/Images/Microsoft_365_logo.webp,microsoft,vivalearningnce-isvfrnce,monthly923,,Mensuel,,,,
Microsoft Viva NCE,USCFQ7TTC0PW0V0008,,https://manystacks.s3.eu-west-3.amazonaws.com/Produits/Images/Microsoft_365_logo.webp,microsoft,vivalearningnce-isvfrnce,monthly924,,Mensuel,,,,
Microsoft Viva NCE,USCFQ7TTC0HVZG0007,,https://manystacks.s3.eu-west-3.amazonaws.com/Produits/Images/Microsoft_365_logo.webp,microsoft,vivalearningnce-isvfrnce,Monthly149,,Mensuel,,,,
Microsoft Viva NCE,USCFQ7TTC0HVZG0007,,https://manystacks.s3.eu-west-3.amazonaws.com/Produits/Images/Microsoft_365_logo.webp,microsoft,vivalearningnce-isvfrnce,Monthly150,,Mensuel,,,,
Microsoft Viva NCE,USCFQ7TTC0HVZG0007,,https://manystacks.s3.eu-west-3.amazonaws.com/Produits/Images/Microsoft_365_logo.webp,microsoft,vivalearningnce-isvfrnce,Monthly151,,Annuel,,,,
Microsoft Viva NCE,USCFQ7TTC0HVZG0006,,https://manystacks.s3.eu-west-3.amazonaws.com/Produits/Images/Microsoft_365_logo.webp,microsoft,vivalearningnce-isvfrnce,Monthly146,,Mensuel,,,,
Microsoft Viva NCE,USCFQ7TTC0HVZG0006,,https://manystacks.s3.eu-west-3.amazonaws.com/Produits/Images/Microsoft_365_logo.webp,microsoft,vivalearningnce-isvfrnce,Monthly147,,Mensuel,,,,
Microsoft Viva NCE,USCFQ7TTC0HVZG0006,,https://manystacks.s3.eu-west-3.amazonaws.com/Produits/Images/Microsoft_365_logo.webp,microsoft,vivalearningnce-isvfrnce,Monthly148,,Annuel,,,,
Microsoft Viva NCE,USCFQ7TTC0HDJW000K,,https://manystacks.s3.eu-west-3.amazonaws.com/Produits/Images/Microsoft_365_logo.webp,microsoft,vivalearningnce-isvfrnce,monthly817,,Mensuel,,,,
Microsoft Viva NCE,USCFQ7TTC0HDJW000K,,https://manystacks.s3.eu-west-3.amazonaws.com/Produits/Images/Microsoft_365_logo.webp,microsoft,vivalearningnce-isvfrnce,monthly816,,Mensuel,,,,
Microsoft Viva NCE,USCFQ7TTC0HDJW000K,,https://manystacks.s3.eu-west-3.amazonaws.com/Produits/Images/Microsoft_365_logo.webp,microsoft,vivalearningnce-isvfrnce,monthly818,,Annuel,,,,
Microsoft Viva NCE,USCFQ7TTC0R4JH0007,,https://manystacks.s3.eu-west-3.amazonaws.com/Produits/Images/Microsoft_365_logo.webp,microsoft,vivalearningnce-isvfrnce,monthly401,,Mensuel,,,,
Microsoft Viva NCE,USCFQ7TTC0S1K70004,,https://manystacks.s3.eu-west-3.amazonaws.com/Produits/Images/Microsoft_365_logo.webp,microsoft,vivalearningnce-isvfrnce,monthly459,,Mensuel,,,,
Microsoft Viva NCE,USCFQ7TTC0S1K70004,,https://manystacks.s3.eu-west-3.amazonaws.com/Produits/Images/Microsoft_365_logo.webp,microsoft,vivalearningnce-isvfrnce,monthly458,,Annuel,,,,
Microsoft Viva NCE,USCFQ7TTC0S1K70001,,https://manystacks.s3.eu-west-3.amazonaws.com/Produits/Images/Microsoft_365_logo.webp,microsoft,vivalearningnce-isvfrnce,monthly457,,Mensuel,,,,
Microsoft Viva NCE,USCFQ7TTC0S1K70001,,https://manystacks.s3.eu-west-3.amazonaws.com/Produits/Images/Microsoft_365_logo.webp,microsoft,vivalearningnce-isvfrnce,monthly456,,Annuel,,,,
Microsoft Viva NCE,USCFQ7TTC0LHWF000N,,https://manystacks.s3.eu-west-3.amazonaws.com/Produits/Images/Microsoft_365_logo.webp,microsoft,vivalearningnce-isvfrnce,monthly463,,Mensuel,,,,
Microsoft Viva NCE,USCFQ7TTC0LHWF000N,,https://manystacks.s3.eu-west-3.amazonaws.com/Produits/Images/Microsoft_365_logo.webp,microsoft,vivalearningnce-isvfrnce,monthly465,,Annuel,,,,
Microsoft Viva NCE,USCFQ7TTC0LHWF000N,,https://manystacks.s3.eu-west-3.amazonaws.com/Produits/Images/Microsoft_365_logo.webp,microsoft,vivalearningnce-isvfrnce,monthly464,,Annuel,,,,
Microsoft Viva NCE,USCFQ7TTC0R4JH0008,,https://manystacks.s3.eu-west-3.amazonaws.com/Produits/Images/Microsoft_365_logo.webp,microsoft,vivalearningnce-isvfrnce,monthly405,,Annuel,,,,
Microsoft Viva NCE,USCFQ7TTC0R4JH0008,,https://manystacks.s3.eu-west-3.amazonaws.com/Produits/Images/Microsoft_365_logo.webp,microsoft,vivalearningnce-isvfrnce,monthly402,,Mensuel,,,,
Microsoft Viva NCE,USCFQ7TTC0R4JH0008,,https://manystacks.s3.eu-west-3.amazonaws.com/Produits/Images/Microsoft_365_logo.webp,microsoft,vivalearningnce-isvfrnce,monthly403,,Annuel,,,,
Microsoft Viva NCE,USCFQ7TTC0PW0V000B,,https://manystacks.s3.eu-west-3.amazonaws.com/Produits/Images/Microsoft_365_logo.webp,microsoft,vivalearningnce-isvfrnce,monthly462,,Mensuel,,,,
Microsoft Viva NCE,USCFQ7TTC0PW0V000B,,https://manystacks.s3.eu-west-3.amazonaws.com/Produits/Images/Microsoft_365_logo.webp,microsoft,vivalearningnce-isvfrnce,monthly460,,Mensuel,,,,
Microsoft Viva NCE,USCFQ7TTC0PW0V000B,,https://manystacks.s3.eu-west-3.amazonaws.com/Produits/Images/Microsoft_365_logo.webp,microsoft,vivalearningnce-isvfrnce,monthly461,,Annuel,,,,
Microsoft Entra ID NCE,USCFQ7TTC0LFLS0002,,https://manystacks.s3.eu-west-3.amazonaws.com/Produits/Images/Microsoft_365_logo.webp,microsoft,AzureActiveDirectory-isvfrnce,Monthly-Plan-n1,,Mensuel,,,,
Microsoft Entra ID NCE,USCFQ7TTC0LFLS0002,,https://manystacks.s3.eu-west-3.amazonaws.com/Produits/Images/Microsoft_365_logo.webp,microsoft,AzureActiveDirectory-isvfrnce,Annual-Plan-n1,,Annuel,,,,
Microsoft Entra ID NCE,USCFQ7TTC0LFLS0002,,https://manystacks.s3.eu-west-3.amazonaws.com/Produits/Images/Microsoft_365_logo.webp,microsoft,AzureActiveDirectory-isvfrnce,Monthly---Annual-Commit,,Mensuel,,,,
Microsoft Entra ID NCE,USCFQ7TTC0LFK50001,,https://manystacks.s3.eu-west-3.amazonaws.com/Produits/Images/Microsoft_365_logo.webp,microsoft,AzureActiveDirectory-isvfrnce,Monthly-Plan-n7,,Mensuel,,,,
Microsoft Entra ID NCE,USCFQ7TTC0LFK50001,,https://manystacks.s3.eu-west-3.amazonaws.com/Produits/Images/Microsoft_365_logo.webp,microsoft,AzureActiveDirectory-isvfrnce,Annual-Plan-n7,,Annuel,,,,
Microsoft Entra ID NCE,USCFQ7TTC0LFK50001,,https://manystacks.s3.eu-west-3.amazonaws.com/Produits/Images/Microsoft_365_logo.webp,microsoft,AzureActiveDirectory-isvfrnce,Monthly---Annual-Commit-n0,,Mensuel,,,,
Microsoft Entra ID NCE,USCFQ7TTC0MFT10001,,https://manystacks.s3.eu-west-3.amazonaws.com/Produits/Images/Microsoft_365_logo.webp,microsoft,AzureActiveDirectory-isvfrnce,Monthly---Annual-Commit-n1,,Mensuel,,,,
Microsoft Entra ID NCE,USCFQ7TTC0MFT10001,,https://manystacks.s3.eu-west-3.amazonaws.com/Produits/Images/Microsoft_365_logo.webp,microsoft,AzureActiveDirectory-isvfrnce,Annual,,Annuel,,,,
Microsoft Entra ID NCE,USCFQ7TTC0MFT10001,,https://manystacks.s3.eu-west-3.amazonaws.com/Produits/Images/Microsoft_365_logo.webp,microsoft,AzureActiveDirectory-isvfrnce,Monthly,,Mensuel,,,,
Microsoft Entra ID NCE,USCFQ7TTC0MFT10003,,https://manystacks.s3.eu-west-3.amazonaws.com/Produits/Images/Microsoft_365_logo.webp,microsoft,AzureActiveDirectory-isvfrnce,Trial-n0,,Mensuel,,,,
Microsoft Entra ID NCE,USCFQ7TTC0MFT10004,,https://manystacks.s3.eu-west-3.amazonaws.com/Produits/Images/Microsoft_365_logo.webp,microsoft,AzureActiveDirectory-isvfrnce,Monthly-n0,,Mensuel,,,,
Microsoft Entra ID NCE,USCFQ7TTC0MFT10004,,https://manystacks.s3.eu-west-3.amazonaws.com/Produits/Images/Microsoft_365_logo.webp,microsoft,AzureActiveDirectory-isvfrnce,Annual-n0,,Annuel,,,,
Microsoft Entra ID NCE,USCFQ7TTC0MFT10004,,https://manystacks.s3.eu-west-3.amazonaws.com/Produits/Images/Microsoft_365_logo.webp,microsoft,AzureActiveDirectory-isvfrnce,Monthly---Annual-Commit-n2,,Mensuel,,,,
Microsoft Entra ID NCE,USCFQ7TTC0LH1X000D,,https://manystacks.s3.eu-west-3.amazonaws.com/Produits/Images/Microsoft_365_logo.webp,microsoft,AzureActiveDirectory-isvfrnce,Azure-Active-Directory-Basic--n1,,Annuel,,,,
Microsoft Entra ID NCE,USCFQ7TTC0LH1X000D,,https://manystacks.s3.eu-west-3.amazonaws.com/Produits/Images/Microsoft_365_logo.webp,microsoft,AzureActiveDirectory-isvfrnce,Azure-Active-Directory-Basic--n2,,Mensuel,,,,
Microsoft Entra ID NCE,USCFQ7TTC0LH1X000D,,https://manystacks.s3.eu-west-3.amazonaws.com/Produits/Images/Microsoft_365_logo.webp,microsoft,AzureActiveDirectory-isvfrnce,Azure-Active-Directory-Basic--n3,,Mensuel,,,,
Microsoft Entra ID NCE,USCFQ7TTC0LH1X000F,,https://manystacks.s3.eu-west-3.amazonaws.com/Produits/Images/Microsoft_365_logo.webp,microsoft,AzureActiveDirectory-isvfrnce,monthly4,,Annuel,,,,
Microsoft Entra ID NCE,USCFQ7TTC0LH1X000F,,https://manystacks.s3.eu-west-3.amazonaws.com/Produits/Images/Microsoft_365_logo.webp,microsoft,AzureActiveDirectory-isvfrnce,monthly5,,Mensuel,,,,
Microsoft Entra ID NCE,USCFQ7TTC0LH1X000F,,https://manystacks.s3.eu-west-3.amazonaws.com/Produits/Images/Microsoft_365_logo.webp,microsoft,AzureActiveDirectory-isvfrnce,monthly6,,Mensuel,,,,
Microsoft Entra ID NCE,USCFQ7TTC0LH1X000G,,https://manystacks.s3.eu-west-3.amazonaws.com/Produits/Images/Microsoft_365_logo.webp,microsoft,AzureActiveDirectory-isvfrnce,monthly7,,Annuel,,,,
Microsoft Entra ID NCE,USCFQ7TTC0LH1X000G,,https://manystacks.s3.eu-west-3.amazonaws.com/Produits/Images/Microsoft_365_logo.webp,microsoft,AzureActiveDirectory-isvfrnce,monthly8,,Mensuel,,,,
Microsoft Entra ID NCE,USCFQ7TTC0LH1X000G,,https://manystacks.s3.eu-west-3.amazonaws.com/Produits/Images/Microsoft_365_logo.webp,microsoft,AzureActiveDirectory-isvfrnce,monthly9,,Mensuel,,,,
Microsoft Entra ID NCE,USCFQ7TTC0LFLS0014,,https://manystacks.s3.eu-west-3.amazonaws.com/Produits/Images/Microsoft_365_logo.webp,microsoft,AzureActiveDirectory-isvfrnce,monthly10,,Annuel,,,,
Microsoft Entra ID NCE,USCFQ7TTC0LFLS0014,,https://manystacks.s3.eu-west-3.amazonaws.com/Produits/Images/Microsoft_365_logo.webp,microsoft,AzureActiveDirectory-isvfrnce,monthly11,,Mensuel,,,,
Microsoft Entra ID NCE,USCFQ7TTC0LFLS0014,,https://manystacks.s3.eu-west-3.amazonaws.com/Produits/Images/Microsoft_365_logo.webp,microsoft,AzureActiveDirectory-isvfrnce,monthly12,,Mensuel,,,,
Microsoft Entra ID NCE,USCFQ7TTC0LFLS001B,,https://manystacks.s3.eu-west-3.amazonaws.com/Produits/Images/Microsoft_365_logo.webp,microsoft,AzureActiveDirectory-isvfrnce,monthly13,,Annuel,,,,
Microsoft Entra ID NCE,USCFQ7TTC0LFLS001B,,https://manystacks.s3.eu-west-3.amazonaws.com/Produits/Images/Microsoft_365_logo.webp,microsoft,AzureActiveDirectory-isvfrnce,monthly14,,Mensuel,,,,
Microsoft Entra ID NCE,USCFQ7TTC0LFLS001B,,https://manystacks.s3.eu-west-3.amazonaws.com/Produits/Images/Microsoft_365_logo.webp,microsoft,AzureActiveDirectory-isvfrnce,monthly15,,Mensuel,,,,
Microsoft Entra ID NCE,USCFQ7TTC0LFK5001J,,https://manystacks.s3.eu-west-3.amazonaws.com/Produits/Images/Microsoft_365_logo.webp,microsoft,AzureActiveDirectory-isvfrnce,monthly16,,Annuel,,,,
Microsoft Entra ID NCE,USCFQ7TTC0LFK5001J,,https://manystacks.s3.eu-west-3.amazonaws.com/Produits/Images/Microsoft_365_logo.webp,microsoft,AzureActiveDirectory-isvfrnce,monthly17,,Mensuel,,,,
Microsoft Entra ID NCE,USCFQ7TTC0LFK5001J,,https://manystacks.s3.eu-west-3.amazonaws.com/Produits/Images/Microsoft_365_logo.webp,microsoft,AzureActiveDirectory-isvfrnce,monthly18,,Mensuel,,,,
Microsoft Entra ID NCE,USCFQ7TTC0LFK5001H,,https://manystacks.s3.eu-west-3.amazonaws.com/Produits/Images/Microsoft_365_logo.webp,microsoft,AzureActiveDirectory-isvfrnce,monthly19,,Annuel,,,,
Microsoft Entra ID NCE,USCFQ7TTC0LFK5001H,,https://manystacks.s3.eu-west-3.amazonaws.com/Produits/Images/Microsoft_365_logo.webp,microsoft,AzureActiveDirectory-isvfrnce,monthly20,,Mensuel,,,,
Microsoft Entra ID NCE,USCFQ7TTC0LFK5001H,,https://manystacks.s3.eu-west-3.amazonaws.com/Produits/Images/Microsoft_365_logo.webp,microsoft,AzureActiveDirectory-isvfrnce,monthly21,,Mensuel,,,,
Microsoft Entra ID NCE,USCFQ7TTC0LFLS0012,,https://manystacks.s3.eu-west-3.amazonaws.com/Produits/Images/Microsoft_365_logo.webp,microsoft,AzureActiveDirectory-isvfrnce,monthly815,,Annuel,,,,
Microsoft Entra ID NCE,USCFQ7TTC0LFLS0012,,https://manystacks.s3.eu-west-3.amazonaws.com/Produits/Images/Microsoft_365_logo.webp,microsoft,AzureActiveDirectory-isvfrnce,monthly816,,Mensuel,,,,
Microsoft Entra ID NCE,USCFQ7TTC0LFLS0012,,https://manystacks.s3.eu-west-3.amazonaws.com/Produits/Images/Microsoft_365_logo.webp,microsoft,AzureActiveDirectory-isvfrnce,monthly817,,Mensuel,,,,
Microsoft Entra ID NCE,USCFQ7TTC0LFK50019,,https://manystacks.s3.eu-west-3.amazonaws.com/Produits/Images/Microsoft_365_logo.webp,microsoft,AzureActiveDirectory-isvfrnce,monthly818,,Annuel,,,,
Microsoft Entra ID NCE,USCFQ7TTC0LFK50019,,https://manystacks.s3.eu-west-3.amazonaws.com/Produits/Images/Microsoft_365_logo.webp,microsoft,AzureActiveDirectory-isvfrnce,monthly819,,Mensuel,,,,
Microsoft Entra ID NCE,USCFQ7TTC0LFK50019,,https://manystacks.s3.eu-west-3.amazonaws.com/Produits/Images/Microsoft_365_logo.webp,microsoft,AzureActiveDirectory-isvfrnce,monthly820,,Mensuel,,,,
Microsoft Entra ID NCE,USCFQ7TTC0LFK50018,,https://manystacks.s3.eu-west-3.amazonaws.com/Produits/Images/Microsoft_365_logo.webp,microsoft,AzureActiveDirectory-isvfrnce,monthly821,,Annuel,,,,
Microsoft Entra ID NCE,USCFQ7TTC0LFK50018,,https://manystacks.s3.eu-west-3.amazonaws.com/Produits/Images/Microsoft_365_logo.webp,microsoft,AzureActiveDirectory-isvfrnce,monthly822,,Mensuel,,,,
Microsoft Entra ID NCE,USCFQ7TTC0LFK50018,,https://manystacks.s3.eu-west-3.amazonaws.com/Produits/Images/Microsoft_365_logo.webp,microsoft,AzureActiveDirectory-isvfrnce,monthly823,,Mensuel,,,,
Microsoft Entra ID NCE,USCFQ7TTC0LFLS001S,,https://manystacks.s3.eu-west-3.amazonaws.com/Produits/Images/Microsoft_365_logo.webp,microsoft,AzureActiveDirectory-isvfrnce,Monthly222,,Mensuel,,,,
Microsoft Entra ID NCE,USCFQ7TTC0LFLS001S,,https://manystacks.s3.eu-west-3.amazonaws.com/Produits/Images/Microsoft_365_logo.webp,microsoft,AzureActiveDirectory-isvfrnce,Monthly223,,Mensuel,,,,
Microsoft Entra ID NCE,USCFQ7TTC0LFLS001S,,https://manystacks.s3.eu-west-3.amazonaws.com/Produits/Images/Microsoft_365_logo.webp,microsoft,AzureActiveDirectory-isvfrnce,Monthly224,,Annuel,,,,
Microsoft Entra ID NCE,USCFQ7TTC0LH1X000P,,https://manystacks.s3.eu-west-3.amazonaws.com/Produits/Images/Microsoft_365_logo.webp,microsoft,AzureActiveDirectory-isvfrnce,monthly519,,Mensuel,,,,
Microsoft Entra ID NCE,USCFQ7TTC0LH1X000P,,https://manystacks.s3.eu-west-3.amazonaws.com/Produits/Images/Microsoft_365_logo.webp,microsoft,AzureActiveDirectory-isvfrnce,monthly518,,Annuel,,,,
Microsoft Entra ID NCE,USCFQ7TTC0LH1X000P,,https://manystacks.s3.eu-west-3.amazonaws.com/Produits/Images/Microsoft_365_logo.webp,microsoft,AzureActiveDirectory-isvfrnce,monthly520,,Annuel,,,,
Microsoft Entra ID NCE,USCFQ7TTC0LFLS0013,,https://manystacks.s3.eu-west-3.amazonaws.com/Produits/Images/Microsoft_365_logo.webp,microsoft,AzureActiveDirectory-isvfrnce,monthly758,,Mensuel,,,,
Microsoft Entra ID NCE,USCFQ7TTC0LFLS0013,,https://manystacks.s3.eu-west-3.amazonaws.com/Produits/Images/Microsoft_365_logo.webp,microsoft,AzureActiveDirectory-isvfrnce,monthly757,,Mensuel,,,,
Microsoft Entra ID NCE,USCFQ7TTC0LFLS0013,,https://manystacks.s3.eu-west-3.amazonaws.com/Produits/Images/Microsoft_365_logo.webp,microsoft,AzureActiveDirectory-isvfrnce,monthly759,,Annuel,,,,
Microsoft Entra ID NCE,USCFQ7TTC0LFK5001K,,https://manystacks.s3.eu-west-3.amazonaws.com/Produits/Images/Microsoft_365_logo.webp,microsoft,AzureActiveDirectory-isvfrnce,monthly761,,Mensuel,,,,
Microsoft Entra ID NCE,USCFQ7TTC0LFK5001K,,https://manystacks.s3.eu-west-3.amazonaws.com/Produits/Images/Microsoft_365_logo.webp,microsoft,AzureActiveDirectory-isvfrnce,monthly760,,Annuel,,,,
Microsoft Entra ID NCE,USCFQ7TTC0LFK5001K,,https://manystacks.s3.eu-west-3.amazonaws.com/Produits/Images/Microsoft_365_logo.webp,microsoft,AzureActiveDirectory-isvfrnce,monthly762,,Annuel,,,,
Microsoft Entra ID NCE,USCFQ7TTC0MFT10009,,https://manystacks.s3.eu-west-3.amazonaws.com/Produits/Images/Microsoft_365_logo.webp,microsoft,AzureActiveDirectory-isvfrnce,monthly385,,Annuel,,,,
Microsoft Entra ID NCE,USCFQ7TTC0MFT10009,,https://manystacks.s3.eu-west-3.amazonaws.com/Produits/Images/Microsoft_365_logo.webp,microsoft,AzureActiveDirectory-isvfrnce,monthly382,,Mensuel,,,,
Microsoft Entra ID NCE,USCFQ7TTC0MFT10009,,https://manystacks.s3.eu-west-3.amazonaws.com/Produits/Images/Microsoft_365_logo.webp,microsoft,AzureActiveDirectory-isvfrnce,monthly383,,Annuel,,,,
Microsoft Entra ID NCE,USCFQ7TTC0MFT1000D,,https://manystacks.s3.eu-west-3.amazonaws.com/Produits/Images/Microsoft_365_logo.webp,microsoft,AzureActiveDirectory-isvfrnce,monthly390,,Annuel,,,,
Microsoft Entra ID NCE,USCFQ7TTC0MFT1000D,,https://manystacks.s3.eu-west-3.amazonaws.com/Produits/Images/Microsoft_365_logo.webp,microsoft,AzureActiveDirectory-isvfrnce,monthly387,,Mensuel,,,,
Microsoft Entra ID NCE,USCFQ7TTC0MFT1000D,,https://manystacks.s3.eu-west-3.amazonaws.com/Produits/Images/Microsoft_365_logo.webp,microsoft,AzureActiveDirectory-isvfrnce,monthly389,,Annuel,,,,
Microsoft Entra ID NCE,USCFQ7TTC0MFT1000H,,https://manystacks.s3.eu-west-3.amazonaws.com/Produits/Images/Microsoft_365_logo.webp,microsoft,AzureActiveDirectory-isvfrnce,monthly376,,Mensuel,,,,
Microsoft Entra ID NCE,USCFQ7TTC0MFT1000H,,https://manystacks.s3.eu-west-3.amazonaws.com/Produits/Images/Microsoft_365_logo.webp,microsoft,AzureActiveDirectory-isvfrnce,monthly378,,Annuel,,,,
Microsoft Entra ID NCE,USCFQ7TTC0MFT1000H,,https://manystacks.s3.eu-west-3.amazonaws.com/Produits/Images/Microsoft_365_logo.webp,microsoft,AzureActiveDirectory-isvfrnce,monthly377,,Annuel,,,,
Microsoft Entra ID NCE,USCFQ7TTC0LFK50022,,https://manystacks.s3.eu-west-3.amazonaws.com/Produits/Images/Microsoft_365_logo.webp,microsoft,AzureActiveDirectory-isvfrnce,monthly399,,Annuel,,,,
Microsoft Entra ID NCE,USCFQ7TTC0LFK50022,,https://manystacks.s3.eu-west-3.amazonaws.com/Produits/Images/Microsoft_365_logo.webp,microsoft,AzureActiveDirectory-isvfrnce,monthly397,,Mensuel,,,,
Microsoft Entra ID NCE,USCFQ7TTC0LFK50022,,https://manystacks.s3.eu-west-3.amazonaws.com/Produits/Images/Microsoft_365_logo.webp,microsoft,AzureActiveDirectory-isvfrnce,monthly398,,Annuel,,,,
Microsoft Entra ID NCE,USCFQ7TTC0MFT1000J,,https://manystacks.s3.eu-west-3.amazonaws.com/Produits/Images/Microsoft_365_logo.webp,microsoft,AzureActiveDirectory-isvfrnce,monthly379,,Mensuel,,,,
Microsoft Entra ID NCE,USCFQ7TTC0MFT1000J,,https://manystacks.s3.eu-west-3.amazonaws.com/Produits/Images/Microsoft_365_logo.webp,microsoft,AzureActiveDirectory-isvfrnce,monthly381,,Annuel,,,,
Microsoft Entra ID NCE,USCFQ7TTC0MFT1000J,,https://manystacks.s3.eu-west-3.amazonaws.com/Produits/Images/Microsoft_365_logo.webp,microsoft,AzureActiveDirectory-isvfrnce,monthly380,,Annuel,,,,
Microsoft Entra ID NCE,USCFQ7TTC0MFT1000G,,https://manystacks.s3.eu-west-3.amazonaws.com/Produits/Images/Microsoft_365_logo.webp,microsoft,AzureActiveDirectory-isvfrnce,monthly393,,Annuel,,,,
Microsoft Entra ID NCE,USCFQ7TTC0MFT1000G,,https://manystacks.s3.eu-west-3.amazonaws.com/Produits/Images/Microsoft_365_logo.webp,microsoft,AzureActiveDirectory-isvfrnce,monthly391,,Mensuel,,,,
Microsoft Entra ID NCE,USCFQ7TTC0MFT1000G,,https://manystacks.s3.eu-west-3.amazonaws.com/Produits/Images/Microsoft_365_logo.webp,microsoft,AzureActiveDirectory-isvfrnce,monthly392,,Annuel,,,,
Microsoft Entra ID NCE,USCFQ7TTC0QQRV0002,,https://manystacks.s3.eu-west-3.amazonaws.com/Produits/Images/Microsoft_365_logo.webp,microsoft,AzureActiveDirectory-isvfrnce,monthly2448,,Mensuel,,,,
Microsoft Entra ID NCE,USCFQ7TTC0QQRV0002,,https://manystacks.s3.eu-west-3.amazonaws.com/Produits/Images/Microsoft_365_logo.webp,microsoft,AzureActiveDirectory-isvfrnce,monthly2447,,Mensuel,,,,
Microsoft Entra ID NCE,USCFQ7TTC0QQRV0002,,https://manystacks.s3.eu-west-3.amazonaws.com/Produits/Images/Microsoft_365_logo.webp,microsoft,AzureActiveDirectory-isvfrnce,monthly2449,,Annuel,,,,
Microsoft Entra ID NCE,USCFQ7TTC0R9QB0002,,https://manystacks.s3.eu-west-3.amazonaws.com/Produits/Images/Microsoft_365_logo.webp,microsoft,AzureActiveDirectory-isvfrnce,monthly2450,,Mensuel,,,,
Microsoft Entra ID NCE,USCFQ7TTC0R9QB0002,,https://manystacks.s3.eu-west-3.amazonaws.com/Produits/Images/Microsoft_365_logo.webp,microsoft,AzureActiveDirectory-isvfrnce,monthly2452,,Mensuel,,,,
Microsoft Entra ID NCE,USCFQ7TTC0R9QB0002,,https://manystacks.s3.eu-west-3.amazonaws.com/Produits/Images/Microsoft_365_logo.webp,microsoft,AzureActiveDirectory-isvfrnce,monthly2451,,Annuel,,,,
Microsoft Entra ID NCE,USCFQ7TTC0LFLS001P,,https://manystacks.s3.eu-west-3.amazonaws.com/Produits/Images/Microsoft_365_logo.webp,microsoft,AzureActiveDirectory-isvfrnce,monthly394,,Mensuel,,,,
Microsoft Entra ID NCE,USCFQ7TTC0LFLS001P,,https://manystacks.s3.eu-west-3.amazonaws.com/Produits/Images/Microsoft_365_logo.webp,microsoft,AzureActiveDirectory-isvfrnce,monthly396,,Mensuel,,,,
Microsoft Entra ID NCE,USCFQ7TTC0LFLS001P,,https://manystacks.s3.eu-west-3.amazonaws.com/Produits/Images/Microsoft_365_logo.webp,microsoft,AzureActiveDirectory-isvfrnce,monthly395,,Annuel,,,,
Microsoft Entra ID NCE,Azure-Active-Directory-Premi-n11,,https://manystacks.s3.eu-west-3.amazonaws.com/Produits/Images/Microsoft_365_logo.webp,microsoft,AzureActiveDirectory-isvfrnce,Azure-Active-Directory-Premi-n12,,Mensuel,,,,
Microsoft Entra ID NCE,Azure-Active-Directory-Premi-n11,,https://manystacks.s3.eu-west-3.amazonaws.com/Produits/Images/Microsoft_365_logo.webp,microsoft,AzureActiveDirectory-isvfrnce,Azure-Active-Directory-Premi-n13,,Mensuel,,,,
Microsoft Entra ID NCE,Azure-Active-Directory-Premi-n11,,https://manystacks.s3.eu-west-3.amazonaws.com/Produits/Images/Microsoft_365_logo.webp,microsoft,AzureActiveDirectory-isvfrnce,Azure-Active-Directory-Premi-n14,,Annuel,,,,
Microsoft Entra ID NCE,USCFQ7TTC0NZT8000J,,https://manystacks.s3.eu-west-3.amazonaws.com/Produits/Images/Microsoft_365_logo.webp,microsoft,AzureActiveDirectory-isvfrnce,monthly175,,Mensuel,,,,
Microsoft Entra ID NCE,USCFQ7TTC0NZT8000J,,https://manystacks.s3.eu-west-3.amazonaws.com/Produits/Images/Microsoft_365_logo.webp,microsoft,AzureActiveDirectory-isvfrnce,monthly174,,Annuel,,,,
Microsoft Entra ID NCE,USCFQ7TTC0NZT8000D,,https://manystacks.s3.eu-west-3.amazonaws.com/Produits/Images/Microsoft_365_logo.webp,microsoft,AzureActiveDirectory-isvfrnce,monthly173,,Mensuel,,,,
Microsoft Entra ID NCE,USCFQ7TTC0NZT8000D,,https://manystacks.s3.eu-west-3.amazonaws.com/Produits/Images/Microsoft_365_logo.webp,microsoft,AzureActiveDirectory-isvfrnce,monthly172,,Annuel,,,,
Microsoft Entra ID NCE,USCFQ7TTC0NZT8000C,,https://manystacks.s3.eu-west-3.amazonaws.com/Produits/Images/Microsoft_365_logo.webp,microsoft,AzureActiveDirectory-isvfrnce,monthly163,,Mensuel,,,,
Microsoft Entra ID NCE,USCFQ7TTC0NZT8000C,,https://manystacks.s3.eu-west-3.amazonaws.com/Produits/Images/Microsoft_365_logo.webp,microsoft,AzureActiveDirectory-isvfrnce,monthly164,,Mensuel,,,,
Microsoft Entra ID NCE,USCFQ7TTC0NZT8000C,,https://manystacks.s3.eu-west-3.amazonaws.com/Produits/Images/Microsoft_365_logo.webp,microsoft,AzureActiveDirectory-isvfrnce,monthly162,,Annuel,,,,
Microsoft Entra ID NCE,USCFQ7TTC0NZT8000H,,https://manystacks.s3.eu-west-3.amazonaws.com/Produits/Images/Microsoft_365_logo.webp,microsoft,AzureActiveDirectory-isvfrnce,monthly166,,Mensuel,,,,
Microsoft Entra ID NCE,USCFQ7TTC0NZT8000H,,https://manystacks.s3.eu-west-3.amazonaws.com/Produits/Images/Microsoft_365_logo.webp,microsoft,AzureActiveDirectory-isvfrnce,monthly167,,Mensuel,,,,
Microsoft Entra ID NCE,USCFQ7TTC0NZT8000H,,https://manystacks.s3.eu-west-3.amazonaws.com/Produits/Images/Microsoft_365_logo.webp,microsoft,AzureActiveDirectory-isvfrnce,monthly165,,Annuel,,,,
Microsoft Entra ID NCE,USCFQ7TTC0PFZR000D,,https://manystacks.s3.eu-west-3.amazonaws.com/Produits/Images/Microsoft_365_logo.webp,microsoft,AzureActiveDirectory-isvfrnce,monthly147,,Mensuel,,,,
Microsoft Entra ID NCE,USCFQ7TTC0PFZR000D,,https://manystacks.s3.eu-west-3.amazonaws.com/Produits/Images/Microsoft_365_logo.webp,microsoft,AzureActiveDirectory-isvfrnce,monthly148,,Mensuel,,,,
Microsoft Entra ID NCE,USCFQ7TTC0PFZR000D,,https://manystacks.s3.eu-west-3.amazonaws.com/Produits/Images/Microsoft_365_logo.webp,microsoft,AzureActiveDirectory-isvfrnce,monthly146,,Annuel,,,,
Microsoft Entra ID NCE,USCFQ7TTC0PFZR000C,,https://manystacks.s3.eu-west-3.amazonaws.com/Produits/Images/Microsoft_365_logo.webp,microsoft,AzureActiveDirectory-isvfrnce,monthly144,,Mensuel,,,,
Microsoft Entra ID NCE,USCFQ7TTC0PFZR000C,,https://manystacks.s3.eu-west-3.amazonaws.com/Produits/Images/Microsoft_365_logo.webp,microsoft,AzureActiveDirectory-isvfrnce,monthly145,,Mensuel,,,,
Microsoft Entra ID NCE,USCFQ7TTC0PFZR000C,,https://manystacks.s3.eu-west-3.amazonaws.com/Produits/Images/Microsoft_365_logo.webp,microsoft,AzureActiveDirectory-isvfrnce,monthly143,,Annuel,,,,
Microsoft Entra ID NCE,USCFQ7TTC0PFZR0007,,https://manystacks.s3.eu-west-3.amazonaws.com/Produits/Images/Microsoft_365_logo.webp,microsoft,AzureActiveDirectory-isvfrnce,monthly132,,Mensuel,,,,
Microsoft Entra ID NCE,USCFQ7TTC0PFZR0007,,https://manystacks.s3.eu-west-3.amazonaws.com/Produits/Images/Microsoft_365_logo.webp,microsoft,AzureActiveDirectory-isvfrnce,monthly133,,Mensuel,,,,
Microsoft Entra ID NCE,USCFQ7TTC0PFZR0007,,https://manystacks.s3.eu-west-3.amazonaws.com/Produits/Images/Microsoft_365_logo.webp,microsoft,AzureActiveDirectory-isvfrnce,monthly131,,Annuel,,,,
Microsoft Entra ID NCE,USCFQ7TTC0PFZR0008,,https://manystacks.s3.eu-west-3.amazonaws.com/Produits/Images/Microsoft_365_logo.webp,microsoft,AzureActiveDirectory-isvfrnce,monthly135,,Mensuel,,,,
Microsoft Entra ID NCE,USCFQ7TTC0PFZR0008,,https://manystacks.s3.eu-west-3.amazonaws.com/Produits/Images/Microsoft_365_logo.webp,microsoft,AzureActiveDirectory-isvfrnce,monthly136,,Mensuel,,,,
Microsoft Entra ID NCE,USCFQ7TTC0PFZR0008,,https://manystacks.s3.eu-west-3.amazonaws.com/Produits/Images/Microsoft_365_logo.webp,microsoft,AzureActiveDirectory-isvfrnce,monthly134,,Annuel,,,,
Microsoft Entra ID NCE,USCFQ7TTC0MFT1000B,,https://manystacks.s3.eu-west-3.amazonaws.com/Produits/Images/Microsoft_365_logo.webp,microsoft,AzureActiveDirectory-isvfrnce,monthly150,,Mensuel,,,,
Microsoft Entra ID NCE,USCFQ7TTC0MFT1000B,,https://manystacks.s3.eu-west-3.amazonaws.com/Produits/Images/Microsoft_365_logo.webp,microsoft,AzureActiveDirectory-isvfrnce,monthly151,,Mensuel,,,,
Microsoft Entra ID NCE,USCFQ7TTC0MFT1000B,,https://manystacks.s3.eu-west-3.amazonaws.com/Produits/Images/Microsoft_365_logo.webp,microsoft,AzureActiveDirectory-isvfrnce,monthly149,,Annuel,,,,
Microsoft Entra ID NCE,USCFQ7TTC0PFZR000B,,https://manystacks.s3.eu-west-3.amazonaws.com/Produits/Images/Microsoft_365_logo.webp,microsoft,AzureActiveDirectory-isvfrnce,monthly141,,Mensuel,,,,
Microsoft Entra ID NCE,USCFQ7TTC0PFZR000B,,https://manystacks.s3.eu-west-3.amazonaws.com/Produits/Images/Microsoft_365_logo.webp,microsoft,AzureActiveDirectory-isvfrnce,monthly142,,Mensuel,,,,
Microsoft Entra ID NCE,USCFQ7TTC0PFZR000B,,https://manystacks.s3.eu-west-3.amazonaws.com/Produits/Images/Microsoft_365_logo.webp,microsoft,AzureActiveDirectory-isvfrnce,monthly140,,Annuel,,,,
Microsoft Entra ID NCE,USCFQ7TTC0PFZR0009,,https://manystacks.s3.eu-west-3.amazonaws.com/Produits/Images/Microsoft_365_logo.webp,microsoft,AzureActiveDirectory-isvfrnce,monthly138,,Mensuel,,,,
Microsoft Entra ID NCE,USCFQ7TTC0PFZR0009,,https://manystacks.s3.eu-west-3.amazonaws.com/Produits/Images/Microsoft_365_logo.webp,microsoft,AzureActiveDirectory-isvfrnce,monthly139,,Mensuel,,,,
Microsoft Entra ID NCE,USCFQ7TTC0PFZR0009,,https://manystacks.s3.eu-west-3.amazonaws.com/Produits/Images/Microsoft_365_logo.webp,microsoft,AzureActiveDirectory-isvfrnce,monthly137,,Annuel,,,,
Microsoft Entra ID NCE,USCFQ7TTC0PFZR0006,,https://manystacks.s3.eu-west-3.amazonaws.com/Produits/Images/Microsoft_365_logo.webp,microsoft,AzureActiveDirectory-isvfrnce,monthly129,,Mensuel,,,,
Microsoft Entra ID NCE,USCFQ7TTC0PFZR0006,,https://manystacks.s3.eu-west-3.amazonaws.com/Produits/Images/Microsoft_365_logo.webp,microsoft,AzureActiveDirectory-isvfrnce,monthly130,,Mensuel,,,,
Microsoft Entra ID NCE,USCFQ7TTC0PFZR0006,,https://manystacks.s3.eu-west-3.amazonaws.com/Produits/Images/Microsoft_365_logo.webp,microsoft,AzureActiveDirectory-isvfrnce,monthly128,,Annuel,,,,
Microsoft Entra ID NCE,USCFQ7TTC0PFZR0003,,https://manystacks.s3.eu-west-3.amazonaws.com/Produits/Images/Microsoft_365_logo.webp,microsoft,AzureActiveDirectory-isvfrnce,monthly123,,Mensuel,,,,
Microsoft Entra ID NCE,USCFQ7TTC0PFZR0003,,https://manystacks.s3.eu-west-3.amazonaws.com/Produits/Images/Microsoft_365_logo.webp,microsoft,AzureActiveDirectory-isvfrnce,monthly124,,Mensuel,,,,
Microsoft Entra ID NCE,USCFQ7TTC0PFZR0003,,https://manystacks.s3.eu-west-3.amazonaws.com/Produits/Images/Microsoft_365_logo.webp,microsoft,AzureActiveDirectory-isvfrnce,monthly122,,Annuel,,,,
Microsoft Entra ID NCE,USCFQ7TTC0NZT80005,,https://manystacks.s3.eu-west-3.amazonaws.com/Produits/Images/Microsoft_365_logo.webp,microsoft,AzureActiveDirectory-isvfrnce,monthly169,,Mensuel,,,,
Microsoft Entra ID NCE,USCFQ7TTC0NZT80005,,https://manystacks.s3.eu-west-3.amazonaws.com/Produits/Images/Microsoft_365_logo.webp,microsoft,AzureActiveDirectory-isvfrnce,monthly168,,Annuel,,,,
Microsoft Entra ID NCE,USCFQ7TTC0NZT80003,,https://manystacks.s3.eu-west-3.amazonaws.com/Produits/Images/Microsoft_365_logo.webp,microsoft,AzureActiveDirectory-isvfrnce,monthly157,,Mensuel,,,,
Microsoft Entra ID NCE,USCFQ7TTC0NZT80003,,https://manystacks.s3.eu-west-3.amazonaws.com/Produits/Images/Microsoft_365_logo.webp,microsoft,AzureActiveDirectory-isvfrnce,monthly158,,Mensuel,,,,
Microsoft Entra ID NCE,USCFQ7TTC0NZT80003,,https://manystacks.s3.eu-west-3.amazonaws.com/Produits/Images/Microsoft_365_logo.webp,microsoft,AzureActiveDirectory-isvfrnce,monthly156,,Annuel,,,,
Microsoft Entra ID NCE,USCFQ7TTC0NZT80007,,https://manystacks.s3.eu-west-3.amazonaws.com/Produits/Images/Microsoft_365_logo.webp,microsoft,AzureActiveDirectory-isvfrnce,monthly171,,Mensuel,,,,
Microsoft Entra ID NCE,USCFQ7TTC0NZT80007,,https://manystacks.s3.eu-west-3.amazonaws.com/Produits/Images/Microsoft_365_logo.webp,microsoft,AzureActiveDirectory-isvfrnce,monthly170,,Annuel,,,,
Microsoft Entra ID NCE,USCFQ7TTC0NZT80001,,https://manystacks.s3.eu-west-3.amazonaws.com/Produits/Images/Microsoft_365_logo.webp,microsoft,AzureActiveDirectory-isvfrnce,monthly155,,Mensuel,,,,
Microsoft Entra ID NCE,USCFQ7TTC0PFZR0004,,https://manystacks.s3.eu-west-3.amazonaws.com/Produits/Images/Microsoft_365_logo.webp,microsoft,AzureActiveDirectory-isvfrnce,monthly126,,Mensuel,,,,
Microsoft Entra ID NCE,USCFQ7TTC0PFZR0004,,https://manystacks.s3.eu-west-3.amazonaws.com/Produits/Images/Microsoft_365_logo.webp,microsoft,AzureActiveDirectory-isvfrnce,monthly127,,Mensuel,,,,
Microsoft Entra ID NCE,USCFQ7TTC0PFZR0004,,https://manystacks.s3.eu-west-3.amazonaws.com/Produits/Images/Microsoft_365_logo.webp,microsoft,AzureActiveDirectory-isvfrnce,monthly125,,Annuel,,,,
Microsoft Entra ID NCE,USCFQ7TTC0LFK50017,,https://manystacks.s3.eu-west-3.amazonaws.com/Produits/Images/Microsoft_365_logo.webp,microsoft,AzureActiveDirectory-isvfrnce,monthly153,,Mensuel,,,,
Microsoft Entra ID NCE,USCFQ7TTC0LFK50017,,https://manystacks.s3.eu-west-3.amazonaws.com/Produits/Images/Microsoft_365_logo.webp,microsoft,AzureActiveDirectory-isvfrnce,monthly154,,Mensuel,,,,
Microsoft Entra ID NCE,USCFQ7TTC0LFK50017,,https://manystacks.s3.eu-west-3.amazonaws.com/Produits/Images/Microsoft_365_logo.webp,microsoft,AzureActiveDirectory-isvfrnce,monthly152,,Annuel,,,,
Microsoft Entra ID NCE,USCFQ7TTC0NZT80004,,https://manystacks.s3.eu-west-3.amazonaws.com/Produits/Images/Microsoft_365_logo.webp,microsoft,AzureActiveDirectory-isvfrnce,monthly160,,Mensuel,,,,
Microsoft Entra ID NCE,USCFQ7TTC0NZT80004,,https://manystacks.s3.eu-west-3.amazonaws.com/Produits/Images/Microsoft_365_logo.webp,microsoft,AzureActiveDirectory-isvfrnce,monthly161,,Mensuel,,,,
Microsoft Entra ID NCE,USCFQ7TTC0NZT80004,,https://manystacks.s3.eu-west-3.amazonaws.com/Produits/Images/Microsoft_365_logo.webp,microsoft,AzureActiveDirectory-isvfrnce,monthly159,,Annuel,,,,
Microsoft Entra ID NCE,Microsoft-Entra-Suite-CHAR,,https://manystacks.s3.eu-west-3.amazonaws.com/Produits/Images/Microsoft_365_logo.webp,microsoft,AzureActiveDirectory-isvfrnce,Microsoft-Entra-Suite-CHAR-n0,,Annuel,,,,
Microsoft Entra ID NCE,Microsoft-Entra-Suite-CHAR,,https://manystacks.s3.eu-west-3.amazonaws.com/Produits/Images/Microsoft_365_logo.webp,microsoft,AzureActiveDirectory-isvfrnce,Microsoft-Entra-Suite-CHAR-n1,,Mensuel,,,,
Microsoft Entra ID NCE,Microsoft-Entra-Private-Access-f,,https://manystacks.s3.eu-west-3.amazonaws.com/Produits/Images/Microsoft_365_logo.webp,microsoft,AzureActiveDirectory-isvfrnce,Microsoft-Entra-Private-Acces-n0,,Mensuel,,,,
Microsoft Entra ID NCE,Microsoft-Entra-Private-Access-f,,https://manystacks.s3.eu-west-3.amazonaws.com/Produits/Images/Microsoft_365_logo.webp,microsoft,AzureActiveDirectory-isvfrnce,Microsoft-Entra-Private-Acces-n1,,Mensuel,,,,
Microsoft Entra ID NCE,Microsoft-Entra-Private-Access-f,,https://manystacks.s3.eu-west-3.amazonaws.com/Produits/Images/Microsoft_365_logo.webp,microsoft,AzureActiveDirectory-isvfrnce,Microsoft-Entra-Private-Acces-n2,,Mensuel,,,,
Microsoft Entra ID NCE,Microsoft-Entra-Internet-Access-,,https://manystacks.s3.eu-west-3.amazonaws.com/Produits/Images/Microsoft_365_logo.webp,microsoft,AzureActiveDirectory-isvfrnce,Microsoft-Entra-Internet-Acce-n0,,Mensuel,,,,
Microsoft Entra ID NCE,Microsoft-Entra-Internet-Access-,,https://manystacks.s3.eu-west-3.amazonaws.com/Produits/Images/Microsoft_365_logo.webp,microsoft,AzureActiveDirectory-isvfrnce,Microsoft-Entra-Internet-Acce-n1,,Mensuel,,,,
Microsoft Entra ID NCE,Microsoft-Entra-Internet-Access-,,https://manystacks.s3.eu-west-3.amazonaws.com/Produits/Images/Microsoft_365_logo.webp,microsoft,AzureActiveDirectory-isvfrnce,Microsoft-Entra-Internet-Acce-n2,,Mensuel,,,,
Microsoft Entra ID NCE,USCFQ7TTC0MFT10012,,https://manystacks.s3.eu-west-3.amazonaws.com/Produits/Images/Microsoft_365_logo.webp,microsoft,AzureActiveDirectory-isvfrnce,CFQ7TTC0MFT1001251,,Annuel,,,,
Microsoft Entra ID NCE,USCFQ7TTC0MFT10012,,https://manystacks.s3.eu-west-3.amazonaws.com/Produits/Images/Microsoft_365_logo.webp,microsoft,AzureActiveDirectory-isvfrnce,CFQ7TTC0MFT1001255,,Mensuel,,,,
Microsoft Entra ID NCE,USCFQ7TTC0MFT10012,,https://manystacks.s3.eu-west-3.amazonaws.com/Produits/Images/Microsoft_365_logo.webp,microsoft,AzureActiveDirectory-isvfrnce,CFQ7TTC0MFT1001256,,Mensuel,,,,
Microsoft Entra ID NCE,USCFQ7TTC0MFT1000Z,,https://manystacks.s3.eu-west-3.amazonaws.com/Produits/Images/Microsoft_365_logo.webp,microsoft,AzureActiveDirectory-isvfrnce,CFQ7TTC0MFT1000Z52,,Mensuel,,,,
Microsoft Entra ID NCE,USCFQ7TTC0MFT1000Z,,https://manystacks.s3.eu-west-3.amazonaws.com/Produits/Images/Microsoft_365_logo.webp,microsoft,AzureActiveDirectory-isvfrnce,CFQ7TTC0MFT1000Z53,,Annuel,,,,
Microsoft Entra ID NCE,USCFQ7TTC0MFT1000Z,,https://manystacks.s3.eu-west-3.amazonaws.com/Produits/Images/Microsoft_365_logo.webp,microsoft,AzureActiveDirectory-isvfrnce,CFQ7TTC0MFT1000Z54,,Mensuel,,,,
Microsoft Teams NCE,USCFQ7TTC0LH0V0001,,https://manystacks.s3.eu-west-3.amazonaws.com/Produits/Images/Microsoft_365_logo.webp,microsoft,MicrosoftTeams-isvfrnce,Annual-n4,,Mensuel,,,,
Microsoft Teams NCE,USCFQ7TTC0LH0V0001,,https://manystacks.s3.eu-west-3.amazonaws.com/Produits/Images/Microsoft_365_logo.webp,microsoft,MicrosoftTeams-isvfrnce,Monthly---Annual-Commit,,Annuel,,,,
Microsoft Teams NCE,USCFQ7TTC0LH0V0001,,https://manystacks.s3.eu-west-3.amazonaws.com/Produits/Images/Microsoft_365_logo.webp,microsoft,MicrosoftTeams-isvfrnce,Monthly---Annual-Commit-n3,,Mensuel,,,,
Microsoft Teams NCE,USCFQ7TTC0GZ160002,,https://manystacks.s3.eu-west-3.amazonaws.com/Produits/Images/Microsoft_365_logo.webp,microsoft,MicrosoftTeams-isvfrnce,Monthly-n42,,Mensuel,,,,
Microsoft Teams NCE,USCFQ7TTC0GZ160002,,https://manystacks.s3.eu-west-3.amazonaws.com/Produits/Images/Microsoft_365_logo.webp,microsoft,MicrosoftTeams-isvfrnce,Annual-n42,,Annuel,,,,
Microsoft Teams NCE,USCFQ7TTC0GZ160002,,https://manystacks.s3.eu-west-3.amazonaws.com/Produits/Images/Microsoft_365_logo.webp,microsoft,MicrosoftTeams-isvfrnce,Monthly---Annual-Commit-n1,,Mensuel,,,,
Microsoft Teams NCE,USCFQ7TTC0JN4R0002,,https://manystacks.s3.eu-west-3.amazonaws.com/Produits/Images/Microsoft_365_logo.webp,microsoft,MicrosoftTeams-isvfrnce,Monthly-n43,,Mensuel,,,,
Microsoft Teams NCE,USCFQ7TTC0JN4R0002,,https://manystacks.s3.eu-west-3.amazonaws.com/Produits/Images/Microsoft_365_logo.webp,microsoft,MicrosoftTeams-isvfrnce,Annual-n43,,Annuel,,,,
Microsoft Teams NCE,USCFQ7TTC0JN4R0002,,https://manystacks.s3.eu-west-3.amazonaws.com/Produits/Images/Microsoft_365_logo.webp,microsoft,MicrosoftTeams-isvfrnce,Monthly---Annual-Commit-n2,,Mensuel,,,,
Microsoft Teams NCE,USCFQ7TTC0GZ160001,,https://manystacks.s3.eu-west-3.amazonaws.com/Produits/Images/Microsoft_365_logo.webp,microsoft,MicrosoftTeams-isvfrnce,Monthly-n6,,Mensuel,,,,
Microsoft Teams NCE,USCFQ7TTC0GZ160001,,https://manystacks.s3.eu-west-3.amazonaws.com/Produits/Images/Microsoft_365_logo.webp,microsoft,MicrosoftTeams-isvfrnce,Annual-n6,,Annuel,,,,
Microsoft Teams NCE,USCFQ7TTC0GZ160001,,https://manystacks.s3.eu-west-3.amazonaws.com/Produits/Images/Microsoft_365_logo.webp,microsoft,MicrosoftTeams-isvfrnce,Monthly---Annual-Commit-n6,,Mensuel,,,,
Microsoft Teams NCE,USCFQ7TTC0LH0S0002,,https://manystacks.s3.eu-west-3.amazonaws.com/Produits/Images/Microsoft_365_logo.webp,microsoft,MicrosoftTeams-isvfrnce,Monthly-n21,,Mensuel,,,,
Microsoft Teams NCE,USCFQ7TTC0LH0S0002,,https://manystacks.s3.eu-west-3.amazonaws.com/Produits/Images/Microsoft_365_logo.webp,microsoft,MicrosoftTeams-isvfrnce,Annual-n21,,Annuel,,,,
Microsoft Teams NCE,USCFQ7TTC0LH0S0002,,https://manystacks.s3.eu-west-3.amazonaws.com/Produits/Images/Microsoft_365_logo.webp,microsoft,MicrosoftTeams-isvfrnce,monthly453,,Mensuel,,,,
Microsoft Teams NCE,USCFQ7TTC0GZ160003,,https://manystacks.s3.eu-west-3.amazonaws.com/Produits/Images/Microsoft_365_logo.webp,microsoft,MicrosoftTeams-isvfrnce,Monthly-n23,,Mensuel,,,,
Microsoft Teams NCE,USCFQ7TTC0GZ160003,,https://manystacks.s3.eu-west-3.amazonaws.com/Produits/Images/Microsoft_365_logo.webp,microsoft,MicrosoftTeams-isvfrnce,Annual-n23,,Annuel,,,,
Microsoft Teams NCE,USCFQ7TTC0GZ160003,,https://manystacks.s3.eu-west-3.amazonaws.com/Produits/Images/Microsoft_365_logo.webp,microsoft,MicrosoftTeams-isvfrnce,Monthly---Annual-Commit-n8,,Mensuel,,,,
Microsoft Teams NCE,USCFQ7TTC0JSQ10002,,https://manystacks.s3.eu-west-3.amazonaws.com/Produits/Images/Microsoft_365_logo.webp,microsoft,MicrosoftTeams-isvfrnce,Monthly---Annual-Commit-n10,,Mensuel,,,,
Microsoft Teams NCE,USCFQ7TTC0JSQ10002,,https://manystacks.s3.eu-west-3.amazonaws.com/Produits/Images/Microsoft_365_logo.webp,microsoft,MicrosoftTeams-isvfrnce,Annual-n27,,Annuel,,,,
Microsoft Teams NCE,USCFQ7TTC0JSQ10002,,https://manystacks.s3.eu-west-3.amazonaws.com/Produits/Images/Microsoft_365_logo.webp,microsoft,MicrosoftTeams-isvfrnce,Monthly-n32,,Mensuel,,,,
Microsoft Teams NCE,USCFQ7TTC0QW7C0001,,https://manystacks.s3.eu-west-3.amazonaws.com/Produits/Images/Microsoft_365_logo.webp,microsoft,MicrosoftTeams-isvfrnce,Monthly-n26,,Mensuel,,,,
Microsoft Teams NCE,USCFQ7TTC0QW7C0001,,https://manystacks.s3.eu-west-3.amazonaws.com/Produits/Images/Microsoft_365_logo.webp,microsoft,MicrosoftTeams-isvfrnce,Annual-n28,,Annuel,,,,
Microsoft Teams NCE,USCFQ7TTC0QW7C0001,,https://manystacks.s3.eu-west-3.amazonaws.com/Produits/Images/Microsoft_365_logo.webp,microsoft,MicrosoftTeams-isvfrnce,Monthly---Annual-Commit-n11,,Mensuel,,,,
Microsoft Teams NCE,USCFQ7TTC0QW7C0006,,https://manystacks.s3.eu-west-3.amazonaws.com/Produits/Images/Microsoft_365_logo.webp,microsoft,MicrosoftTeams-isvfrnce,Monthly-n27,,Mensuel,,,,
Microsoft Teams NCE,USCFQ7TTC0QW7C0006,,https://manystacks.s3.eu-west-3.amazonaws.com/Produits/Images/Microsoft_365_logo.webp,microsoft,MicrosoftTeams-isvfrnce,Annual-n29,,Annuel,,,,
Microsoft Teams NCE,USCFQ7TTC0QW7C0006,,https://manystacks.s3.eu-west-3.amazonaws.com/Produits/Images/Microsoft_365_logo.webp,microsoft,MicrosoftTeams-isvfrnce,Monthly---Annual-Commit-n12,,Mensuel,,,,
Microsoft Teams NCE,USCFQ7TTC0QW7C000B,,https://manystacks.s3.eu-west-3.amazonaws.com/Produits/Images/Microsoft_365_logo.webp,microsoft,MicrosoftTeams-isvfrnce,Trial-n1,,Mensuel,,,,
Microsoft Teams NCE,USCFQ7TTC0RM8K0002,,https://manystacks.s3.eu-west-3.amazonaws.com/Produits/Images/Microsoft_365_logo.webp,microsoft,MicrosoftTeams-isvfrnce,Monthly-n29,,Mensuel,,,,
Microsoft Teams NCE,USCFQ7TTC0RM8K0002,,https://manystacks.s3.eu-west-3.amazonaws.com/Produits/Images/Microsoft_365_logo.webp,microsoft,MicrosoftTeams-isvfrnce,Annual-n30,,Annuel,,,,
Microsoft Teams NCE,USCFQ7TTC0RM8K0002,,https://manystacks.s3.eu-west-3.amazonaws.com/Produits/Images/Microsoft_365_logo.webp,microsoft,MicrosoftTeams-isvfrnce,Monthly---Annual-Commit-n13,,Mensuel,,,,
Microsoft Teams NCE,USCFQ7TTC0MZJF0004,,https://manystacks.s3.eu-west-3.amazonaws.com/Produits/Images/Microsoft_365_logo.webp,microsoft,MicrosoftTeams-isvfrnce,Monthly-n37,,Mensuel,,,,
Microsoft Teams NCE,USCFQ7TTC0MZJF0004,,https://manystacks.s3.eu-west-3.amazonaws.com/Produits/Images/Microsoft_365_logo.webp,microsoft,MicrosoftTeams-isvfrnce,Annual-n38,,Annuel,,,,
Microsoft Teams NCE,USCFQ7TTC0MZJF0004,,https://manystacks.s3.eu-west-3.amazonaws.com/Produits/Images/Microsoft_365_logo.webp,microsoft,MicrosoftTeams-isvfrnce,Monthly---Annual-Commit-n17,,Mensuel,,,,
Microsoft Teams NCE,USCFQ7TTC0MZJF0003,,https://manystacks.s3.eu-west-3.amazonaws.com/Produits/Images/Microsoft_365_logo.webp,microsoft,MicrosoftTeams-isvfrnce,Monthly-n38,,Mensuel,,,,
Microsoft Teams NCE,USCFQ7TTC0LH0V000N,,https://manystacks.s3.eu-west-3.amazonaws.com/Produits/Images/Microsoft_365_logo.webp,microsoft,MicrosoftTeams-isvfrnce,monthly42,,Annuel,,,,
Microsoft Teams NCE,USCFQ7TTC0LH0V000N,,https://manystacks.s3.eu-west-3.amazonaws.com/Produits/Images/Microsoft_365_logo.webp,microsoft,MicrosoftTeams-isvfrnce,monthly43,,Mensuel,,,,
Microsoft Teams NCE,USCFQ7TTC0LH0V000N,,https://manystacks.s3.eu-west-3.amazonaws.com/Produits/Images/Microsoft_365_logo.webp,microsoft,MicrosoftTeams-isvfrnce,monthly44,,Mensuel,,,,
Microsoft Teams NCE,USCFQ7TTC0LH0V000M,,https://manystacks.s3.eu-west-3.amazonaws.com/Produits/Images/Microsoft_365_logo.webp,microsoft,MicrosoftTeams-isvfrnce,monthly45,,Annuel,,,,
Microsoft Teams NCE,USCFQ7TTC0LH0V000M,,https://manystacks.s3.eu-west-3.amazonaws.com/Produits/Images/Microsoft_365_logo.webp,microsoft,MicrosoftTeams-isvfrnce,monthly46,,Mensuel,,,,
Microsoft Teams NCE,USCFQ7TTC0LH0V000M,,https://manystacks.s3.eu-west-3.amazonaws.com/Produits/Images/Microsoft_365_logo.webp,microsoft,MicrosoftTeams-isvfrnce,monthly47,,Mensuel,,,,
Microsoft Teams NCE,USCFQ7TTC0LH0V000L,,https://manystacks.s3.eu-west-3.amazonaws.com/Produits/Images/Microsoft_365_logo.webp,microsoft,MicrosoftTeams-isvfrnce,monthly48,,Annuel,,,,
Microsoft Teams NCE,USCFQ7TTC0LH0V000L,,https://manystacks.s3.eu-west-3.amazonaws.com/Produits/Images/Microsoft_365_logo.webp,microsoft,MicrosoftTeams-isvfrnce,monthly49,,Mensuel,,,,
Microsoft Teams NCE,USCFQ7TTC0LH0V000L,,https://manystacks.s3.eu-west-3.amazonaws.com/Produits/Images/Microsoft_365_logo.webp,microsoft,MicrosoftTeams-isvfrnce,monthly50,,Mensuel,,,,
Microsoft Teams NCE,USCFQ7TTC0QW7C000G,,https://manystacks.s3.eu-west-3.amazonaws.com/Produits/Images/Microsoft_365_logo.webp,microsoft,MicrosoftTeams-isvfrnce,monthly903,,Annuel,,,,
Microsoft Teams NCE,USCFQ7TTC0QW7C000G,,https://manystacks.s3.eu-west-3.amazonaws.com/Produits/Images/Microsoft_365_logo.webp,microsoft,MicrosoftTeams-isvfrnce,monthly904,,Mensuel,,,,
Microsoft Teams NCE,USCFQ7TTC0QW7C000G,,https://manystacks.s3.eu-west-3.amazonaws.com/Produits/Images/Microsoft_365_logo.webp,microsoft,MicrosoftTeams-isvfrnce,monthly3666,,Mensuel,,,,
Microsoft Teams NCE,USCFQ7TTC0QW7C000H,,https://manystacks.s3.eu-west-3.amazonaws.com/Produits/Images/Microsoft_365_logo.webp,microsoft,MicrosoftTeams-isvfrnce,monthly905,,Annuel,,,,
Microsoft Teams NCE,USCFQ7TTC0QW7C000H,,https://manystacks.s3.eu-west-3.amazonaws.com/Produits/Images/Microsoft_365_logo.webp,microsoft,MicrosoftTeams-isvfrnce,monthly906,,Mensuel,,,,
Microsoft Teams NCE,USCFQ7TTC0QW7C000H,,https://manystacks.s3.eu-west-3.amazonaws.com/Produits/Images/Microsoft_365_logo.webp,microsoft,MicrosoftTeams-isvfrnce,monthly907,,Mensuel,,,,
Microsoft Teams NCE,USCFQ7TTC0QW7C000J,,https://manystacks.s3.eu-west-3.amazonaws.com/Produits/Images/Microsoft_365_logo.webp,microsoft,MicrosoftTeams-isvfrnce,monthly908,,Annuel,,,,
Microsoft Teams NCE,USCFQ7TTC0QW7C000J,,https://manystacks.s3.eu-west-3.amazonaws.com/Produits/Images/Microsoft_365_logo.webp,microsoft,MicrosoftTeams-isvfrnce,monthly909,,Mensuel,,,,
Microsoft Teams NCE,USCFQ7TTC0QW7C000J,,https://manystacks.s3.eu-west-3.amazonaws.com/Produits/Images/Microsoft_365_logo.webp,microsoft,MicrosoftTeams-isvfrnce,monthly910,,Mensuel,,,,
Microsoft Teams NCE,USCFQ7TTC0MZJF000B,,https://manystacks.s3.eu-west-3.amazonaws.com/Produits/Images/Microsoft_365_logo.webp,microsoft,MicrosoftTeams-isvfrnce,Monthly822106,,Mensuel,,,,
Microsoft Teams NCE,USCFQ7TTC0MZJF0009,,https://manystacks.s3.eu-west-3.amazonaws.com/Produits/Images/Microsoft_365_logo.webp,microsoft,MicrosoftTeams-isvfrnce,Monthly822107,,Mensuel,,,,
Microsoft Teams NCE,USCFQ7TTC0MZJF0009,,https://manystacks.s3.eu-west-3.amazonaws.com/Produits/Images/Microsoft_365_logo.webp,microsoft,MicrosoftTeams-isvfrnce,Monthly822108,,Mensuel,,,,
Microsoft Teams NCE,USCFQ7TTC0MZJF0009,,https://manystacks.s3.eu-west-3.amazonaws.com/Produits/Images/Microsoft_365_logo.webp,microsoft,MicrosoftTeams-isvfrnce,Monthly822109,,Annuel,,,,
Microsoft Teams NCE,USCFQ7TTC0HL73000W,,https://manystacks.s3.eu-west-3.amazonaws.com/Produits/Images/Microsoft_365_logo.webp,microsoft,MicrosoftTeams-isvfrnce,Monthly822110,,Mensuel,,,,
Microsoft Teams NCE,USCFQ7TTC0HL73000W,,https://manystacks.s3.eu-west-3.amazonaws.com/Produits/Images/Microsoft_365_logo.webp,microsoft,MicrosoftTeams-isvfrnce,Monthly822111,,Annuel,,,,
Microsoft Teams NCE,USCFQ7TTC0QW7C000V,,https://manystacks.s3.eu-west-3.amazonaws.com/Produits/Images/Microsoft_365_logo.webp,microsoft,MicrosoftTeams-isvfrnce,Monthly822112,,Mensuel,,,,
Microsoft Teams NCE,USCFQ7TTC0QW7C000V,,https://manystacks.s3.eu-west-3.amazonaws.com/Produits/Images/Microsoft_365_logo.webp,microsoft,MicrosoftTeams-isvfrnce,Monthly822113,,Annuel,,,,
Microsoft Teams NCE,USCFQ7TTC0QW7C000V,,https://manystacks.s3.eu-west-3.amazonaws.com/Produits/Images/Microsoft_365_logo.webp,microsoft,MicrosoftTeams-isvfrnce,monthly3667,,Mensuel,,,,
Microsoft Teams NCE,USCFQ7TTC0LH0T001C,,https://manystacks.s3.eu-west-3.amazonaws.com/Produits/Images/Microsoft_365_logo.webp,microsoft,MicrosoftTeams-isvfrnce,Monthly822114,,Mensuel,,,,
Microsoft Teams NCE,USCFQ7TTC0LH0V000P,,https://manystacks.s3.eu-west-3.amazonaws.com/Produits/Images/Microsoft_365_logo.webp,microsoft,MicrosoftTeams-isvfrnce,monthly814,,Mensuel,,,,
Microsoft Teams NCE,USCFQ7TTC0LH0V000P,,https://manystacks.s3.eu-west-3.amazonaws.com/Produits/Images/Microsoft_365_logo.webp,microsoft,MicrosoftTeams-isvfrnce,monthly813,,Mensuel,,,,
Microsoft Teams NCE,USCFQ7TTC0LH0V000P,,https://manystacks.s3.eu-west-3.amazonaws.com/Produits/Images/Microsoft_365_logo.webp,microsoft,MicrosoftTeams-isvfrnce,monthly815,,Annuel,,,,
Microsoft Teams NCE,USCFQ7TTC0RM8K000K,,https://manystacks.s3.eu-west-3.amazonaws.com/Produits/Images/Microsoft_365_logo.webp,microsoft,MicrosoftTeams-isvfrnce,monthly954,,Mensuel,,,,
Microsoft Teams NCE,USCFQ7TTC0RM8K000K,,https://manystacks.s3.eu-west-3.amazonaws.com/Produits/Images/Microsoft_365_logo.webp,microsoft,MicrosoftTeams-isvfrnce,monthly953,,Annuel,,,,
Microsoft Teams NCE,USCFQ7TTC0RM8K000K,,https://manystacks.s3.eu-west-3.amazonaws.com/Produits/Images/Microsoft_365_logo.webp,microsoft,MicrosoftTeams-isvfrnce,monthly955,,Annuel,,,,
Microsoft Teams NCE,USCFQ7TTC0RM8K000L,,https://manystacks.s3.eu-west-3.amazonaws.com/Produits/Images/Microsoft_365_logo.webp,microsoft,MicrosoftTeams-isvfrnce,monthly957,,Mensuel,,,,
Microsoft Teams NCE,USCFQ7TTC0RM8K000L,,https://manystacks.s3.eu-west-3.amazonaws.com/Produits/Images/Microsoft_365_logo.webp,microsoft,MicrosoftTeams-isvfrnce,monthly956,,Annuel,,,,
Microsoft Teams NCE,USCFQ7TTC0RM8K000L,,https://manystacks.s3.eu-west-3.amazonaws.com/Produits/Images/Microsoft_365_logo.webp,microsoft,MicrosoftTeams-isvfrnce,monthly958,,Annuel,,,,
Microsoft Teams NCE,USCFQ7TTC0QW7C000K,,https://manystacks.s3.eu-west-3.amazonaws.com/Produits/Images/Microsoft_365_logo.webp,microsoft,MicrosoftTeams-isvfrnce,monthly811,,Mensuel,,,,
Microsoft Teams NCE,USCFQ7TTC0QW7C000K,,https://manystacks.s3.eu-west-3.amazonaws.com/Produits/Images/Microsoft_365_logo.webp,microsoft,MicrosoftTeams-isvfrnce,monthly810,,Annuel,,,,
Microsoft Teams NCE,USCFQ7TTC0QW7C000K,,https://manystacks.s3.eu-west-3.amazonaws.com/Produits/Images/Microsoft_365_logo.webp,microsoft,MicrosoftTeams-isvfrnce,monthly812,,Annuel,,,,
Microsoft Teams NCE,USCFQ7TTC0QW7C000Q,,https://manystacks.s3.eu-west-3.amazonaws.com/Produits/Images/Microsoft_365_logo.webp,microsoft,MicrosoftTeams-isvfrnce,monthly809,,Mensuel,,,,
Microsoft Teams NCE,USCFQ7TTC0PGPL0001,,https://manystacks.s3.eu-west-3.amazonaws.com/Produits/Images/Microsoft_365_logo.webp,microsoft,MicrosoftTeams-isvfrnce,monthly3732,,Mensuel,,,,
Microsoft Teams NCE,USCFQ7TTC0PGPL0001,,https://manystacks.s3.eu-west-3.amazonaws.com/Produits/Images/Microsoft_365_logo.webp,microsoft,MicrosoftTeams-isvfrnce,monthly3733,,Annuel,,,,
Microsoft Teams NCE,USCFQ7TTC0PGPL0001,,https://manystacks.s3.eu-west-3.amazonaws.com/Produits/Images/Microsoft_365_logo.webp,microsoft,MicrosoftTeams-isvfrnce,monthly3734,,Annuel,,,,
Microsoft Teams NCE,USCFQ7TTC0LHSK000H,,https://manystacks.s3.eu-west-3.amazonaws.com/Produits/Images/Microsoft_365_logo.webp,microsoft,MicrosoftTeams-isvfrnce,monthly3726,,Mensuel,,,,
Microsoft Teams NCE,USCFQ7TTC0LHSK000H,,https://manystacks.s3.eu-west-3.amazonaws.com/Produits/Images/Microsoft_365_logo.webp,microsoft,MicrosoftTeams-isvfrnce,monthly3727,,Annuel,,,,
Microsoft Teams NCE,USCFQ7TTC0LHSK000H,,https://manystacks.s3.eu-west-3.amazonaws.com/Produits/Images/Microsoft_365_logo.webp,microsoft,MicrosoftTeams-isvfrnce,monthly3728,,Annuel,,,,
Microsoft Teams NCE,USCFQ7TTC0QW7C000R,,https://manystacks.s3.eu-west-3.amazonaws.com/Produits/Images/Microsoft_365_logo.webp,microsoft,MicrosoftTeams-isvfrnce,monthly3665,,Mensuel,,,,
Microsoft Teams NCE,USCFQ7TTC0RM8K000J,,https://manystacks.s3.eu-west-3.amazonaws.com/Produits/Images/Microsoft_365_logo.webp,microsoft,MicrosoftTeams-isvfrnce,monthly3747,,Mensuel,,,,
Microsoft Teams NCE,USCFQ7TTC0RM8K000J,,https://manystacks.s3.eu-west-3.amazonaws.com/Produits/Images/Microsoft_365_logo.webp,microsoft,MicrosoftTeams-isvfrnce,monthly3748,,Annuel,,,,
Microsoft Teams NCE,USCFQ7TTC0RM8K000J,,https://manystacks.s3.eu-west-3.amazonaws.com/Produits/Images/Microsoft_365_logo.webp,microsoft,MicrosoftTeams-isvfrnce,monthly3749,,Mensuel,,,,
Microsoft Teams NCE,Microsoft-Teams-Rooms-Std-withou,,https://manystacks.s3.eu-west-3.amazonaws.com/Produits/Images/Microsoft_365_logo.webp,microsoft,MicrosoftTeams-isvfrnce,Microsoft-Teams-Rooms-Std-wit-n0,,Mensuel,,,,
Microsoft Teams NCE,Microsoft-Teams-Rooms-Std-withou,,https://manystacks.s3.eu-west-3.amazonaws.com/Produits/Images/Microsoft_365_logo.webp,microsoft,MicrosoftTeams-isvfrnce,Microsoft-Teams-Rooms-Std-wit-n1,,Mensuel,,,,
Microsoft Teams NCE,Microsoft-Teams-Rooms-Std-withou,,https://manystacks.s3.eu-west-3.amazonaws.com/Produits/Images/Microsoft_365_logo.webp,microsoft,MicrosoftTeams-isvfrnce,Microsoft-Teams-Rooms-Std-wit-n2,,Mensuel,,,,
Microsoft Teams NCE,Microsoft-Teams-Rooms-Pro-wit-n2,,https://manystacks.s3.eu-west-3.amazonaws.com/Produits/Images/Microsoft_365_logo.webp,microsoft,MicrosoftTeams-isvfrnce,Microsoft-Teams-Rooms-Pro-wit-n3,,Mensuel,,,,
Microsoft Teams NCE,Microsoft-Teams-Phone-Std-for-FL,,https://manystacks.s3.eu-west-3.amazonaws.com/Produits/Images/Microsoft_365_logo.webp,microsoft,MicrosoftTeams-isvfrnce,Microsoft-Teams-Phone-Std-for-n0,,Annuel,,,,
Microsoft Teams NCE,Microsoft-Teams-Phone-Std-for-FL,,https://manystacks.s3.eu-west-3.amazonaws.com/Produits/Images/Microsoft_365_logo.webp,microsoft,MicrosoftTeams-isvfrnce,Microsoft-Teams-Phone-Std-for-n1,,Mensuel,,,,
Microsoft Teams NCE,Microsoft-Teams-Phone-Std-for-FL,,https://manystacks.s3.eu-west-3.amazonaws.com/Produits/Images/Microsoft_365_logo.webp,microsoft,MicrosoftTeams-isvfrnce,Microsoft-Teams-Phone-Std-for-n2,,Mensuel,,,,
Microsoft Teams NCE,USCFQ7TTC0MZJF000H,,https://manystacks.s3.eu-west-3.amazonaws.com/Produits/Images/Microsoft_365_logo.webp,microsoft,MicrosoftTeams-isvfrnce,CFQ7TTC0MZJF-000H31,,Annuel,,,,
Microsoft Teams NCE,USCFQ7TTC0MZJF000H,,https://manystacks.s3.eu-west-3.amazonaws.com/Produits/Images/Microsoft_365_logo.webp,microsoft,MicrosoftTeams-isvfrnce,CFQ7TTC0MZJF-000H32,,Mensuel,,,,
Microsoft Teams NCE,Microsoft-Teams-Enterprise---Una,,https://manystacks.s3.eu-west-3.amazonaws.com/Produits/Images/Microsoft_365_logo.webp,microsoft,MicrosoftTeams-isvfrnce,Microsoft-Teams-Enterprise----n0,,Mensuel,,,,
Microsoft Teams NCE,Microsoft-Teams-Enterprise---Una,,https://manystacks.s3.eu-west-3.amazonaws.com/Produits/Images/Microsoft_365_logo.webp,microsoft,MicrosoftTeams-isvfrnce,Microsoft-Teams-Enterprise----n1,,Annuel,,,,
Microsoft 365 NCE Add on,USCFQ7TTC0MM8R0002,,https://manystacks.s3.eu-west-3.amazonaws.com/Produits/Images/Microsoft_365_logo.webp,microsoft,Microsoft365NCEaddon-isvfrnce,Annual-n47,,Annuel,,,,
Microsoft 365 NCE Add on,USCFQ7TTC0MM8R0002,,https://manystacks.s3.eu-west-3.amazonaws.com/Produits/Images/Microsoft_365_logo.webp,microsoft,Microsoft365NCEaddon-isvfrnce,Copilot-for-M365,,Mensuel,,,,
Microsoft 365 NCE Add on,USCFQ7TTC0LH1F0001,,https://manystacks.s3.eu-west-3.amazonaws.com/Produits/Images/Microsoft_365_logo.webp,microsoft,Microsoft365NCEaddon-isvfrnce,Monthly-n15,,Mensuel,,,,
Microsoft 365 NCE Add on,USCFQ7TTC0LH1F0001,,https://manystacks.s3.eu-west-3.amazonaws.com/Produits/Images/Microsoft_365_logo.webp,microsoft,Microsoft365NCEaddon-isvfrnce,Annual-n40,,Annuel,,,,
Microsoft 365 NCE Add on,USCFQ7TTC0LH1F0001,,https://manystacks.s3.eu-west-3.amazonaws.com/Produits/Images/Microsoft_365_logo.webp,microsoft,Microsoft365NCEaddon-isvfrnce,Monthly---Annual-Commit-n41,,Mensuel,,,,
Microsoft 365 NCE Add on,USCFQ7TTC0Q1710003,,https://manystacks.s3.eu-west-3.amazonaws.com/Produits/Images/Microsoft_365_logo.webp,microsoft,Microsoft365NCEaddon-isvfrnce,Monthly-n10,,Mensuel,,,,
Microsoft 365 NCE Add on,USCFQ7TTC0Q1710003,,https://manystacks.s3.eu-west-3.amazonaws.com/Produits/Images/Microsoft_365_logo.webp,microsoft,Microsoft365NCEaddon-isvfrnce,Annual-n42,,Annuel,,,,
Microsoft 365 NCE Add on,USCFQ7TTC0Q1710003,,https://manystacks.s3.eu-west-3.amazonaws.com/Produits/Images/Microsoft_365_logo.webp,microsoft,Microsoft365NCEaddon-isvfrnce,Monthly---Annual-Commit,,Mensuel,,,,
Microsoft 365 NCE Add on,USCFQ7TTC0MBMD0006,,https://manystacks.s3.eu-west-3.amazonaws.com/Produits/Images/Microsoft_365_logo.webp,microsoft,Microsoft365NCEaddon-isvfrnce,Monthly-n102,,Mensuel,,,,
Microsoft 365 NCE Add on,USCFQ7TTC0MBMD0006,,https://manystacks.s3.eu-west-3.amazonaws.com/Produits/Images/Microsoft_365_logo.webp,microsoft,Microsoft365NCEaddon-isvfrnce,Annual-n116,,Mensuel,,,,
Microsoft 365 NCE Add on,USCFQ7TTC0MBMD0006,,https://manystacks.s3.eu-west-3.amazonaws.com/Produits/Images/Microsoft_365_logo.webp,microsoft,Microsoft365NCEaddon-isvfrnce,Monthly---Annual-Commit-n8,,Annuel,,,,
Microsoft 365 NCE Add on,USCFQ7TTC0MBMD0005,,https://manystacks.s3.eu-west-3.amazonaws.com/Produits/Images/Microsoft_365_logo.webp,microsoft,Microsoft365NCEaddon-isvfrnce,Annual-n117,,Mensuel,,,,
Microsoft 365 NCE Add on,USCFQ7TTC0MBMD0005,,https://manystacks.s3.eu-west-3.amazonaws.com/Produits/Images/Microsoft_365_logo.webp,microsoft,Microsoft365NCEaddon-isvfrnce,Monthly---Annual-Commit-n9,,Mensuel,,,,
Microsoft 365 NCE Add on,USCFQ7TTC0MBMD0005,,https://manystacks.s3.eu-west-3.amazonaws.com/Produits/Images/Microsoft_365_logo.webp,microsoft,Microsoft365NCEaddon-isvfrnce,Annual-Plan-n4,,Annuel,,,,
Microsoft 365 NCE Add on,USCFQ7TTC0MBMD0007,,https://manystacks.s3.eu-west-3.amazonaws.com/Produits/Images/Microsoft_365_logo.webp,microsoft,Microsoft365NCEaddon-isvfrnce,Annual-n119,,Mensuel,,,,
Microsoft 365 NCE Add on,USCFQ7TTC0MBMD0007,,https://manystacks.s3.eu-west-3.amazonaws.com/Produits/Images/Microsoft_365_logo.webp,microsoft,Microsoft365NCEaddon-isvfrnce,Monthly---Annual-Commit-n11,,Mensuel,,,,
Microsoft 365 NCE Add on,USCFQ7TTC0MBMD0007,,https://manystacks.s3.eu-west-3.amazonaws.com/Produits/Images/Microsoft_365_logo.webp,microsoft,Microsoft365NCEaddon-isvfrnce,Monthly-Plan-n8,,Annuel,,,,
Microsoft 365 NCE Add on,USCFQ7TTC0HVZW000D,,https://manystacks.s3.eu-west-3.amazonaws.com/Produits/Images/Microsoft_365_logo.webp,microsoft,Microsoft365NCEaddon-isvfrnce,Monthly-Plan-n4,,Mensuel,,,,
Microsoft 365 NCE Add on,USCFQ7TTC0HVZW000D,,https://manystacks.s3.eu-west-3.amazonaws.com/Produits/Images/Microsoft_365_logo.webp,microsoft,Microsoft365NCEaddon-isvfrnce,Monthly---Annual-Commit-n18,,Mensuel,,,,
Microsoft 365 NCE Add on,USCFQ7TTC0HVZW000D,,https://manystacks.s3.eu-west-3.amazonaws.com/Produits/Images/Microsoft_365_logo.webp,microsoft,Microsoft365NCEaddon-isvfrnce,Annual-Plan-n7,,Annuel,,,,
Microsoft 365 NCE Add on,USCFQ7TTC0QB3G0001,,https://manystacks.s3.eu-west-3.amazonaws.com/Produits/Images/Microsoft_365_logo.webp,microsoft,Microsoft365NCEaddon-isvfrnce,Monthly,,Mensuel,,,,
Microsoft 365 NCE Add on,USCFQ7TTC0QB3G0001,,https://manystacks.s3.eu-west-3.amazonaws.com/Produits/Images/Microsoft_365_logo.webp,microsoft,Microsoft365NCEaddon-isvfrnce,Annual,,Annuel,,,,
Microsoft 365 NCE Add on,USCFQ7TTC0QB3G0001,,https://manystacks.s3.eu-west-3.amazonaws.com/Produits/Images/Microsoft_365_logo.webp,microsoft,Microsoft365NCEaddon-isvfrnce,Monthly---Annual-Commit-n19,,Mensuel,,,,
Microsoft 365 NCE Add on,USCFQ7TTC0QB3R0001,,https://manystacks.s3.eu-west-3.amazonaws.com/Produits/Images/Microsoft_365_logo.webp,microsoft,Microsoft365NCEaddon-isvfrnce,Monthly-n0,,Mensuel,,,,
Microsoft 365 NCE Add on,USCFQ7TTC0QB3R0001,,https://manystacks.s3.eu-west-3.amazonaws.com/Produits/Images/Microsoft_365_logo.webp,microsoft,Microsoft365NCEaddon-isvfrnce,Annual-n0,,Annuel,,,,
Microsoft 365 NCE Add on,USCFQ7TTC0QB3R0001,,https://manystacks.s3.eu-west-3.amazonaws.com/Produits/Images/Microsoft_365_logo.webp,microsoft,Microsoft365NCEaddon-isvfrnce,Monthly---Annual-Commit-n20,,Mensuel,,,,
Microsoft 365 NCE Add on,USCFQ7TTC0QB4T0001,,https://manystacks.s3.eu-west-3.amazonaws.com/Produits/Images/Microsoft_365_logo.webp,microsoft,Microsoft365NCEaddon-isvfrnce,Monthly-n1,,Mensuel,,,,
Microsoft 365 NCE Add on,USCFQ7TTC0QB4T0001,,https://manystacks.s3.eu-west-3.amazonaws.com/Produits/Images/Microsoft_365_logo.webp,microsoft,Microsoft365NCEaddon-isvfrnce,Annual-n4,,Annuel,,,,
Microsoft 365 NCE Add on,USCFQ7TTC0QB4T0001,,https://manystacks.s3.eu-west-3.amazonaws.com/Produits/Images/Microsoft_365_logo.webp,microsoft,Microsoft365NCEaddon-isvfrnce,Monthly---Annual-Commit-n28,,Mensuel,,,,
Microsoft 365 NCE Add on,USCFQ7TTC0RWPR0001,,https://manystacks.s3.eu-west-3.amazonaws.com/Produits/Images/Microsoft_365_logo.webp,microsoft,Microsoft365NCEaddon-isvfrnce,Monthly-n2,,Mensuel,,,,
Microsoft 365 NCE Add on,USCFQ7TTC0RWPR0001,,https://manystacks.s3.eu-west-3.amazonaws.com/Produits/Images/Microsoft_365_logo.webp,microsoft,Microsoft365NCEaddon-isvfrnce,Annual-n5,,Annuel,,,,
Microsoft 365 NCE Add on,USCFQ7TTC0RWPR0001,,https://manystacks.s3.eu-west-3.amazonaws.com/Produits/Images/Microsoft_365_logo.webp,microsoft,Microsoft365NCEaddon-isvfrnce,Monthly---Annual-Commit-n32,,Mensuel,,,,
Microsoft 365 NCE Add on,USCFQ7TTC0RN260001,,https://manystacks.s3.eu-west-3.amazonaws.com/Produits/Images/Microsoft_365_logo.webp,microsoft,Microsoft365NCEaddon-isvfrnce,Annual-n6,,Annuel,,,,
Microsoft 365 NCE Add on,USCFQ7TTC0RN260001,,https://manystacks.s3.eu-west-3.amazonaws.com/Produits/Images/Microsoft_365_logo.webp,microsoft,Microsoft365NCEaddon-isvfrnce,Monthly---Annual-Commit-n38,,Mensuel,,,,
Microsoft 365 NCE Add on,USCFQ7TTC0LHXJ0003,,https://manystacks.s3.eu-west-3.amazonaws.com/Produits/Images/Microsoft_365_logo.webp,microsoft,Microsoft365NCEaddon-isvfrnce,Monthly-n12,,Mensuel,,,,
Microsoft 365 NCE Add on,USCFQ7TTC0LHXJ0003,,https://manystacks.s3.eu-west-3.amazonaws.com/Produits/Images/Microsoft_365_logo.webp,microsoft,Microsoft365NCEaddon-isvfrnce,Annual-n12,,Annuel,,,,
Microsoft 365 NCE Add on,USCFQ7TTC0LHXJ0003,,https://manystacks.s3.eu-west-3.amazonaws.com/Produits/Images/Microsoft_365_logo.webp,microsoft,Microsoft365NCEaddon-isvfrnce,Monthly---Annual-Commit-n36,,Mensuel,,,,
Microsoft 365 NCE Add on,USCFQ7TTC0N8SS0009,,https://manystacks.s3.eu-west-3.amazonaws.com/Produits/Images/Microsoft_365_logo.webp,microsoft,Microsoft365NCEaddon-isvfrnce,Monthly-n14,,Mensuel,,,,
Microsoft 365 NCE Add on,USCFQ7TTC0N8SS0009,,https://manystacks.s3.eu-west-3.amazonaws.com/Produits/Images/Microsoft_365_logo.webp,microsoft,Microsoft365NCEaddon-isvfrnce,Annual-n39,,Annuel,,,,
Microsoft 365 NCE Add on,USCFQ7TTC0N8SS0009,,https://manystacks.s3.eu-west-3.amazonaws.com/Produits/Images/Microsoft_365_logo.webp,microsoft,Microsoft365NCEaddon-isvfrnce,Monthly---Annual-Commit-n40,,Mensuel,,,,
Microsoft 365 NCE Add on,USCFQ7TTC0RV0H0001,,https://manystacks.s3.eu-west-3.amazonaws.com/Produits/Images/Microsoft_365_logo.webp,microsoft,Microsoft365NCEaddon-isvfrnce,Annual-n41,,Annuel,,,,
Microsoft 365 NCE Add on,USCFQ7TTC0RV0H0001,,https://manystacks.s3.eu-west-3.amazonaws.com/Produits/Images/Microsoft_365_logo.webp,microsoft,Microsoft365NCEaddon-isvfrnce,Monthly---Annual-Commit-n42,,Mensuel,,,,
Microsoft 365 NCE Add on,USCFQ7TTC0HVZW000H,,https://manystacks.s3.eu-west-3.amazonaws.com/Produits/Images/Microsoft_365_logo.webp,microsoft,Microsoft365NCEaddon-isvfrnce,Monthly-n39,,Mensuel,,,,
Microsoft 365 NCE Add on,USCFQ7TTC0HVZW000H,,https://manystacks.s3.eu-west-3.amazonaws.com/Produits/Images/Microsoft_365_logo.webp,microsoft,Microsoft365NCEaddon-isvfrnce,Annual-n43,,Annuel,,,,
Microsoft 365 NCE Add on,USCFQ7TTC0HVZW000H,,https://manystacks.s3.eu-west-3.amazonaws.com/Produits/Images/Microsoft_365_logo.webp,microsoft,Microsoft365NCEaddon-isvfrnce,Monthly---Annual-Commit-n43,,Mensuel,,,,
Microsoft 365 NCE Add on,USCFQ7TTC0HVZW000J,,https://manystacks.s3.eu-west-3.amazonaws.com/Produits/Images/Microsoft_365_logo.webp,microsoft,Microsoft365NCEaddon-isvfrnce,Monthly-n43,,Mensuel,,,,
Microsoft 365 NCE Add on,USCFQ7TTC0HVZW000J,,https://manystacks.s3.eu-west-3.amazonaws.com/Produits/Images/Microsoft_365_logo.webp,microsoft,Microsoft365NCEaddon-isvfrnce,Annual-n45,,Annuel,,,,
Microsoft 365 NCE Add on,USCFQ7TTC0HVZW000J,,https://manystacks.s3.eu-west-3.amazonaws.com/Produits/Images/Microsoft_365_logo.webp,microsoft,Microsoft365NCEaddon-isvfrnce,Monthly---Annual-Commit-n44,,Mensuel,,,,
Microsoft 365 NCE Add on,USCFQ7TTC0HVZW000K,,https://manystacks.s3.eu-west-3.amazonaws.com/Produits/Images/Microsoft_365_logo.webp,microsoft,Microsoft365NCEaddon-isvfrnce,Monthly-n44,,Mensuel,,,,
Microsoft 365 NCE Add on,USCFQ7TTC0HVZW000K,,https://manystacks.s3.eu-west-3.amazonaws.com/Produits/Images/Microsoft_365_logo.webp,microsoft,Microsoft365NCEaddon-isvfrnce,Annual-n46,,Annuel,,,,
Microsoft 365 NCE Add on,USCFQ7TTC0HVZW000K,,https://manystacks.s3.eu-west-3.amazonaws.com/Produits/Images/Microsoft_365_logo.webp,microsoft,Microsoft365NCEaddon-isvfrnce,Monthly---Annual-Commit-n45,,Mensuel,,,,
Microsoft 365 NCE Add on,USCFQ7TTC0J1ZQ0005,,https://manystacks.s3.eu-west-3.amazonaws.com/Produits/Images/Microsoft_365_logo.webp,microsoft,Microsoft365NCEaddon-isvfrnce,monthly659,,Mensuel,,,,
Microsoft 365 NCE Add on,USCFQ7TTC0J1ZQ0005,,https://manystacks.s3.eu-west-3.amazonaws.com/Produits/Images/Microsoft_365_logo.webp,microsoft,Microsoft365NCEaddon-isvfrnce,monthly660,,Mensuel,,,,
Microsoft 365 NCE Add on,USCFQ7TTC0J1ZQ0005,,https://manystacks.s3.eu-west-3.amazonaws.com/Produits/Images/Microsoft_365_logo.webp,microsoft,Microsoft365NCEaddon-isvfrnce,monthly661,,Annuel,,,,
Microsoft 365 NCE Add on,USCFQ7TTC0J1KP0008,,https://manystacks.s3.eu-west-3.amazonaws.com/Produits/Images/Microsoft_365_logo.webp,microsoft,Microsoft365NCEaddon-isvfrnce,monthly665,,Mensuel,,,,
Microsoft 365 NCE Add on,USCFQ7TTC0J1KP0008,,https://manystacks.s3.eu-west-3.amazonaws.com/Produits/Images/Microsoft_365_logo.webp,microsoft,Microsoft365NCEaddon-isvfrnce,monthly666,,Mensuel,,,,
Microsoft 365 NCE Add on,USCFQ7TTC0J1KP0008,,https://manystacks.s3.eu-west-3.amazonaws.com/Produits/Images/Microsoft_365_logo.webp,microsoft,Microsoft365NCEaddon-isvfrnce,monthly667,,Annuel,,,,
Microsoft 365 NCE Add on,USCFQ7TTC0J1KP0007,,https://manystacks.s3.eu-west-3.amazonaws.com/Produits/Images/Microsoft_365_logo.webp,microsoft,Microsoft365NCEaddon-isvfrnce,monthly668,,Mensuel,,,,
Microsoft 365 NCE Add on,USCFQ7TTC0J1KP0007,,https://manystacks.s3.eu-west-3.amazonaws.com/Produits/Images/Microsoft_365_logo.webp,microsoft,Microsoft365NCEaddon-isvfrnce,monthly669,,Mensuel,,,,
Microsoft 365 NCE Add on,USCFQ7TTC0J1KP0007,,https://manystacks.s3.eu-west-3.amazonaws.com/Produits/Images/Microsoft_365_logo.webp,microsoft,Microsoft365NCEaddon-isvfrnce,monthly670,,Annuel,,,,
Microsoft 365 NCE Add on,USCFQ7TTC0LHXT000Q,,https://manystacks.s3.eu-west-3.amazonaws.com/Produits/Images/Microsoft_365_logo.webp,microsoft,Microsoft365NCEaddon-isvfrnce,monthly706,,Mensuel,,,,
Microsoft 365 NCE Add on,USCFQ7TTC0LHXT000Q,,https://manystacks.s3.eu-west-3.amazonaws.com/Produits/Images/Microsoft_365_logo.webp,microsoft,Microsoft365NCEaddon-isvfrnce,monthly707,,Mensuel,,,,
Microsoft 365 NCE Add on,USCFQ7TTC0LHXT000Q,,https://manystacks.s3.eu-west-3.amazonaws.com/Produits/Images/Microsoft_365_logo.webp,microsoft,Microsoft365NCEaddon-isvfrnce,monthly708,,Annuel,,,,
Microsoft 365 NCE Add on,USCFQ7TTC0MBMD0024,,https://manystacks.s3.eu-west-3.amazonaws.com/Produits/Images/Microsoft_365_logo.webp,microsoft,Microsoft365NCEaddon-isvfrnce,monthly736,,Mensuel,,,,
Microsoft 365 NCE Add on,USCFQ7TTC0MBMD0024,,https://manystacks.s3.eu-west-3.amazonaws.com/Produits/Images/Microsoft_365_logo.webp,microsoft,Microsoft365NCEaddon-isvfrnce,monthly737,,Mensuel,,,,
Microsoft 365 NCE Add on,USCFQ7TTC0MBMD0024,,https://manystacks.s3.eu-west-3.amazonaws.com/Produits/Images/Microsoft_365_logo.webp,microsoft,Microsoft365NCEaddon-isvfrnce,monthly738,,Annuel,,,,
Microsoft 365 NCE Add on,USCFQ7TTC0MBMD0025,,https://manystacks.s3.eu-west-3.amazonaws.com/Produits/Images/Microsoft_365_logo.webp,microsoft,Microsoft365NCEaddon-isvfrnce,monthly739,,Mensuel,,,,
Microsoft 365 NCE Add on,USCFQ7TTC0MBMD0025,,https://manystacks.s3.eu-west-3.amazonaws.com/Produits/Images/Microsoft_365_logo.webp,microsoft,Microsoft365NCEaddon-isvfrnce,monthly740,,Mensuel,,,,
Microsoft 365 NCE Add on,USCFQ7TTC0MBMD0025,,https://manystacks.s3.eu-west-3.amazonaws.com/Produits/Images/Microsoft_365_logo.webp,microsoft,Microsoft365NCEaddon-isvfrnce,monthly741,,Annuel,,,,
Microsoft 365 NCE Add on,USCFQ7TTC0MM8R000K,,https://manystacks.s3.eu-west-3.amazonaws.com/Produits/Images/Microsoft_365_logo.webp,microsoft,Microsoft365NCEaddon-isvfrnce,monthly745,,Annuel,,,,
Microsoft 365 NCE Add on,USCFQ7TTC0MM8R000K,,https://manystacks.s3.eu-west-3.amazonaws.com/Produits/Images/Microsoft_365_logo.webp,microsoft,Microsoft365NCEaddon-isvfrnce,Microsoft-Copilot-for-M365-A3-an,,Mensuel,,,,
Microsoft 365 NCE Add on,USCFQ7TTC0NSWW0001,,https://manystacks.s3.eu-west-3.amazonaws.com/Produits/Images/Microsoft_365_logo.webp,microsoft,Microsoft365NCEaddon-isvfrnce,monthly746,,Annuel,,,,
Microsoft 365 NCE Add on,USCFQ7TTC0NSWW0001,,https://manystacks.s3.eu-west-3.amazonaws.com/Produits/Images/Microsoft_365_logo.webp,microsoft,Microsoft365NCEaddon-isvfrnce,Microsoft-Copilot-for-Sales,,Mensuel,,,,
Microsoft 365 NCE Add on,USCFQ7TTC0NSX10001,,https://manystacks.s3.eu-west-3.amazonaws.com/Produits/Images/Microsoft_365_logo.webp,microsoft,Microsoft365NCEaddon-isvfrnce,monthly747,,Annuel,,,,
Microsoft 365 NCE Add on,USCFQ7TTC0NSX10001,,https://manystacks.s3.eu-west-3.amazonaws.com/Produits/Images/Microsoft_365_logo.webp,microsoft,Microsoft365NCEaddon-isvfrnce,Microsoft-Copilot-for-Service,,Mensuel,,,,
Microsoft 365 NCE Add on,USCFQ7TTC0Q1710008,,https://manystacks.s3.eu-west-3.amazonaws.com/Produits/Images/Microsoft_365_logo.webp,microsoft,Microsoft365NCEaddon-isvfrnce,monthly874,,Mensuel,,,,
Microsoft 365 NCE Add on,USCFQ7TTC0Q1710008,,https://manystacks.s3.eu-west-3.amazonaws.com/Produits/Images/Microsoft_365_logo.webp,microsoft,Microsoft365NCEaddon-isvfrnce,monthly875,,Mensuel,,,,
Microsoft 365 NCE Add on,USCFQ7TTC0Q1710008,,https://manystacks.s3.eu-west-3.amazonaws.com/Produits/Images/Microsoft_365_logo.webp,microsoft,Microsoft365NCEaddon-isvfrnce,monthly876,,Annuel,,,,
Microsoft 365 NCE Add on,USCFQ7TTC0Q1710007,,https://manystacks.s3.eu-west-3.amazonaws.com/Produits/Images/Microsoft_365_logo.webp,microsoft,Microsoft365NCEaddon-isvfrnce,monthly877,,Mensuel,,,,
Microsoft 365 NCE Add on,USCFQ7TTC0Q1710007,,https://manystacks.s3.eu-west-3.amazonaws.com/Produits/Images/Microsoft_365_logo.webp,microsoft,Microsoft365NCEaddon-isvfrnce,monthly878,,Mensuel,,,,
Microsoft 365 NCE Add on,USCFQ7TTC0Q1710007,,https://manystacks.s3.eu-west-3.amazonaws.com/Produits/Images/Microsoft_365_logo.webp,microsoft,Microsoft365NCEaddon-isvfrnce,monthly879,,Annuel,,,,
Microsoft 365 NCE Add on,USCFQ7TTC0LH030018,,https://manystacks.s3.eu-west-3.amazonaws.com/Produits/Images/Microsoft_365_logo.webp,microsoft,Microsoft365NCEaddon-isvfrnce,Monthly7733,,Mensuel,,,,
Microsoft 365 NCE Add on,USCFQ7TTC0LH030018,,https://manystacks.s3.eu-west-3.amazonaws.com/Produits/Images/Microsoft_365_logo.webp,microsoft,Microsoft365NCEaddon-isvfrnce,Monthly7734,,Mensuel,,,,
Microsoft 365 NCE Add on,USCFQ7TTC0LH030018,,https://manystacks.s3.eu-west-3.amazonaws.com/Produits/Images/Microsoft_365_logo.webp,microsoft,Microsoft365NCEaddon-isvfrnce,Monthly7735,,Annuel,,,,
Microsoft 365 NCE Add on,USCFQ7TTC0J1ZQ0006,,https://manystacks.s3.eu-west-3.amazonaws.com/Produits/Images/Microsoft_365_logo.webp,microsoft,Microsoft365NCEaddon-isvfrnce,Monthly822073,,Mensuel,,,,
Microsoft 365 NCE Add on,USCFQ7TTC0J1ZQ0006,,https://manystacks.s3.eu-west-3.amazonaws.com/Produits/Images/Microsoft_365_logo.webp,microsoft,Microsoft365NCEaddon-isvfrnce,M365-A5-Compliance-EDU-STU,,Mensuel,,,,
Microsoft 365 NCE Add on,USCFQ7TTC0J1ZQ0006,,https://manystacks.s3.eu-west-3.amazonaws.com/Produits/Images/Microsoft_365_logo.webp,microsoft,Microsoft365NCEaddon-isvfrnce,M365-A5-Compliance-EDU-STU-n0,,Annuel,,,,
Microsoft 365 NCE Add on,USCFQ7TTC0J1KP0009,,https://manystacks.s3.eu-west-3.amazonaws.com/Produits/Images/Microsoft_365_logo.webp,microsoft,Microsoft365NCEaddon-isvfrnce,Monthly822076,,Mensuel,,,,
Microsoft 365 NCE Add on,USCFQ7TTC0J1KP0009,,https://manystacks.s3.eu-west-3.amazonaws.com/Produits/Images/Microsoft_365_logo.webp,microsoft,Microsoft365NCEaddon-isvfrnce,Monthly822077,,Mensuel,,,,
Microsoft 365 NCE Add on,USCFQ7TTC0J1KP0009,,https://manystacks.s3.eu-west-3.amazonaws.com/Produits/Images/Microsoft_365_logo.webp,microsoft,Microsoft365NCEaddon-isvfrnce,Monthly822078,,Annuel,,,,
Microsoft 365 NCE Add on,USCFQ7TTC0LHXT000R,,https://manystacks.s3.eu-west-3.amazonaws.com/Produits/Images/Microsoft_365_logo.webp,microsoft,Microsoft365NCEaddon-isvfrnce,Monthly822136,,Mensuel,,,,
Microsoft 365 NCE Add on,USCFQ7TTC0LHXT000R,,https://manystacks.s3.eu-west-3.amazonaws.com/Produits/Images/Microsoft_365_logo.webp,microsoft,Microsoft365NCEaddon-isvfrnce,Monthly822137,,Mensuel,,,,
Microsoft 365 NCE Add on,USCFQ7TTC0LHXT000R,,https://manystacks.s3.eu-west-3.amazonaws.com/Produits/Images/Microsoft_365_logo.webp,microsoft,Microsoft365NCEaddon-isvfrnce,Monthly822138,,Annuel,,,,
Microsoft 365 NCE Add on,USCFQ7TTC0MBMD002R,,https://manystacks.s3.eu-west-3.amazonaws.com/Produits/Images/Microsoft_365_logo.webp,microsoft,Microsoft365NCEaddon-isvfrnce,Monthly822154,,Mensuel,,,,
Microsoft 365 NCE Add on,USCFQ7TTC0MBMD002R,,https://manystacks.s3.eu-west-3.amazonaws.com/Produits/Images/Microsoft_365_logo.webp,microsoft,Microsoft365NCEaddon-isvfrnce,Monthly822155,,Mensuel,,,,
Microsoft 365 NCE Add on,USCFQ7TTC0MBMD002R,,https://manystacks.s3.eu-west-3.amazonaws.com/Produits/Images/Microsoft_365_logo.webp,microsoft,Microsoft365NCEaddon-isvfrnce,Monthly822156,,Annuel,,,,
Microsoft 365 NCE Add on,USCFQ7TTC0N38H0005,,https://manystacks.s3.eu-west-3.amazonaws.com/Produits/Images/Microsoft_365_logo.webp,microsoft,Microsoft365NCEaddon-isvfrnce,Monthly822186,,Mensuel,,,,
Microsoft 365 NCE Add on,USCFQ7TTC0N38H0006,,https://manystacks.s3.eu-west-3.amazonaws.com/Produits/Images/Microsoft_365_logo.webp,microsoft,Microsoft365NCEaddon-isvfrnce,Monthly822187,,Mensuel,,,,
Microsoft 365 NCE Add on,USCFQ7TTC0N38H0006,,https://manystacks.s3.eu-west-3.amazonaws.com/Produits/Images/Microsoft_365_logo.webp,microsoft,Microsoft365NCEaddon-isvfrnce,Monthly822188,,Mensuel,,,,
Microsoft 365 NCE Add on,USCFQ7TTC0N38H0006,,https://manystacks.s3.eu-west-3.amazonaws.com/Produits/Images/Microsoft_365_logo.webp,microsoft,Microsoft365NCEaddon-isvfrnce,Monthly822189,,Annuel,,,,
Microsoft 365 NCE Add on,USCFQ7TTC0HVZW001G,,https://manystacks.s3.eu-west-3.amazonaws.com/Produits/Images/Microsoft_365_logo.webp,microsoft,Microsoft365NCEaddon-isvfrnce,Monthly822192,,Mensuel,,,,
Microsoft 365 NCE Add on,USCFQ7TTC0HVZW001G,,https://manystacks.s3.eu-west-3.amazonaws.com/Produits/Images/Microsoft_365_logo.webp,microsoft,Microsoft365NCEaddon-isvfrnce,Monthly822193,,Mensuel,,,,
Microsoft 365 NCE Add on,USCFQ7TTC0HVZW001G,,https://manystacks.s3.eu-west-3.amazonaws.com/Produits/Images/Microsoft_365_logo.webp,microsoft,Microsoft365NCEaddon-isvfrnce,Monthly822194,,Annuel,,,,
Microsoft 365 NCE Add on,USCFQ7TTC0HVZW001F,,https://manystacks.s3.eu-west-3.amazonaws.com/Produits/Images/Microsoft_365_logo.webp,microsoft,Microsoft365NCEaddon-isvfrnce,Monthly822195,,Mensuel,,,,
Microsoft 365 NCE Add on,USCFQ7TTC0HVZW001F,,https://manystacks.s3.eu-west-3.amazonaws.com/Produits/Images/Microsoft_365_logo.webp,microsoft,Microsoft365NCEaddon-isvfrnce,Monthly822196,,Mensuel,,,,
Microsoft 365 NCE Add on,USCFQ7TTC0HVZW001F,,https://manystacks.s3.eu-west-3.amazonaws.com/Produits/Images/Microsoft_365_logo.webp,microsoft,Microsoft365NCEaddon-isvfrnce,Monthly822197,,Annuel,,,,
Microsoft 365 NCE Add on,USCFQ7TTC0HVZW001J,,https://manystacks.s3.eu-west-3.amazonaws.com/Produits/Images/Microsoft_365_logo.webp,microsoft,Microsoft365NCEaddon-isvfrnce,Monthly822198,,Mensuel,,,,
Microsoft 365 NCE Add on,USCFQ7TTC0HVZW001J,,https://manystacks.s3.eu-west-3.amazonaws.com/Produits/Images/Microsoft_365_logo.webp,microsoft,Microsoft365NCEaddon-isvfrnce,Monthly822199,,Mensuel,,,,
Microsoft 365 NCE Add on,USCFQ7TTC0HVZW001J,,https://manystacks.s3.eu-west-3.amazonaws.com/Produits/Images/Microsoft_365_logo.webp,microsoft,Microsoft365NCEaddon-isvfrnce,Monthly822200,,Annuel,,,,
Microsoft 365 NCE Add on,USCFQ7TTC0HVZW001K,,https://manystacks.s3.eu-west-3.amazonaws.com/Produits/Images/Microsoft_365_logo.webp,microsoft,Microsoft365NCEaddon-isvfrnce,Monthly822204,,Mensuel,,,,
Microsoft 365 NCE Add on,USCFQ7TTC0HVZW001K,,https://manystacks.s3.eu-west-3.amazonaws.com/Produits/Images/Microsoft_365_logo.webp,microsoft,Microsoft365NCEaddon-isvfrnce,Monthly822205,,Mensuel,,,,
Microsoft 365 NCE Add on,USCFQ7TTC0HVZW001K,,https://manystacks.s3.eu-west-3.amazonaws.com/Produits/Images/Microsoft_365_logo.webp,microsoft,Microsoft365NCEaddon-isvfrnce,Monthly822206,,Annuel,,,,
Microsoft 365 NCE Add on,USCFQ7TTC0RN0H0002,,https://manystacks.s3.eu-west-3.amazonaws.com/Produits/Images/Microsoft_365_logo.webp,microsoft,Microsoft365NCEaddon-isvfrnce,monthly511000,,Mensuel,,,,
Microsoft 365 NCE Add on,USCFQ7TTC0RN0H0002,,https://manystacks.s3.eu-west-3.amazonaws.com/Produits/Images/Microsoft_365_logo.webp,microsoft,Microsoft365NCEaddon-isvfrnce,monthly511001,,Annuel,,,,
Microsoft 365 NCE Add on,USCFQ7TTC0RN0H0002,,https://manystacks.s3.eu-west-3.amazonaws.com/Produits/Images/Microsoft_365_logo.webp,microsoft,Microsoft365NCEaddon-isvfrnce,monthly511002,,Annuel,,,,
Microsoft 365 NCE Add on,USCFQ7TTC0RN0D0002,,https://manystacks.s3.eu-west-3.amazonaws.com/Produits/Images/Microsoft_365_logo.webp,microsoft,Microsoft365NCEaddon-isvfrnce,monthly511003,,Mensuel,,,,
Microsoft 365 NCE Add on,USCFQ7TTC0RN0D0002,,https://manystacks.s3.eu-west-3.amazonaws.com/Produits/Images/Microsoft_365_logo.webp,microsoft,Microsoft365NCEaddon-isvfrnce,monthly511004,,Annuel,,,,
Microsoft 365 NCE Add on,USCFQ7TTC0RN0D0002,,https://manystacks.s3.eu-west-3.amazonaws.com/Produits/Images/Microsoft_365_logo.webp,microsoft,Microsoft365NCEaddon-isvfrnce,monthly511005,,Annuel,,,,
Microsoft 365 NCE Add on,USCFQ7TTC0LHXT000S,,https://manystacks.s3.eu-west-3.amazonaws.com/Produits/Images/Microsoft_365_logo.webp,microsoft,Microsoft365NCEaddon-isvfrnce,monthly511006,,Mensuel,,,,
Microsoft 365 NCE Add on,USCFQ7TTC0LHXT000S,,https://manystacks.s3.eu-west-3.amazonaws.com/Produits/Images/Microsoft_365_logo.webp,microsoft,Microsoft365NCEaddon-isvfrnce,monthly511007,,Annuel,,,,
Microsoft 365 NCE Add on,USCFQ7TTC0LHXT000S,,https://manystacks.s3.eu-west-3.amazonaws.com/Produits/Images/Microsoft_365_logo.webp,microsoft,Microsoft365NCEaddon-isvfrnce,monthly511008,,Annuel,,,,
Microsoft 365 NCE Add on,USCFQ7TTC0RN0C0002,,https://manystacks.s3.eu-west-3.amazonaws.com/Produits/Images/Microsoft_365_logo.webp,microsoft,Microsoft365NCEaddon-isvfrnce,monthly511009,,Mensuel,,,,
Microsoft 365 NCE Add on,USCFQ7TTC0RN0C0002,,https://manystacks.s3.eu-west-3.amazonaws.com/Produits/Images/Microsoft_365_logo.webp,microsoft,Microsoft365NCEaddon-isvfrnce,monthly511010,,Annuel,,,,
Microsoft 365 NCE Add on,USCFQ7TTC0RN0C0002,,https://manystacks.s3.eu-west-3.amazonaws.com/Produits/Images/Microsoft_365_logo.webp,microsoft,Microsoft365NCEaddon-isvfrnce,monthly511011,,Annuel,,,,
Microsoft 365 NCE Add on,USCFQ7TTC0MBMD0023,,https://manystacks.s3.eu-west-3.amazonaws.com/Produits/Images/Microsoft_365_logo.webp,microsoft,Microsoft365NCEaddon-isvfrnce,monthly511012,,Mensuel,,,,
Microsoft 365 NCE Add on,USCFQ7TTC0MBMD0023,,https://manystacks.s3.eu-west-3.amazonaws.com/Produits/Images/Microsoft_365_logo.webp,microsoft,Microsoft365NCEaddon-isvfrnce,monthly511013,,Annuel,,,,
Microsoft 365 NCE Add on,USCFQ7TTC0MBMD0023,,https://manystacks.s3.eu-west-3.amazonaws.com/Produits/Images/Microsoft_365_logo.webp,microsoft,Microsoft365NCEaddon-isvfrnce,monthly511014,,Annuel,,,,
Microsoft 365 NCE Add on,USCFQ7TTC0HVZW001L,,https://manystacks.s3.eu-west-3.amazonaws.com/Produits/Images/Microsoft_365_logo.webp,microsoft,Microsoft365NCEaddon-isvfrnce,monthly511050,,Mensuel,,,,
Microsoft 365 NCE Add on,USCFQ7TTC0HVZW001L,,https://manystacks.s3.eu-west-3.amazonaws.com/Produits/Images/Microsoft_365_logo.webp,microsoft,Microsoft365NCEaddon-isvfrnce,monthly511051,,Annuel,,,,
Microsoft 365 NCE Add on,USCFQ7TTC0HVZW001L,,https://manystacks.s3.eu-west-3.amazonaws.com/Produits/Images/Microsoft_365_logo.webp,microsoft,Microsoft365NCEaddon-isvfrnce,monthly511052,,Annuel,,,,
Microsoft 365 NCE Add on,USCFQ7TTC0HVZW001N,,https://manystacks.s3.eu-west-3.amazonaws.com/Produits/Images/Microsoft_365_logo.webp,microsoft,Microsoft365NCEaddon-isvfrnce,monthly511068,,Mensuel,,,,
Microsoft 365 NCE Add on,USCFQ7TTC0HVZW001N,,https://manystacks.s3.eu-west-3.amazonaws.com/Produits/Images/Microsoft_365_logo.webp,microsoft,Microsoft365NCEaddon-isvfrnce,monthly511069,,Annuel,,,,
Microsoft 365 NCE Add on,USCFQ7TTC0HVZW001N,,https://manystacks.s3.eu-west-3.amazonaws.com/Produits/Images/Microsoft_365_logo.webp,microsoft,Microsoft365NCEaddon-isvfrnce,monthly511070,,Annuel,,,,
Microsoft 365 NCE Add on,USCFQ7TTC0HVZW001M,,https://manystacks.s3.eu-west-3.amazonaws.com/Produits/Images/Microsoft_365_logo.webp,microsoft,Microsoft365NCEaddon-isvfrnce,monthly511078,,Mensuel,,,,
Microsoft 365 NCE Add on,USCFQ7TTC0HVZW001M,,https://manystacks.s3.eu-west-3.amazonaws.com/Produits/Images/Microsoft_365_logo.webp,microsoft,Microsoft365NCEaddon-isvfrnce,monthly511079,,Annuel,,,,
Microsoft 365 NCE Add on,USCFQ7TTC0HVZW001M,,https://manystacks.s3.eu-west-3.amazonaws.com/Produits/Images/Microsoft_365_logo.webp,microsoft,Microsoft365NCEaddon-isvfrnce,monthly511080,,Annuel,,,,
Microsoft 365 NCE Add on,USCFQ7TTC0HL73000X,,https://manystacks.s3.eu-west-3.amazonaws.com/Produits/Images/Microsoft_365_logo.webp,microsoft,Microsoft365NCEaddon-isvfrnce,monthly424,,Mensuel,,,,
Microsoft 365 NCE Add on,USCFQ7TTC0HL73000T,,https://manystacks.s3.eu-west-3.amazonaws.com/Produits/Images/Microsoft_365_logo.webp,microsoft,Microsoft365NCEaddon-isvfrnce,monthly423,,Mensuel,,,,
Microsoft 365 NCE Add on,USCFQ7TTC0HL730011,,https://manystacks.s3.eu-west-3.amazonaws.com/Produits/Images/Microsoft_365_logo.webp,microsoft,Microsoft365NCEaddon-isvfrnce,monthly427,,Mensuel,,,,
Microsoft 365 NCE Add on,USCFQ7TTC0HL730010,,https://manystacks.s3.eu-west-3.amazonaws.com/Produits/Images/Microsoft_365_logo.webp,microsoft,Microsoft365NCEaddon-isvfrnce,monthly425,,Mensuel,,,,
Microsoft 365 NCE Add on,USCFQ7TTC0HL73000V,,https://manystacks.s3.eu-west-3.amazonaws.com/Produits/Images/Microsoft_365_logo.webp,microsoft,Microsoft365NCEaddon-isvfrnce,monthly441,,Mensuel,,,,
Microsoft 365 NCE Add on,USCFQ7TTC0HL73000V,,https://manystacks.s3.eu-west-3.amazonaws.com/Produits/Images/Microsoft_365_logo.webp,microsoft,Microsoft365NCEaddon-isvfrnce,monthly437,,Mensuel,,,,
Microsoft 365 NCE Add on,USCFQ7TTC0HL73000V,,https://manystacks.s3.eu-west-3.amazonaws.com/Produits/Images/Microsoft_365_logo.webp,microsoft,Microsoft365NCEaddon-isvfrnce,monthly439,,Annuel,,,,
Microsoft 365 NCE Add on,USCFQ7TTC0HL73000W,,https://manystacks.s3.eu-west-3.amazonaws.com/Produits/Images/Microsoft_365_logo.webp,microsoft,Microsoft365NCEaddon-isvfrnce,monthly443,,Mensuel,,,,
Microsoft 365 NCE Add on,USCFQ7TTC0HL73000Z,,https://manystacks.s3.eu-west-3.amazonaws.com/Produits/Images/Microsoft_365_logo.webp,microsoft,Microsoft365NCEaddon-isvfrnce,monthly449,,Mensuel,,,,
Microsoft 365 NCE Add on,USCFQ7TTC0HL73000Z,,https://manystacks.s3.eu-west-3.amazonaws.com/Produits/Images/Microsoft_365_logo.webp,microsoft,Microsoft365NCEaddon-isvfrnce,monthly445,,Mensuel,,,,
Microsoft 365 NCE Add on,USCFQ7TTC0HL73000Z,,https://manystacks.s3.eu-west-3.amazonaws.com/Produits/Images/Microsoft_365_logo.webp,microsoft,Microsoft365NCEaddon-isvfrnce,monthly447,,Annuel,,,,
Microsoft 365 NCE Add on,USCFQ7TTC0HL73000S,,https://manystacks.s3.eu-west-3.amazonaws.com/Produits/Images/Microsoft_365_logo.webp,microsoft,Microsoft365NCEaddon-isvfrnce,monthly435,,Mensuel,,,,
Microsoft 365 NCE Add on,USCFQ7TTC0HVZW001H,,https://manystacks.s3.eu-west-3.amazonaws.com/Produits/Images/Microsoft_365_logo.webp,microsoft,Microsoft365NCEaddon-isvfrnce,monthly497,,Annuel,,,,
Microsoft 365 NCE Add on,USCFQ7TTC0HVZW001H,,https://manystacks.s3.eu-west-3.amazonaws.com/Produits/Images/Microsoft_365_logo.webp,microsoft,Microsoft365NCEaddon-isvfrnce,monthly495,,Mensuel,,,,
Microsoft 365 NCE Add on,USCFQ7TTC0HVZW001H,,https://manystacks.s3.eu-west-3.amazonaws.com/Produits/Images/Microsoft_365_logo.webp,microsoft,Microsoft365NCEaddon-isvfrnce,monthly496,,Annuel,,,,
Microsoft 365 NCE Add on,USCFQ7TTC0NSX10003,,https://manystacks.s3.eu-west-3.amazonaws.com/Produits/Images/Microsoft_365_logo.webp,microsoft,Microsoft365NCEaddon-isvfrnce,monthly368,,Annuel,,,,
Microsoft 365 NCE Add on,USCFQ7TTC0NSX10003,,https://manystacks.s3.eu-west-3.amazonaws.com/Produits/Images/Microsoft_365_logo.webp,microsoft,Microsoft365NCEaddon-isvfrnce,Microsoft-Copilot-for-Service-n0,,Mensuel,,,,
Microsoft 365 NCE Add on,USCFQ7TTC0GZ1D000M,,https://manystacks.s3.eu-west-3.amazonaws.com/Produits/Images/Microsoft_365_logo.webp,microsoft,Microsoft365NCEaddon-isvfrnce,monthly352,,Annuel,,,,
Microsoft 365 NCE Add on,USCFQ7TTC0GZ1D000M,,https://manystacks.s3.eu-west-3.amazonaws.com/Produits/Images/Microsoft_365_logo.webp,microsoft,Microsoft365NCEaddon-isvfrnce,monthly350,,Mensuel,,,,
Microsoft 365 NCE Add on,USCFQ7TTC0GZ1D000M,,https://manystacks.s3.eu-west-3.amazonaws.com/Produits/Images/Microsoft_365_logo.webp,microsoft,Microsoft365NCEaddon-isvfrnce,monthly351,,Annuel,,,,
Microsoft 365 NCE Add on,USCFQ7TTC0GZ1D000N,,https://manystacks.s3.eu-west-3.amazonaws.com/Produits/Images/Microsoft_365_logo.webp,microsoft,Microsoft365NCEaddon-isvfrnce,monthly355,,Annuel,,,,
Microsoft 365 NCE Add on,USCFQ7TTC0GZ1D000N,,https://manystacks.s3.eu-west-3.amazonaws.com/Produits/Images/Microsoft_365_logo.webp,microsoft,Microsoft365NCEaddon-isvfrnce,monthly353,,Mensuel,,,,
Microsoft 365 NCE Add on,USCFQ7TTC0GZ1D000N,,https://manystacks.s3.eu-west-3.amazonaws.com/Produits/Images/Microsoft_365_logo.webp,microsoft,Microsoft365NCEaddon-isvfrnce,monthly354,,Annuel,,,,
Microsoft 365 NCE Add on,USCFQ7TTC0N1T10006,,https://manystacks.s3.eu-west-3.amazonaws.com/Produits/Images/Microsoft_365_logo.webp,microsoft,Microsoft365NCEaddon-isvfrnce,monthly349,,Annuel,,,,
Microsoft 365 NCE Add on,USCFQ7TTC0N1T10006,,https://manystacks.s3.eu-west-3.amazonaws.com/Produits/Images/Microsoft_365_logo.webp,microsoft,Microsoft365NCEaddon-isvfrnce,monthly347,,Mensuel,,,,
Microsoft 365 NCE Add on,USCFQ7TTC0N1T10006,,https://manystacks.s3.eu-west-3.amazonaws.com/Produits/Images/Microsoft_365_logo.webp,microsoft,Microsoft365NCEaddon-isvfrnce,monthly348,,Annuel,,,,
Microsoft 365 NCE Add on,USCFQ7TTC0NSWW0003,,https://manystacks.s3.eu-west-3.amazonaws.com/Produits/Images/Microsoft_365_logo.webp,microsoft,Microsoft365NCEaddon-isvfrnce,monthly366,,Annuel,,,,
Microsoft 365 NCE Add on,USCFQ7TTC0NSWW0003,,https://manystacks.s3.eu-west-3.amazonaws.com/Produits/Images/Microsoft_365_logo.webp,microsoft,Microsoft365NCEaddon-isvfrnce,Microsoft-Copilot-for-Sales-E-n0,,Mensuel,,,,
Microsoft 365 NCE Add on,USCFQ7TTC0NSX10004,,https://manystacks.s3.eu-west-3.amazonaws.com/Produits/Images/Microsoft_365_logo.webp,microsoft,Microsoft365NCEaddon-isvfrnce,monthly369,,Annuel,,,,
Microsoft 365 NCE Add on,USCFQ7TTC0NSX10004,,https://manystacks.s3.eu-west-3.amazonaws.com/Produits/Images/Microsoft_365_logo.webp,microsoft,Microsoft365NCEaddon-isvfrnce,Microsoft-Copilot-for-Service-ED,,Mensuel,,,,
Microsoft 365 NCE Add on,USCFQ7TTC0NSWW0004,,https://manystacks.s3.eu-west-3.amazonaws.com/Produits/Images/Microsoft_365_logo.webp,microsoft,Microsoft365NCEaddon-isvfrnce,monthly367,,Annuel,,,,
Microsoft 365 NCE Add on,USCFQ7TTC0NSWW0004,,https://manystacks.s3.eu-west-3.amazonaws.com/Produits/Images/Microsoft_365_logo.webp,microsoft,Microsoft365NCEaddon-isvfrnce,Microsoft-Copilot-for-Sales-EDU-,,Mensuel,,,,
Microsoft 365 NCE Add on,USCFQ7TTC0MBMD0021,,https://manystacks.s3.eu-west-3.amazonaws.com/Produits/Images/Microsoft_365_logo.webp,microsoft,Microsoft365NCEaddon-isvfrnce,monthly2162,,Mensuel,,,,
Microsoft 365 NCE Add on,USCFQ7TTC0MBMD0021,,https://manystacks.s3.eu-west-3.amazonaws.com/Produits/Images/Microsoft_365_logo.webp,microsoft,Microsoft365NCEaddon-isvfrnce,monthly2160,,Annuel,,,,
Microsoft 365 NCE Add on,USCFQ7TTC0MBMD0021,,https://manystacks.s3.eu-west-3.amazonaws.com/Produits/Images/Microsoft_365_logo.webp,microsoft,Microsoft365NCEaddon-isvfrnce,monthly2161,,Annuel,,,,
Microsoft 365 NCE Add on,USCFQ7TTC0MBMD0022,,https://manystacks.s3.eu-west-3.amazonaws.com/Produits/Images/Microsoft_365_logo.webp,microsoft,Microsoft365NCEaddon-isvfrnce,monthly2165,,Mensuel,,,,
Microsoft 365 NCE Add on,USCFQ7TTC0MBMD0022,,https://manystacks.s3.eu-west-3.amazonaws.com/Produits/Images/Microsoft_365_logo.webp,microsoft,Microsoft365NCEaddon-isvfrnce,monthly2163,,Annuel,,,,
Microsoft 365 NCE Add on,USCFQ7TTC0MBMD0022,,https://manystacks.s3.eu-west-3.amazonaws.com/Produits/Images/Microsoft_365_logo.webp,microsoft,Microsoft365NCEaddon-isvfrnce,monthly2164,,Annuel,,,,
Microsoft 365 NCE Add on,USCFQ7TTC0J1K10003,,https://manystacks.s3.eu-west-3.amazonaws.com/Produits/Images/Microsoft_365_logo.webp,microsoft,Microsoft365NCEaddon-isvfrnce,monthly3751,,Mensuel,,,,
Microsoft 365 NCE Add on,USCFQ7TTC0J1K10003,,https://manystacks.s3.eu-west-3.amazonaws.com/Produits/Images/Microsoft_365_logo.webp,microsoft,Microsoft365NCEaddon-isvfrnce,monthly3749,,Annuel,,,,
Microsoft 365 NCE Add on,USCFQ7TTC0J1K10003,,https://manystacks.s3.eu-west-3.amazonaws.com/Produits/Images/Microsoft_365_logo.webp,microsoft,Microsoft365NCEaddon-isvfrnce,monthly3750,,Annuel,,,,
Microsoft 365 NCE Add on,USCFQ7TTC0MM8R000M,,https://manystacks.s3.eu-west-3.amazonaws.com/Produits/Images/Microsoft_365_logo.webp,microsoft,Microsoft365NCEaddon-isvfrnce,monthly365,,Annuel,,,,
Microsoft 365 NCE Add on,USCFQ7TTC0MM8R000M,,https://manystacks.s3.eu-west-3.amazonaws.com/Produits/Images/Microsoft_365_logo.webp,microsoft,Microsoft365NCEaddon-isvfrnce,Copilot-for-M365-EDU-Student,,Mensuel,,,,
Microsoft 365 NCE Add on,USCFQ7TTC0HVZW001P,,https://manystacks.s3.eu-west-3.amazonaws.com/Produits/Images/Microsoft_365_logo.webp,microsoft,Microsoft365NCEaddon-isvfrnce,monthly3315,,Mensuel,,,,
Microsoft 365 NCE Add on,USCFQ7TTC0HVZW001P,,https://manystacks.s3.eu-west-3.amazonaws.com/Produits/Images/Microsoft_365_logo.webp,microsoft,Microsoft365NCEaddon-isvfrnce,monthly3313,,Annuel,,,,
Microsoft 365 NCE Add on,USCFQ7TTC0HVZW001P,,https://manystacks.s3.eu-west-3.amazonaws.com/Produits/Images/Microsoft_365_logo.webp,microsoft,Microsoft365NCEaddon-isvfrnce,monthly3314,,Annuel,,,,
Microsoft 365 NCE Add on,USCFQ7TTC0LHR4000S,,https://manystacks.s3.eu-west-3.amazonaws.com/Produits/Images/Microsoft_365_logo.webp,microsoft,Microsoft365NCEaddon-isvfrnce,monthly2082,,Mensuel,,,,
Microsoft 365 NCE Add on,USCFQ7TTC0LHR4000S,,https://manystacks.s3.eu-west-3.amazonaws.com/Produits/Images/Microsoft_365_logo.webp,microsoft,Microsoft365NCEaddon-isvfrnce,monthly2080,,Mensuel,,,,
Microsoft 365 NCE Add on,USCFQ7TTC0LHR4000S,,https://manystacks.s3.eu-west-3.amazonaws.com/Produits/Images/Microsoft_365_logo.webp,microsoft,Microsoft365NCEaddon-isvfrnce,monthly2081,,Annuel,,,,
Microsoft 365 NCE Add on,USCFQ7TTC0SWNG0001,,https://manystacks.s3.eu-west-3.amazonaws.com/Produits/Images/Microsoft_365_logo.webp,microsoft,Microsoft365NCEaddon-isvfrnce,monthly195,,Mensuel,,,,
Microsoft 365 NCE Add on,USCFQ7TTC0SWNG0001,,https://manystacks.s3.eu-west-3.amazonaws.com/Produits/Images/Microsoft_365_logo.webp,microsoft,Microsoft365NCEaddon-isvfrnce,monthly197,,Mensuel,,,,
Microsoft 365 NCE Add on,USCFQ7TTC0SWNG0001,,https://manystacks.s3.eu-west-3.amazonaws.com/Produits/Images/Microsoft_365_logo.webp,microsoft,Microsoft365NCEaddon-isvfrnce,monthly196,,Annuel,,,,
Microsoft 365 NCE Add on,M365-A5-Compliance---STU-use-Ben,,https://manystacks.s3.eu-west-3.amazonaws.com/Produits/Images/Microsoft_365_logo.webp,microsoft,Microsoft365NCEaddon-isvfrnce,M365-A5-Compliance---STU-use--n0,,Mensuel,,,,
Microsoft 365 NCE Add on,M365-A5-Compliance---STU-use-Ben,,https://manystacks.s3.eu-west-3.amazonaws.com/Produits/Images/Microsoft_365_logo.webp,microsoft,Microsoft365NCEaddon-isvfrnce,M365-A5-Compliance---STU-use--n1,,Mensuel,,,,
Microsoft 365 NCE Add on,M365-A5-Compliance---STU-use-Ben,,https://manystacks.s3.eu-west-3.amazonaws.com/Produits/Images/Microsoft_365_logo.webp,microsoft,Microsoft365NCEaddon-isvfrnce,M365-A5-Compliance---STU-use--n2,,Annuel,,,,
Microsoft 365 NCE Add on,USCFQ7TTC0MM8R000T,,https://manystacks.s3.eu-west-3.amazonaws.com/Produits/Images/Microsoft_365_logo.webp,microsoft,Microsoft365NCEaddon-isvfrnce,TTC0MM8R000TOne-yeartermduration,,Annuel,,,,
Microsoft 365 NCE Add on,USCFQ7TTC0MM8R000T,,https://manystacks.s3.eu-west-3.amazonaws.com/Produits/Images/Microsoft_365_logo.webp,microsoft,Microsoft365NCEaddon-isvfrnce,M365-Copilot-CHAR-n1,,Mensuel,,,,
Microsoft 365 NCE Add on,USCFQ7TTC0J1HV0006,,https://manystacks.s3.eu-west-3.amazonaws.com/Produits/Images/Microsoft_365_logo.webp,microsoft,Microsoft365NCEaddon-isvfrnce,TTC0J1HV0006One-yeartermduration,,Annuel,,,,
Microsoft 365 NCE Add on,USCFQ7TTC0J1HV0006,,https://manystacks.s3.eu-west-3.amazonaws.com/Produits/Images/Microsoft_365_logo.webp,microsoft,Microsoft365NCEaddon-isvfrnce,ommitmentformonthlyyearlybilling,,Mensuel,,,,
Microsoft 365 NCE Add on,USCFQ7TTC0J1HV0006,,https://manystacks.s3.eu-west-3.amazonaws.com/Produits/Images/Microsoft_365_logo.webp,microsoft,Microsoft365NCEaddon-isvfrnce,Monthcommitmentformonthlybilling,,Mensuel,,,,
Microsoft 365 NCE Add on,Microsoft-Sustainability-Mana-n7,,https://manystacks.s3.eu-west-3.amazonaws.com/Produits/Images/Microsoft_365_logo.webp,microsoft,Microsoft365NCEaddon-isvfrnce,Microsoft-Sustainability-Mana-n8,,Annuel,,,,
Microsoft 365 NCE Add on,Microsoft-Sustainability-Mana-n7,,https://manystacks.s3.eu-west-3.amazonaws.com/Produits/Images/Microsoft_365_logo.webp,microsoft,Microsoft365NCEaddon-isvfrnce,Microsoft-Sustainability-Mana-n9,,Mensuel,,,,
Microsoft 365 NCE Add on,Microsoft-Sustainability-Mana-n7,,https://manystacks.s3.eu-west-3.amazonaws.com/Produits/Images/Microsoft_365_logo.webp,microsoft,Microsoft365NCEaddon-isvfrnce,Microsoft-Sustainability-Man-n10,,Mensuel,,,,
Microsoft 365 NCE Add on,Microsoft-Sustainability-Man-n14,,https://manystacks.s3.eu-west-3.amazonaws.com/Produits/Images/Microsoft_365_logo.webp,microsoft,Microsoft365NCEaddon-isvfrnce,Microsoft-Sustainability-Man-n15,,Mensuel,,,,
Microsoft 365 NCE Add on,Microsoft-Sustainability-Man-n16,,https://manystacks.s3.eu-west-3.amazonaws.com/Produits/Images/Microsoft_365_logo.webp,microsoft,Microsoft365NCEaddon-isvfrnce,Microsoft-Sustainability-Man-n17,,Mensuel,,,,
Microsoft 365 NCE Add on,Microsoft-Sustainability-Man-n16,,https://manystacks.s3.eu-west-3.amazonaws.com/Produits/Images/Microsoft_365_logo.webp,microsoft,Microsoft365NCEaddon-isvfrnce,Microsoft-Sustainability-Man-n18,,Mensuel,,,,
Microsoft 365 NCE Add on,Microsoft-Sustainability-Man-n16,,https://manystacks.s3.eu-west-3.amazonaws.com/Produits/Images/Microsoft_365_logo.webp,microsoft,Microsoft365NCEaddon-isvfrnce,Microsoft-Sustainability-Man-n19,,Annuel,,,,
Microsoft 365 NCE Add on,Microsoft-Sustainability-Man-n23,,https://manystacks.s3.eu-west-3.amazonaws.com/Produits/Images/Microsoft_365_logo.webp,microsoft,Microsoft365NCEaddon-isvfrnce,Microsoft-Sustainability-Man-n24,,Mensuel,,,,
Microsoft 365 NCE Add on,M365-Copilot-for-Sales-CHAR,,https://manystacks.s3.eu-west-3.amazonaws.com/Produits/Images/Microsoft_365_logo.webp,microsoft,Microsoft365NCEaddon-isvfrnce,M365-Copilot-for-Sales-CHAR-n0,,Annuel,,,,
Microsoft 365 NCE Add on,M365-Copilot-for-Sales-CHAR,,https://manystacks.s3.eu-west-3.amazonaws.com/Produits/Images/Microsoft_365_logo.webp,microsoft,Microsoft365NCEaddon-isvfrnce,M365-Copilot-for-Sales-CHAR-n1,,Mensuel,,,,
Microsoft 365 NCE Add on,M365-Copilot-for-Service-CHAR,,https://manystacks.s3.eu-west-3.amazonaws.com/Produits/Images/Microsoft_365_logo.webp,microsoft,Microsoft365NCEaddon-isvfrnce,M365-Copilot-for-Service-CHAR-n0,,Annuel,,,,
Microsoft 365 NCE Add on,M365-Copilot-for-Service-CHAR,,https://manystacks.s3.eu-west-3.amazonaws.com/Produits/Images/Microsoft_365_logo.webp,microsoft,Microsoft365NCEaddon-isvfrnce,M365-Copilot-for-Service-CHAR-n1,,Mensuel,,,,